-- The C compiler identification is GNU 13.3.0
-- The CXX compiler identification is GNU 13.3.0
-- Detecting C compiler ABI info
-- Detecting C compiler ABI info - done
-- Check for working C compiler: /usr/bin/cc - skipped
-- Detecting C compile features
-- Detecting C compile features - done
-- Detecting CXX compiler ABI info
-- Detecting CXX compiler ABI info - done
-- Check for working CXX compiler: /usr/bin/c++ - skipped
-- Detecting CXX compile features
-- Detecting CXX compile features - done
-- Found PkgConfig: /usr/bin/pkg-config (found version "1.8.1")
-- Checking for module 'alsa'
--   Found alsa, version 1.2.11
-- Checking for modules 'freetype2;fontconfig'
--   Found freetype2, version 26.1.20
--   Found fontconfig, version 2.15.0
-- Checking for module 'gl'
--   Found gl, version 1.2
-- Checking for module 'libcurl'
--   Found libcurl, version 8.5.0
-- Checking for modules 'webkit2gtk-4.0;gtk+-x11-3.0'
--   Package 'webkit2gtk-4.0', required by 'virtual:world', not found
--   Package 'gtk+-x11-3.0', required by 'virtual:world', not found
-- Configuring juceaide
-- Building juceaide
-- Exporting juceaide
-- Testing juceaide
-- Finished setting up juceaide
-- Building CLAP with CLAP_CXX_STANDARD=17
-- CLAP version: 1.2.0
CMake Warning (policy) at /workspace/scratch/286141ad5a40/repo-checkout/libs/clap-juce-extensions/clap-libs/clap-helpers/CMakeLists.txt:90 (install):
  Policy CMP0177 is not set: install() DESTINATION paths are normalized.  Run
  "cmake --help-policy CMP0177" for policy details.  Use the cmake_policy
  command to set the policy and suppress this warning.
This warning is for project developers.  Use -Wno-author or -Wno-policy to
suppress it.

-- Using FAUST_CMD=/workspace/scratch/286141ad5a40/recovery-deps/faust-local/bin/faust
-- Creating CLAP GTS_CLAP from GTS
-- Setting Misbehaviour handler level to 'Ignore'
-- Setting Checking handler level to 'Minimal'
-- Setting event resolution to 0 samples (no sample-accurate automation)
-- Setting "Always split block" to OFF
-- Setting "Use JUCE parameter ranges" to OFF
-- Configuring done (75.8s)
-- Generating done (0.0s)
-- Build files have been written to: /workspace/scratch/286141ad5a40/repo-checkout/build/linux/GTS
[0/2] Re-checking globbed directories...
[1/36] Building CXX object CMakeFiles/GTS_vst3_helper.dir/workspace/scratch/286141ad5a40/repo-checkout/libs/JUCE/modules/juce_audio_plugin_client/VST3/juce_VST3ManifestHelper.cpp.o
[2/36] Faust: generating /workspace/scratch/286141ad5a40/repo-checkout/build/linux/GTS/FaustDSP.h
[3/36] Building CXX object clap_juce_extensions/CMakeFiles/clap_juce_extensions.dir/src/extensions/clap-juce-extensions.cpp.o
[4/36] Linking CXX executable GTS_vst3_helper
[5/36] Building CXX object CMakeFiles/GTS.dir/workspace/scratch/286141ad5a40/repo-checkout/src/FaustJuceProcessor.cpp.o
In file included from /workspace/scratch/286141ad5a40/repo-checkout/src/FaustJuceProcessor.cpp:6:
/workspace/scratch/286141ad5a40/repo-checkout/build/linux/GTS/FaustDSP.h: In static member function ‘static void mydsp::classInit(int)’:
/workspace/scratch/286141ad5a40/repo-checkout/build/linux/GTS/FaustDSP.h:101:35: warning: unused parameter ‘sample_rate’ [-Wunused-parameter]
  101 |         static void classInit(int sample_rate) {
      |                               ~~~~^~~~~~~~~~~
In file included from /workspace/scratch/286141ad5a40/repo-checkout/src/FaustJuceProcessor.cpp:7:
/workspace/scratch/286141ad5a40/repo-checkout/src/PluginMarkdownHelp.h: In function ‘juce::Font za::pluginui::pickSansFont(float)’:
/workspace/scratch/286141ad5a40/repo-checkout/src/PluginMarkdownHelp.h:52:30: warning: ‘juce::Font::Font(float, int)’ is deprecated: Use the constructor that takes a FontOptions argument [-Wdeprecated-declarations]
   52 |     return juce::Font (height);
      |                              ^
In file included from /workspace/scratch/286141ad5a40/repo-checkout/libs/JUCE/modules/juce_graphics/juce_graphics.h:141,
                 from /workspace/scratch/286141ad5a40/repo-checkout/libs/JUCE/modules/juce_gui_basics/juce_gui_basics.h:68,
                 from /workspace/scratch/286141ad5a40/repo-checkout/libs/JUCE/modules/juce_gui_extra/juce_gui_extra.h:68,
                 from /workspace/scratch/286141ad5a40/repo-checkout/libs/JUCE/modules/juce_audio_processors/juce_audio_processors.h:65,
                 from /workspace/scratch/286141ad5a40/repo-checkout/src/FaustJuceProcessor.cpp:2:
/workspace/scratch/286141ad5a40/repo-checkout/libs/JUCE/modules/juce_graphics/fonts/juce_Font.h:77:5: note: declared here
   77 |     Font (float fontHeight, int styleFlags = plain);
      |     ^~~~
/workspace/scratch/286141ad5a40/repo-checkout/src/PluginMarkdownHelp.h: In function ‘juce::Font za::pluginui::pickMonoFont(float)’:
/workspace/scratch/286141ad5a40/repo-checkout/src/PluginMarkdownHelp.h:58:50: warning: ‘juce::Font::Font(const juce::String&, float, int)’ is deprecated: Use the constructor that takes a FontOptions argument [-Wdeprecated-declarations]
   58 |     juce::Font f (name, height, juce::Font::plain);
      |                                                  ^
/workspace/scratch/286141ad5a40/repo-checkout/libs/JUCE/modules/juce_graphics/fonts/juce_Font.h:89:5: note: declared here
   89 |     Font (const String& typefaceName, float fontHeight, int styleFlags);
      |     ^~~~
/workspace/scratch/286141ad5a40/repo-checkout/src/PluginMarkdownHelp.h:62:49: warning: ‘juce::Font::Font(float, int)’ is deprecated: Use the constructor that takes a FontOptions argument [-Wdeprecated-declarations]
   62 |     return juce::Font (height, juce::Font::plain);
      |                                                 ^
/workspace/scratch/286141ad5a40/repo-checkout/libs/JUCE/modules/juce_graphics/fonts/juce_Font.h:77:5: note: declared here
   77 |     Font (float fontHeight, int styleFlags = plain);
      |     ^~~~
/workspace/scratch/286141ad5a40/repo-checkout/src/PluginMarkdownHelp.h: In constructor ‘za::pluginui::MarkdownDocumentComponent::LayoutItem::LayoutItem()’:
/workspace/scratch/286141ad5a40/repo-checkout/src/PluginMarkdownHelp.h:167:12: warning: ‘juce::Font::Font()’ is deprecated: Use the constructor that takes a FontOptions argument [-Wdeprecated-declarations]
  167 |     struct LayoutItem
      |            ^~~~~~~~~~
/workspace/scratch/286141ad5a40/repo-checkout/libs/JUCE/modules/juce_graphics/fonts/juce_Font.h:111:5: note: declared here
  111 |     Font();
      |     ^~~~
/workspace/scratch/286141ad5a40/repo-checkout/src/PluginMarkdownHelp.h: In member function ‘void za::pluginui::MarkdownDocumentComponent::ensureLayout(int)’:
/workspace/scratch/286141ad5a40/repo-checkout/src/PluginMarkdownHelp.h:715:32: note: synthesized method ‘za::pluginui::MarkdownDocumentComponent::LayoutItem::LayoutItem()’ first required here
  715 |                     LayoutItem item;
      |                                ^~~~
[6/36] Building CXX object CMakeFiles/GTS.dir/workspace/scratch/286141ad5a40/repo-checkout/libs/JUCE/modules/juce_audio_processors/juce_audio_processors.cpp.o
[7/36] Building CXX object CMakeFiles/GTS.dir/workspace/scratch/286141ad5a40/repo-checkout/libs/JUCE/modules/juce_gui_extra/juce_gui_extra.cpp.o
[8/36] Building CXX object CMakeFiles/GTS.dir/workspace/scratch/286141ad5a40/repo-checkout/libs/JUCE/modules/juce_gui_basics/juce_gui_basics.cpp.o
[9/36] Building CXX object CMakeFiles/GTS.dir/workspace/scratch/286141ad5a40/repo-checkout/libs/JUCE/modules/juce_graphics/juce_graphics.cpp.o
[10/36] Building CXX object CMakeFiles/GTS.dir/workspace/scratch/286141ad5a40/repo-checkout/libs/JUCE/modules/juce_graphics/juce_graphics_Harfbuzz.cpp.o
[11/36] Building C object CMakeFiles/GTS.dir/workspace/scratch/286141ad5a40/repo-checkout/libs/JUCE/modules/juce_graphics/juce_graphics_Sheenbidi.c.o
[12/36] Building CXX object CMakeFiles/GTS.dir/workspace/scratch/286141ad5a40/repo-checkout/libs/JUCE/modules/juce_events/juce_events.cpp.o
[13/36] Building CXX object CMakeFiles/GTS.dir/workspace/scratch/286141ad5a40/repo-checkout/libs/JUCE/modules/juce_core/juce_core.cpp.o
[14/36] Building CXX object CMakeFiles/GTS.dir/workspace/scratch/286141ad5a40/repo-checkout/libs/JUCE/modules/juce_core/juce_core_CompilationTime.cpp.o
[15/36] Building CXX object CMakeFiles/GTS.dir/workspace/scratch/286141ad5a40/repo-checkout/libs/JUCE/modules/juce_data_structures/juce_data_structures.cpp.o
[16/36] Building CXX object CMakeFiles/GTS.dir/workspace/scratch/286141ad5a40/repo-checkout/libs/JUCE/modules/juce_audio_processors_headless/juce_audio_processors_headless.cpp.o
[17/36] Building CXX object CMakeFiles/GTS.dir/workspace/scratch/286141ad5a40/repo-checkout/libs/JUCE/modules/juce_audio_processors_headless/juce_audio_processors_headless_ara.cpp.o
[18/36] Building CXX object CMakeFiles/GTS.dir/workspace/scratch/286141ad5a40/repo-checkout/libs/JUCE/modules/juce_audio_processors_headless/juce_audio_processors_headless_lv2_libs.cpp.o
[19/36] Building CXX object CMakeFiles/GTS.dir/workspace/scratch/286141ad5a40/repo-checkout/libs/JUCE/modules/juce_audio_basics/juce_audio_basics.cpp.o
[20/36] Building CXX object CMakeFiles/GTS.dir/workspace/scratch/286141ad5a40/repo-checkout/libs/JUCE/modules/juce_audio_utils/juce_audio_utils.cpp.o
[21/36] Building CXX object CMakeFiles/GTS.dir/workspace/scratch/286141ad5a40/repo-checkout/libs/JUCE/modules/juce_audio_formats/juce_audio_formats.cpp.o
[22/36] Building CXX object CMakeFiles/GTS.dir/workspace/scratch/286141ad5a40/repo-checkout/libs/JUCE/modules/juce_audio_devices/juce_audio_devices.cpp.o
[23/36] Linking CXX static library clap_juce_extensions/libclap_juce_extensions.a
[24/36] Linking CXX static library GTS_artefacts/Release/libGTS_SharedCode.a
[25/36] Building CXX object CMakeFiles/GTS_VST3.dir/workspace/scratch/286141ad5a40/repo-checkout/libs/JUCE/modules/juce_audio_plugin_client/juce_audio_plugin_client_AAX.cpp.o
[26/36] Building CXX object CMakeFiles/GTS_VST3.dir/workspace/scratch/286141ad5a40/repo-checkout/libs/JUCE/modules/juce_audio_plugin_client/juce_audio_plugin_client_AAX_utils.cpp.o
[27/36] Building CXX object CMakeFiles/GTS_VST3.dir/workspace/scratch/286141ad5a40/repo-checkout/libs/JUCE/modules/juce_audio_plugin_client/juce_audio_plugin_client_ARA.cpp.o
[28/36] Building CXX object CMakeFiles/GTS_VST3.dir/workspace/scratch/286141ad5a40/repo-checkout/libs/JUCE/modules/juce_audio_plugin_client/juce_audio_plugin_client_LV2.cpp.o
[29/36] Building CXX object CMakeFiles/GTS_VST3.dir/workspace/scratch/286141ad5a40/repo-checkout/libs/JUCE/modules/juce_audio_plugin_client/juce_audio_plugin_client_Standalone.cpp.o
[30/36] Building CXX object CMakeFiles/GTS_VST3.dir/workspace/scratch/286141ad5a40/repo-checkout/libs/JUCE/modules/juce_audio_plugin_client/juce_audio_plugin_client_Unity.cpp.o
[31/36] Building CXX object CMakeFiles/GTS_VST3.dir/workspace/scratch/286141ad5a40/repo-checkout/libs/JUCE/modules/juce_audio_plugin_client/juce_audio_plugin_client_VST2.cpp.o
[32/36] Building CXX object CMakeFiles/GTS_VST3.dir/workspace/scratch/286141ad5a40/repo-checkout/libs/JUCE/modules/juce_audio_plugin_client/juce_audio_plugin_client_VST3.cpp.o
[33/36] Building CXX object CMakeFiles/GTS_CLAP.dir/workspace/scratch/286141ad5a40/repo-checkout/libs/clap-juce-extensions/src/wrapper/clap-juce-wrapper.cpp.o
[34/36] Linking CXX shared module GTS_artefacts/Release/VST3/GTS.vst3/Contents/x86_64-linux/GTS.so
FAILED: [code=1] GTS_artefacts/Release/VST3/GTS.vst3/Contents/x86_64-linux/GTS.so 
: && /usr/bin/c++ -fPIC -O3 -DNDEBUG  -shared -Wl,--no-undefined -Wl,--dependency-file=CMakeFiles/GTS_VST3.dir/link.d  -o GTS_artefacts/Release/VST3/GTS.vst3/Contents/x86_64-linux/GTS.so CMakeFiles/GTS_VST3.dir/workspace/scratch/286141ad5a40/repo-checkout/libs/JUCE/modules/juce_audio_plugin_client/juce_audio_plugin_client_AAX.cpp.o CMakeFiles/GTS_VST3.dir/workspace/scratch/286141ad5a40/repo-checkout/libs/JUCE/modules/juce_audio_plugin_client/juce_audio_plugin_client_AAX_utils.cpp.o CMakeFiles/GTS_VST3.dir/workspace/scratch/286141ad5a40/repo-checkout/libs/JUCE/modules/juce_audio_plugin_client/juce_audio_plugin_client_ARA.cpp.o CMakeFiles/GTS_VST3.dir/workspace/scratch/286141ad5a40/repo-checkout/libs/JUCE/modules/juce_audio_plugin_client/juce_audio_plugin_client_LV2.cpp.o CMakeFiles/GTS_VST3.dir/workspace/scratch/286141ad5a40/repo-checkout/libs/JUCE/modules/juce_audio_plugin_client/juce_audio_plugin_client_Standalone.cpp.o CMakeFiles/GTS_VST3.dir/workspace/scratch/286141ad5a40/repo-checkout/libs/JUCE/modules/juce_audio_plugin_client/juce_audio_plugin_client_Unity.cpp.o CMakeFiles/GTS_VST3.dir/workspace/scratch/286141ad5a40/repo-checkout/libs/JUCE/modules/juce_audio_plugin_client/juce_audio_plugin_client_VST2.cpp.o CMakeFiles/GTS_VST3.dir/workspace/scratch/286141ad5a40/repo-checkout/libs/JUCE/modules/juce_audio_plugin_client/juce_audio_plugin_client_VST3.cpp.o  GTS_artefacts/Release/libGTS_SharedCode.a  /usr/lib/x86_64-linux-gnu/libasound.so  /usr/lib/x86_64-linux-gnu/libfontconfig.so  /usr/lib/x86_64-linux-gnu/libfreetype.so  -lrt  -ldl  -lpthread  clap_juce_extensions/libclap_juce_extensions.a && cd /workspace/scratch/286141ad5a40/repo-checkout/build/linux/GTS && /workspace/scratch/286141ad5a40/recovery-deps/cmake/data/bin/cmake -E echo removing\ moduleinfo.json && /workspace/scratch/286141ad5a40/recovery-deps/cmake/data/bin/cmake -E remove -f /workspace/scratch/286141ad5a40/repo-checkout/build/linux/GTS/GTS_artefacts/Release/VST3/GTS.vst3/Contents/moduleinfo.json /workspace/scratch/286141ad5a40/repo-checkout/build/linux/GTS/GTS_artefacts/Release/VST3/GTS.vst3/Contents/Resources/moduleinfo.json && cd /workspace/scratch/286141ad5a40/repo-checkout/build/linux/GTS && /workspace/scratch/286141ad5a40/recovery-deps/cmake/data/bin/cmake -E echo creating\ /workspace/scratch/286141ad5a40/repo-checkout/build/linux/GTS/GTS_artefacts/Release/VST3/GTS.vst3 && /workspace/scratch/286141ad5a40/recovery-deps/cmake/data/bin/cmake -E make_directory /workspace/scratch/286141ad5a40/repo-checkout/build/linux/GTS/GTS_artefacts/Release/VST3/GTS.vst3/Contents/Resources && /workspace/scratch/286141ad5a40/repo-checkout/build/linux/GTS/GTS_vst3_helper > /workspace/scratch/286141ad5a40/repo-checkout/build/linux/GTS/GTS_artefacts/Release/VST3/GTS.vst3/Contents/Resources/moduleinfo.json
/usr/bin/ld: CMakeFiles/GTS_VST3.dir/workspace/scratch/286141ad5a40/repo-checkout/libs/JUCE/modules/juce_audio_plugin_client/juce_audio_plugin_client_VST3.cpp.o: in function `juce::JuceVST3EditController::JuceVST3Editor::ContentWrapperComponent::resized()':
juce_audio_plugin_client_VST3.cpp:(.text._ZN4juce22JuceVST3EditController14JuceVST3Editor23ContentWrapperComponent7resizedEv[_ZN4juce22JuceVST3EditController14JuceVST3Editor23ContentWrapperComponent7resizedEv]+0x31): undefined reference to `juce::Component::getLocalBounds() const'
/usr/bin/ld: juce_audio_plugin_client_VST3.cpp:(.text._ZN4juce22JuceVST3EditController14JuceVST3Editor23ContentWrapperComponent7resizedEv[_ZN4juce22JuceVST3EditController14JuceVST3Editor23ContentWrapperComponent7resizedEv]+0x5e): undefined reference to `juce::Component::getLocalArea(juce::Component const*, juce::Rectangle<int>) const'
/usr/bin/ld: juce_audio_plugin_client_VST3.cpp:(.text._ZN4juce22JuceVST3EditController14JuceVST3Editor23ContentWrapperComponent7resizedEv[_ZN4juce22JuceVST3EditController14JuceVST3Editor23ContentWrapperComponent7resizedEv]+0x68): undefined reference to `juce::Component::setBounds(juce::Rectangle<int>)'
/usr/bin/ld: CMakeFiles/GTS_VST3.dir/workspace/scratch/286141ad5a40/repo-checkout/libs/JUCE/modules/juce_audio_plugin_client/juce_audio_plugin_client_VST3.cpp.o: in function `juce::JuceVST3EditController::JuceVST3Editor::ContentWrapperComponent::~ContentWrapperComponent()':
juce_audio_plugin_client_VST3.cpp:(.text._ZN4juce22JuceVST3EditController14JuceVST3Editor23ContentWrapperComponentD2Ev[_ZN4juce22JuceVST3EditController14JuceVST3Editor23ContentWrapperComponentD5Ev]+0x1d): undefined reference to `juce::PopupMenu::dismissAllActiveMenus()'
/usr/bin/ld: juce_audio_plugin_client_VST3.cpp:(.text._ZN4juce22JuceVST3EditController14JuceVST3Editor23ContentWrapperComponentD2Ev[_ZN4juce22JuceVST3EditController14JuceVST3Editor23ContentWrapperComponentD5Ev]+0x61): undefined reference to `juce::Component::~Component()'
/usr/bin/ld: CMakeFiles/GTS_VST3.dir/workspace/scratch/286141ad5a40/repo-checkout/libs/JUCE/modules/juce_audio_plugin_client/juce_audio_plugin_client_VST3.cpp.o: in function `juce::JuceVST3EditController::EditorContextMenu::showNativeMenu(juce::Point<int>) const':
juce_audio_plugin_client_VST3.cpp:(.text._ZNK4juce22JuceVST3EditController17EditorContextMenu14showNativeMenuENS_5PointIiEE[_ZNK4juce22JuceVST3EditController17EditorContextMenu14showNativeMenuENS_5PointIiEE]+0x15): undefined reference to `juce::Component::getApproximateScaleFactorForComponent(juce::Component const*)'
/usr/bin/ld: CMakeFiles/GTS_VST3.dir/workspace/scratch/286141ad5a40/repo-checkout/libs/JUCE/modules/juce_audio_plugin_client/juce_audio_plugin_client_VST3.cpp.o: in function `juce::detail::MessageThread::run()':
juce_audio_plugin_client_VST3.cpp:(.text._ZN4juce6detail13MessageThread3runEv[_ZN4juce6detail13MessageThread3runEv]+0xc2): undefined reference to `juce::XWindowSystem::XWindowSystem()'
/usr/bin/ld: CMakeFiles/GTS_VST3.dir/workspace/scratch/286141ad5a40/repo-checkout/libs/JUCE/modules/juce_audio_plugin_client/juce_audio_plugin_client_VST3.cpp.o: in function `juce::JuceVST3EditController::JuceVST3Editor::ContentWrapperComponent::~ContentWrapperComponent()':
juce_audio_plugin_client_VST3.cpp:(.text._ZN4juce22JuceVST3EditController14JuceVST3Editor23ContentWrapperComponentD0Ev[_ZN4juce22JuceVST3EditController14JuceVST3Editor23ContentWrapperComponentD5Ev]+0x1d): undefined reference to `juce::PopupMenu::dismissAllActiveMenus()'
/usr/bin/ld: juce_audio_plugin_client_VST3.cpp:(.text._ZN4juce22JuceVST3EditController14JuceVST3Editor23ContentWrapperComponentD0Ev[_ZN4juce22JuceVST3EditController14JuceVST3Editor23ContentWrapperComponentD5Ev]+0x60): undefined reference to `juce::Component::~Component()'
/usr/bin/ld: CMakeFiles/GTS_VST3.dir/workspace/scratch/286141ad5a40/repo-checkout/libs/JUCE/modules/juce_audio_plugin_client/juce_audio_plugin_client_VST3.cpp.o: in function `non-virtual thunk to juce::JuceVST3EditController::JuceVST3Editor::onSize(Steinberg::ViewRect*)':
juce_audio_plugin_client_VST3.cpp:(.text._ZN4juce22JuceVST3EditController14JuceVST3Editor6onSizeEPN9Steinberg8ViewRectE[_ZN4juce22JuceVST3EditController14JuceVST3Editor6onSizeEPN9Steinberg8ViewRectE]+0x2e): undefined reference to `juce::Desktop::getInstance()'
/usr/bin/ld: juce_audio_plugin_client_VST3.cpp:(.text._ZN4juce22JuceVST3EditController14JuceVST3Editor6onSizeEPN9Steinberg8ViewRectE[_ZN4juce22JuceVST3EditController14JuceVST3Editor6onSizeEPN9Steinberg8ViewRectE]+0x108): undefined reference to `juce::Component::setSize(int, int)'
/usr/bin/ld: juce_audio_plugin_client_VST3.cpp:(.text._ZN4juce22JuceVST3EditController14JuceVST3Editor6onSizeEPN9Steinberg8ViewRectE[_ZN4juce22JuceVST3EditController14JuceVST3Editor6onSizeEPN9Steinberg8ViewRectE]+0x114): undefined reference to `juce::Component::getPeer() const'
/usr/bin/ld: juce_audio_plugin_client_VST3.cpp:(.text._ZN4juce22JuceVST3EditController14JuceVST3Editor6onSizeEPN9Steinberg8ViewRectE[_ZN4juce22JuceVST3EditController14JuceVST3Editor6onSizeEPN9Steinberg8ViewRectE]+0x121): undefined reference to `juce::ComponentPeer::updateBounds()'
/usr/bin/ld: CMakeFiles/GTS_VST3.dir/workspace/scratch/286141ad5a40/repo-checkout/libs/JUCE/modules/juce_audio_plugin_client/juce_audio_plugin_client_VST3.cpp.o: in function `juce::JuceVST3EditController::JuceVST3Editor::onSize(Steinberg::ViewRect*)':
juce_audio_plugin_client_VST3.cpp:(.text._ZN4juce22JuceVST3EditController14JuceVST3Editor6onSizeEPN9Steinberg8ViewRectE[_ZN4juce22JuceVST3EditController14JuceVST3Editor6onSizeEPN9Steinberg8ViewRectE]+0x1be): undefined reference to `juce::Desktop::getInstance()'
/usr/bin/ld: juce_audio_plugin_client_VST3.cpp:(.text._ZN4juce22JuceVST3EditController14JuceVST3Editor6onSizeEPN9Steinberg8ViewRectE[_ZN4juce22JuceVST3EditController14JuceVST3Editor6onSizeEPN9Steinberg8ViewRectE]+0x298): undefined reference to `juce::Component::setSize(int, int)'
/usr/bin/ld: juce_audio_plugin_client_VST3.cpp:(.text._ZN4juce22JuceVST3EditController14JuceVST3Editor6onSizeEPN9Steinberg8ViewRectE[_ZN4juce22JuceVST3EditController14JuceVST3Editor6onSizeEPN9Steinberg8ViewRectE]+0x2a4): undefined reference to `juce::Component::getPeer() const'
/usr/bin/ld: juce_audio_plugin_client_VST3.cpp:(.text._ZN4juce22JuceVST3EditController14JuceVST3Editor6onSizeEPN9Steinberg8ViewRectE[_ZN4juce22JuceVST3EditController14JuceVST3Editor6onSizeEPN9Steinberg8ViewRectE]+0x2b1): undefined reference to `juce::ComponentPeer::updateBounds()'
/usr/bin/ld: CMakeFiles/GTS_VST3.dir/workspace/scratch/286141ad5a40/repo-checkout/libs/JUCE/modules/juce_audio_plugin_client/juce_audio_plugin_client_VST3.cpp.o: in function `non-virtual thunk to juce::JuceVST3EditController::JuceVST3Editor::getSize(Steinberg::ViewRect*)':
juce_audio_plugin_client_VST3.cpp:(.text._ZN4juce22JuceVST3EditController14JuceVST3Editor7getSizeEPN9Steinberg8ViewRectE[_ZN4juce22JuceVST3EditController14JuceVST3Editor7getSizeEPN9Steinberg8ViewRectE]+0x3a): undefined reference to `juce::Component::getLocalBounds() const'
/usr/bin/ld: juce_audio_plugin_client_VST3.cpp:(.text._ZN4juce22JuceVST3EditController14JuceVST3Editor7getSizeEPN9Steinberg8ViewRectE[_ZN4juce22JuceVST3EditController14JuceVST3Editor7getSizeEPN9Steinberg8ViewRectE]+0x50): undefined reference to `juce::Component::getLocalArea(juce::Component const*, juce::Rectangle<int>) const'
/usr/bin/ld: juce_audio_plugin_client_VST3.cpp:(.text._ZN4juce22JuceVST3EditController14JuceVST3Editor7getSizeEPN9Steinberg8ViewRectE[_ZN4juce22JuceVST3EditController14JuceVST3Editor7getSizeEPN9Steinberg8ViewRectE]+0xba): undefined reference to `juce::Desktop::getInstance()'
/usr/bin/ld: CMakeFiles/GTS_VST3.dir/workspace/scratch/286141ad5a40/repo-checkout/libs/JUCE/modules/juce_audio_plugin_client/juce_audio_plugin_client_VST3.cpp.o: in function `juce::JuceVST3EditController::JuceVST3Editor::getSize(Steinberg::ViewRect*)':
juce_audio_plugin_client_VST3.cpp:(.text._ZN4juce22JuceVST3EditController14JuceVST3Editor7getSizeEPN9Steinberg8ViewRectE[_ZN4juce22JuceVST3EditController14JuceVST3Editor7getSizeEPN9Steinberg8ViewRectE]+0x22a): undefined reference to `juce::Component::getLocalBounds() const'
/usr/bin/ld: juce_audio_plugin_client_VST3.cpp:(.text._ZN4juce22JuceVST3EditController14JuceVST3Editor7getSizeEPN9Steinberg8ViewRectE[_ZN4juce22JuceVST3EditController14JuceVST3Editor7getSizeEPN9Steinberg8ViewRectE]+0x240): undefined reference to `juce::Component::getLocalArea(juce::Component const*, juce::Rectangle<int>) const'
/usr/bin/ld: juce_audio_plugin_client_VST3.cpp:(.text._ZN4juce22JuceVST3EditController14JuceVST3Editor7getSizeEPN9Steinberg8ViewRectE[_ZN4juce22JuceVST3EditController14JuceVST3Editor7getSizeEPN9Steinberg8ViewRectE]+0x2aa): undefined reference to `juce::Desktop::getInstance()'
/usr/bin/ld: CMakeFiles/GTS_VST3.dir/workspace/scratch/286141ad5a40/repo-checkout/libs/JUCE/modules/juce_audio_plugin_client/juce_audio_plugin_client_VST3.cpp.o: in function `juce::JuceVST3EditController::JuceVST3Editor::findParameter(int, int, unsigned int&)':
juce_audio_plugin_client_VST3.cpp:(.text._ZN4juce22JuceVST3EditController14JuceVST3Editor13findParameterEiiRj[_ZN4juce22JuceVST3EditController14JuceVST3Editor13findParameterEiiRj]+0x24): undefined reference to `juce::Component::getComponentAt(int, int)'
/usr/bin/ld: CMakeFiles/GTS_VST3.dir/workspace/scratch/286141ad5a40/repo-checkout/libs/JUCE/modules/juce_audio_plugin_client/juce_audio_plugin_client_VST3.cpp.o: in function `non-virtual thunk to juce::JuceVST3EditController::JuceVST3Editor::findParameter(int, int, unsigned int&)':
juce_audio_plugin_client_VST3.cpp:(.text._ZN4juce22JuceVST3EditController14JuceVST3Editor13findParameterEiiRj[_ZN4juce22JuceVST3EditController14JuceVST3Editor13findParameterEiiRj]+0xd8): undefined reference to `juce::Component::getComponentAt(int, int)'
/usr/bin/ld: CMakeFiles/GTS_VST3.dir/workspace/scratch/286141ad5a40/repo-checkout/libs/JUCE/modules/juce_audio_plugin_client/juce_audio_plugin_client_VST3.cpp.o: in function `non-virtual thunk to juce::JuceVST3EditController::JuceVST3Editor::timerCallback()':
juce_audio_plugin_client_VST3.cpp:(.text._ZN4juce22JuceVST3EditController14JuceVST3Editor13timerCallbackEv[_ZN4juce22JuceVST3EditController14JuceVST3Editor13timerCallbackEv]+0x35): undefined reference to `juce::Component::getLocalBounds() const'
/usr/bin/ld: juce_audio_plugin_client_VST3.cpp:(.text._ZN4juce22JuceVST3EditController14JuceVST3Editor13timerCallbackEv[_ZN4juce22JuceVST3EditController14JuceVST3Editor13timerCallbackEv]+0x4a): undefined reference to `juce::Component::getLocalArea(juce::Component const*, juce::Rectangle<int>) const'
/usr/bin/ld: juce_audio_plugin_client_VST3.cpp:(.text._ZN4juce22JuceVST3EditController14JuceVST3Editor13timerCallbackEv[_ZN4juce22JuceVST3EditController14JuceVST3Editor13timerCallbackEv]+0xe0): undefined reference to `juce::Desktop::getInstance()'
/usr/bin/ld: juce_audio_plugin_client_VST3.cpp:(.text._ZN4juce22JuceVST3EditController14JuceVST3Editor13timerCallbackEv[_ZN4juce22JuceVST3EditController14JuceVST3Editor13timerCallbackEv]+0x1bc): undefined reference to `juce::Component::setSize(int, int)'
/usr/bin/ld: juce_audio_plugin_client_VST3.cpp:(.text._ZN4juce22JuceVST3EditController14JuceVST3Editor13timerCallbackEv[_ZN4juce22JuceVST3EditController14JuceVST3Editor13timerCallbackEv]+0x1c8): undefined reference to `juce::Component::getPeer() const'
/usr/bin/ld: juce_audio_plugin_client_VST3.cpp:(.text._ZN4juce22JuceVST3EditController14JuceVST3Editor13timerCallbackEv[_ZN4juce22JuceVST3EditController14JuceVST3Editor13timerCallbackEv]+0x26b): undefined reference to `juce::Desktop::getInstance()'
/usr/bin/ld: CMakeFiles/GTS_VST3.dir/workspace/scratch/286141ad5a40/repo-checkout/libs/JUCE/modules/juce_audio_plugin_client/juce_audio_plugin_client_VST3.cpp.o: in function `juce::JuceVST3EditController::JuceVST3Editor::timerCallback()':
juce_audio_plugin_client_VST3.cpp:(.text._ZN4juce22JuceVST3EditController14JuceVST3Editor13timerCallbackEv[_ZN4juce22JuceVST3EditController14JuceVST3Editor13timerCallbackEv]+0x3dd): undefined reference to `juce::Component::getLocalBounds() const'
/usr/bin/ld: juce_audio_plugin_client_VST3.cpp:(.text._ZN4juce22JuceVST3EditController14JuceVST3Editor13timerCallbackEv[_ZN4juce22JuceVST3EditController14JuceVST3Editor13timerCallbackEv]+0x3f2): undefined reference to `juce::Component::getLocalArea(juce::Component const*, juce::Rectangle<int>) const'
/usr/bin/ld: juce_audio_plugin_client_VST3.cpp:(.text._ZN4juce22JuceVST3EditController14JuceVST3Editor13timerCallbackEv[_ZN4juce22JuceVST3EditController14JuceVST3Editor13timerCallbackEv]+0x4a6): undefined reference to `juce::Desktop::getInstance()'
/usr/bin/ld: juce_audio_plugin_client_VST3.cpp:(.text._ZN4juce22JuceVST3EditController14JuceVST3Editor13timerCallbackEv[_ZN4juce22JuceVST3EditController14JuceVST3Editor13timerCallbackEv]+0x582): undefined reference to `juce::Component::setSize(int, int)'
/usr/bin/ld: juce_audio_plugin_client_VST3.cpp:(.text._ZN4juce22JuceVST3EditController14JuceVST3Editor13timerCallbackEv[_ZN4juce22JuceVST3EditController14JuceVST3Editor13timerCallbackEv]+0x58e): undefined reference to `juce::Component::getPeer() const'
/usr/bin/ld: juce_audio_plugin_client_VST3.cpp:(.text._ZN4juce22JuceVST3EditController14JuceVST3Editor13timerCallbackEv[_ZN4juce22JuceVST3EditController14JuceVST3Editor13timerCallbackEv]+0x636): undefined reference to `juce::Desktop::getInstance()'
/usr/bin/ld: CMakeFiles/GTS_VST3.dir/workspace/scratch/286141ad5a40/repo-checkout/libs/JUCE/modules/juce_audio_plugin_client/juce_audio_plugin_client_VST3.cpp.o: in function `non-virtual thunk to juce::JuceVST3EditController::JuceVST3Editor::timerCallback()':
juce_audio_plugin_client_VST3.cpp:(.text._ZN4juce22JuceVST3EditController14JuceVST3Editor13timerCallbackEv[_ZN4juce22JuceVST3EditController14JuceVST3Editor13timerCallbackEv]+0x1e1): undefined reference to `juce::ComponentPeer::updateBounds()'
/usr/bin/ld: CMakeFiles/GTS_VST3.dir/workspace/scratch/286141ad5a40/repo-checkout/libs/JUCE/modules/juce_audio_plugin_client/juce_audio_plugin_client_VST3.cpp.o: in function `juce::JuceVST3EditController::JuceVST3Editor::timerCallback()':
juce_audio_plugin_client_VST3.cpp:(.text._ZN4juce22JuceVST3EditController14JuceVST3Editor13timerCallbackEv[_ZN4juce22JuceVST3EditController14JuceVST3Editor13timerCallbackEv]+0x5a7): undefined reference to `juce::ComponentPeer::updateBounds()'
/usr/bin/ld: CMakeFiles/GTS_VST3.dir/workspace/scratch/286141ad5a40/repo-checkout/libs/JUCE/modules/juce_audio_plugin_client/juce_audio_plugin_client_VST3.cpp.o: in function `juce::JuceVST3EditController::JuceVST3Editor::convertToHostBounds(juce::Rectangle<float>)':
juce_audio_plugin_client_VST3.cpp:(.text._ZN4juce22JuceVST3EditController14JuceVST3Editor19convertToHostBoundsENS_9RectangleIfEE[_ZN4juce22JuceVST3EditController14JuceVST3Editor19convertToHostBoundsENS_9RectangleIfEE]+0x2e): undefined reference to `juce::Desktop::getInstance()'
/usr/bin/ld: CMakeFiles/GTS_VST3.dir/workspace/scratch/286141ad5a40/repo-checkout/libs/JUCE/modules/juce_audio_plugin_client/juce_audio_plugin_client_VST3.cpp.o: in function `juce::JuceVST3EditController::JuceVST3Editor::convertFromHostBounds(Steinberg::ViewRect)':
juce_audio_plugin_client_VST3.cpp:(.text._ZN4juce22JuceVST3EditController14JuceVST3Editor21convertFromHostBoundsEN9Steinberg8ViewRectE[_ZN4juce22JuceVST3EditController14JuceVST3Editor21convertFromHostBoundsEN9Steinberg8ViewRectE]+0x11): undefined reference to `juce::Desktop::getInstance()'
/usr/bin/ld: CMakeFiles/GTS_VST3.dir/workspace/scratch/286141ad5a40/repo-checkout/libs/JUCE/modules/juce_audio_plugin_client/juce_audio_plugin_client_VST3.cpp.o: in function `juce::JuceVST3EditController::JuceVST3Editor::checkSizeConstraint(Steinberg::ViewRect*)':
juce_audio_plugin_client_VST3.cpp:(.text._ZN4juce22JuceVST3EditController14JuceVST3Editor19checkSizeConstraintEPN9Steinberg8ViewRectE[_ZN4juce22JuceVST3EditController14JuceVST3Editor19checkSizeConstraintEPN9Steinberg8ViewRectE]+0x57): undefined reference to `juce::Component::getLocalBounds() const'
/usr/bin/ld: juce_audio_plugin_client_VST3.cpp:(.text._ZN4juce22JuceVST3EditController14JuceVST3Editor19checkSizeConstraintEPN9Steinberg8ViewRectE[_ZN4juce22JuceVST3EditController14JuceVST3Editor19checkSizeConstraintEPN9Steinberg8ViewRectE]+0x68): undefined reference to `juce::Component::getLocalArea(juce::Component const*, juce::Rectangle<int>) const'
/usr/bin/ld: juce_audio_plugin_client_VST3.cpp:(.text._ZN4juce22JuceVST3EditController14JuceVST3Editor19checkSizeConstraintEPN9Steinberg8ViewRectE[_ZN4juce22JuceVST3EditController14JuceVST3Editor19checkSizeConstraintEPN9Steinberg8ViewRectE]+0x170): undefined reference to `juce::Component::getLocalArea(juce::Component const*, juce::Rectangle<float>) const'
/usr/bin/ld: juce_audio_plugin_client_VST3.cpp:(.text._ZN4juce22JuceVST3EditController14JuceVST3Editor19checkSizeConstraintEPN9Steinberg8ViewRectE[_ZN4juce22JuceVST3EditController14JuceVST3Editor19checkSizeConstraintEPN9Steinberg8ViewRectE]+0x1f6): undefined reference to `juce::ComponentBoundsConstrainer::getFixedAspectRatio() const'
/usr/bin/ld: juce_audio_plugin_client_VST3.cpp:(.text._ZN4juce22JuceVST3EditController14JuceVST3Editor19checkSizeConstraintEPN9Steinberg8ViewRectE[_ZN4juce22JuceVST3EditController14JuceVST3Editor19checkSizeConstraintEPN9Steinberg8ViewRectE]+0x2f2): undefined reference to `juce::Component::getLocalArea(juce::Component const*, juce::Rectangle<float>) const'
/usr/bin/ld: CMakeFiles/GTS_VST3.dir/workspace/scratch/286141ad5a40/repo-checkout/libs/JUCE/modules/juce_audio_plugin_client/juce_audio_plugin_client_VST3.cpp.o: in function `juce::JuceVST3EditController::JuceVST3Editor::ContentWrapperComponent::resizeHostWindow()':
juce_audio_plugin_client_VST3.cpp:(.text._ZN4juce22JuceVST3EditController14JuceVST3Editor23ContentWrapperComponent16resizeHostWindowEv[_ZN4juce22JuceVST3EditController14JuceVST3Editor23ContentWrapperComponent16resizeHostWindowEv]+0x40): undefined reference to `juce::Component::getLocalBounds() const'
/usr/bin/ld: juce_audio_plugin_client_VST3.cpp:(.text._ZN4juce22JuceVST3EditController14JuceVST3Editor23ContentWrapperComponent16resizeHostWindowEv[_ZN4juce22JuceVST3EditController14JuceVST3Editor23ContentWrapperComponent16resizeHostWindowEv]+0x55): undefined reference to `juce::Component::getLocalArea(juce::Component const*, juce::Rectangle<int>) const'
/usr/bin/ld: juce_audio_plugin_client_VST3.cpp:(.text._ZN4juce22JuceVST3EditController14JuceVST3Editor23ContentWrapperComponent16resizeHostWindowEv[_ZN4juce22JuceVST3EditController14JuceVST3Editor23ContentWrapperComponent16resizeHostWindowEv]+0x88): undefined reference to `juce::Desktop::getInstance()'
/usr/bin/ld: juce_audio_plugin_client_VST3.cpp:(.text._ZN4juce22JuceVST3EditController14JuceVST3Editor23ContentWrapperComponent16resizeHostWindowEv[_ZN4juce22JuceVST3EditController14JuceVST3Editor23ContentWrapperComponent16resizeHostWindowEv]+0x187): undefined reference to `juce::Component::setBounds(juce::Rectangle<int>)'
/usr/bin/ld: CMakeFiles/GTS_VST3.dir/workspace/scratch/286141ad5a40/repo-checkout/libs/JUCE/modules/juce_audio_plugin_client/juce_audio_plugin_client_VST3.cpp.o: in function `juce::JuceVST3EditController::JuceVST3Editor::ContentWrapperComponent::parentSizeChanged()':
juce_audio_plugin_client_VST3.cpp:(.text._ZN4juce22JuceVST3EditController14JuceVST3Editor23ContentWrapperComponent17parentSizeChangedEv[_ZN4juce22JuceVST3EditController14JuceVST3Editor23ContentWrapperComponent17parentSizeChangedEv]+0x20): undefined reference to `juce::Component::repaint()'
/usr/bin/ld: CMakeFiles/GTS_VST3.dir/workspace/scratch/286141ad5a40/repo-checkout/libs/JUCE/modules/juce_audio_plugin_client/juce_audio_plugin_client_VST3.cpp.o: in function `juce::JuceVST3EditController::JuceVST3Editor::ContentWrapperComponent::childBoundsChanged(juce::Component*)':
juce_audio_plugin_client_VST3.cpp:(.text._ZN4juce22JuceVST3EditController14JuceVST3Editor23ContentWrapperComponent18childBoundsChangedEPNS_9ComponentE[_ZN4juce22JuceVST3EditController14JuceVST3Editor23ContentWrapperComponent18childBoundsChangedEPNS_9ComponentE]+0x29): undefined reference to `juce::Component::getLocalBounds() const'
/usr/bin/ld: juce_audio_plugin_client_VST3.cpp:(.text._ZN4juce22JuceVST3EditController14JuceVST3Editor23ContentWrapperComponent18childBoundsChangedEPNS_9ComponentE[_ZN4juce22JuceVST3EditController14JuceVST3Editor23ContentWrapperComponent18childBoundsChangedEPNS_9ComponentE]+0x3e): undefined reference to `juce::Component::getLocalArea(juce::Component const*, juce::Rectangle<int>) const'
/usr/bin/ld: juce_audio_plugin_client_VST3.cpp:(.text._ZN4juce22JuceVST3EditController14JuceVST3Editor23ContentWrapperComponent18childBoundsChangedEPNS_9ComponentE[_ZN4juce22JuceVST3EditController14JuceVST3Editor23ContentWrapperComponent18childBoundsChangedEPNS_9ComponentE]+0xd0): undefined reference to `juce::Component::repaint()'
/usr/bin/ld: CMakeFiles/GTS_VST3.dir/workspace/scratch/286141ad5a40/repo-checkout/libs/JUCE/modules/juce_audio_plugin_client/juce_audio_plugin_client_VST3.cpp.o: in function `void std::vector<juce::JuceVST3EditController::EditorContextMenu::getEquivalentPopupMenu() const::Submenu, std::allocator<juce::JuceVST3EditController::EditorContextMenu::getEquivalentPopupMenu() const::Submenu> >::_M_realloc_insert<juce::JuceVST3EditController::EditorContextMenu::getEquivalentPopupMenu() const::Submenu>(__gnu_cxx::__normal_iterator<juce::JuceVST3EditController::EditorContextMenu::getEquivalentPopupMenu() const::Submenu*, std::vector<juce::JuceVST3EditController::EditorContextMenu::getEquivalentPopupMenu() const::Submenu, std::allocator<juce::JuceVST3EditController::EditorContextMenu::getEquivalentPopupMenu() const::Submenu> > >, juce::JuceVST3EditController::EditorContextMenu::getEquivalentPopupMenu() const::Submenu&&)':
juce_audio_plugin_client_VST3.cpp:(.text._ZNSt6vectorIZNK4juce22JuceVST3EditController17EditorContextMenu22getEquivalentPopupMenuEvE7SubmenuSaIS3_EE17_M_realloc_insertIJS3_EEEvN9__gnu_cxx17__normal_iteratorIPS3_S5_EEDpOT_[_ZNSt6vectorIZNK4juce22JuceVST3EditController17EditorContextMenu22getEquivalentPopupMenuEvE7SubmenuSaIS3_EE17_M_realloc_insertIJS3_EEEvN9__gnu_cxx17__normal_iteratorIPS3_S5_EEDpOT_]+0xa3): undefined reference to `juce::PopupMenu::PopupMenu(juce::PopupMenu&&)'
/usr/bin/ld: juce_audio_plugin_client_VST3.cpp:(.text._ZNSt6vectorIZNK4juce22JuceVST3EditController17EditorContextMenu22getEquivalentPopupMenuEvE7SubmenuSaIS3_EE17_M_realloc_insertIJS3_EEEvN9__gnu_cxx17__normal_iteratorIPS3_S5_EEDpOT_[_ZNSt6vectorIZNK4juce22JuceVST3EditController17EditorContextMenu22getEquivalentPopupMenuEvE7SubmenuSaIS3_EE17_M_realloc_insertIJS3_EEEvN9__gnu_cxx17__normal_iteratorIPS3_S5_EEDpOT_]+0xe3): undefined reference to `juce::PopupMenu::PopupMenu(juce::PopupMenu&&)'
/usr/bin/ld: juce_audio_plugin_client_VST3.cpp:(.text._ZNSt6vectorIZNK4juce22JuceVST3EditController17EditorContextMenu22getEquivalentPopupMenuEvE7SubmenuSaIS3_EE17_M_realloc_insertIJS3_EEEvN9__gnu_cxx17__normal_iteratorIPS3_S5_EEDpOT_[_ZNSt6vectorIZNK4juce22JuceVST3EditController17EditorContextMenu22getEquivalentPopupMenuEvE7SubmenuSaIS3_EE17_M_realloc_insertIJS3_EEEvN9__gnu_cxx17__normal_iteratorIPS3_S5_EEDpOT_]+0x10d): undefined reference to `juce::PopupMenu::~PopupMenu()'
/usr/bin/ld: juce_audio_plugin_client_VST3.cpp:(.text._ZNSt6vectorIZNK4juce22JuceVST3EditController17EditorContextMenu22getEquivalentPopupMenuEvE7SubmenuSaIS3_EE17_M_realloc_insertIJS3_EEEvN9__gnu_cxx17__normal_iteratorIPS3_S5_EEDpOT_[_ZNSt6vectorIZNK4juce22JuceVST3EditController17EditorContextMenu22getEquivalentPopupMenuEvE7SubmenuSaIS3_EE17_M_realloc_insertIJS3_EEEvN9__gnu_cxx17__normal_iteratorIPS3_S5_EEDpOT_]+0x13b): undefined reference to `juce::PopupMenu::PopupMenu(juce::PopupMenu&&)'
/usr/bin/ld: juce_audio_plugin_client_VST3.cpp:(.text._ZNSt6vectorIZNK4juce22JuceVST3EditController17EditorContextMenu22getEquivalentPopupMenuEvE7SubmenuSaIS3_EE17_M_realloc_insertIJS3_EEEvN9__gnu_cxx17__normal_iteratorIPS3_S5_EEDpOT_[_ZNSt6vectorIZNK4juce22JuceVST3EditController17EditorContextMenu22getEquivalentPopupMenuEvE7SubmenuSaIS3_EE17_M_realloc_insertIJS3_EEEvN9__gnu_cxx17__normal_iteratorIPS3_S5_EEDpOT_]+0x166): undefined reference to `juce::PopupMenu::~PopupMenu()'
/usr/bin/ld: CMakeFiles/GTS_VST3.dir/workspace/scratch/286141ad5a40/repo-checkout/libs/JUCE/modules/juce_audio_plugin_client/juce_audio_plugin_client_VST3.cpp.o: in function `juce::JuceVST3EditController::EditorContextMenu::getEquivalentPopupMenu() const':
juce_audio_plugin_client_VST3.cpp:(.text._ZNK4juce22JuceVST3EditController17EditorContextMenu22getEquivalentPopupMenuEv[_ZNK4juce22JuceVST3EditController17EditorContextMenu22getEquivalentPopupMenuEv]+0x189): undefined reference to `juce::PopupMenu::addItem(juce::String, bool, bool, std::function<void ()>)'
/usr/bin/ld: juce_audio_plugin_client_VST3.cpp:(.text._ZNK4juce22JuceVST3EditController17EditorContextMenu22getEquivalentPopupMenuEv[_ZNK4juce22JuceVST3EditController17EditorContextMenu22getEquivalentPopupMenuEv]+0x232): undefined reference to `juce::PopupMenu::addSeparator()'
/usr/bin/ld: juce_audio_plugin_client_VST3.cpp:(.text._ZNK4juce22JuceVST3EditController17EditorContextMenu22getEquivalentPopupMenuEv[_ZNK4juce22JuceVST3EditController17EditorContextMenu22getEquivalentPopupMenuEv]+0x291): undefined reference to `juce::PopupMenu::~PopupMenu()'
/usr/bin/ld: juce_audio_plugin_client_VST3.cpp:(.text._ZNK4juce22JuceVST3EditController17EditorContextMenu22getEquivalentPopupMenuEv[_ZNK4juce22JuceVST3EditController17EditorContextMenu22getEquivalentPopupMenuEv]+0x341): undefined reference to `juce::PopupMenu::PopupMenu(juce::PopupMenu&&)'
/usr/bin/ld: juce_audio_plugin_client_VST3.cpp:(.text._ZNK4juce22JuceVST3EditController17EditorContextMenu22getEquivalentPopupMenuEv[_ZNK4juce22JuceVST3EditController17EditorContextMenu22getEquivalentPopupMenuEv]+0x378): undefined reference to `juce::PopupMenu::~PopupMenu()'
/usr/bin/ld: juce_audio_plugin_client_VST3.cpp:(.text._ZNK4juce22JuceVST3EditController17EditorContextMenu22getEquivalentPopupMenuEv[_ZNK4juce22JuceVST3EditController17EditorContextMenu22getEquivalentPopupMenuEv]+0x3a3): undefined reference to `juce::PopupMenu::PopupMenu(juce::PopupMenu const&)'
/usr/bin/ld: juce_audio_plugin_client_VST3.cpp:(.text._ZNK4juce22JuceVST3EditController17EditorContextMenu22getEquivalentPopupMenuEv[_ZNK4juce22JuceVST3EditController17EditorContextMenu22getEquivalentPopupMenuEv]+0x3ee): undefined reference to `juce::PopupMenu::~PopupMenu()'
/usr/bin/ld: juce_audio_plugin_client_VST3.cpp:(.text._ZNK4juce22JuceVST3EditController17EditorContextMenu22getEquivalentPopupMenuEv[_ZNK4juce22JuceVST3EditController17EditorContextMenu22getEquivalentPopupMenuEv]+0x427): undefined reference to `juce::PopupMenu::PopupMenu(juce::PopupMenu const&)'
/usr/bin/ld: juce_audio_plugin_client_VST3.cpp:(.text._ZNK4juce22JuceVST3EditController17EditorContextMenu22getEquivalentPopupMenuEv[_ZNK4juce22JuceVST3EditController17EditorContextMenu22getEquivalentPopupMenuEv]+0x452): undefined reference to `juce::PopupMenu::addSubMenu(juce::String, juce::PopupMenu, bool)'
/usr/bin/ld: juce_audio_plugin_client_VST3.cpp:(.text._ZNK4juce22JuceVST3EditController17EditorContextMenu22getEquivalentPopupMenuEv[_ZNK4juce22JuceVST3EditController17EditorContextMenu22getEquivalentPopupMenuEv]+0x463): undefined reference to `juce::PopupMenu::~PopupMenu()'
/usr/bin/ld: juce_audio_plugin_client_VST3.cpp:(.text._ZNK4juce22JuceVST3EditController17EditorContextMenu22getEquivalentPopupMenuEv[_ZNK4juce22JuceVST3EditController17EditorContextMenu22getEquivalentPopupMenuEv]+0x4ef): undefined reference to `juce::PopupMenu::~PopupMenu()'
/usr/bin/ld: juce_audio_plugin_client_VST3.cpp:(.text._ZNK4juce22JuceVST3EditController17EditorContextMenu22getEquivalentPopupMenuEv[_ZNK4juce22JuceVST3EditController17EditorContextMenu22getEquivalentPopupMenuEv]+0x51a): undefined reference to `juce::PopupMenu::PopupMenu(juce::PopupMenu const&)'
/usr/bin/ld: juce_audio_plugin_client_VST3.cpp:(.text._ZNK4juce22JuceVST3EditController17EditorContextMenu22getEquivalentPopupMenuEv[_ZNK4juce22JuceVST3EditController17EditorContextMenu22getEquivalentPopupMenuEv]+0x530): undefined reference to `juce::PopupMenu::~PopupMenu()'
/usr/bin/ld: juce_audio_plugin_client_VST3.cpp:(.text._ZNK4juce22JuceVST3EditController17EditorContextMenu22getEquivalentPopupMenuEv[_ZNK4juce22JuceVST3EditController17EditorContextMenu22getEquivalentPopupMenuEv]+0x542): undefined reference to `juce::PopupMenu::~PopupMenu()'
/usr/bin/ld: juce_audio_plugin_client_VST3.cpp:(.text._ZNK4juce22JuceVST3EditController17EditorContextMenu22getEquivalentPopupMenuEv[_ZNK4juce22JuceVST3EditController17EditorContextMenu22getEquivalentPopupMenuEv]+0x5d5): undefined reference to `juce::PopupMenu::~PopupMenu()'
/usr/bin/ld: CMakeFiles/GTS_VST3.dir/workspace/scratch/286141ad5a40/repo-checkout/libs/JUCE/modules/juce_audio_plugin_client/juce_audio_plugin_client_VST3.cpp.o: in function `juce::JuceVST3EditController::JuceVST3Editor::applyScaleFactor(juce::JuceVST3EditController::JuceVST3Editor::StoredScaleFactor)':
juce_audio_plugin_client_VST3.cpp:(.text._ZN4juce22JuceVST3EditController14JuceVST3Editor16applyScaleFactorENS1_17StoredScaleFactorE[_ZN4juce22JuceVST3EditController14JuceVST3Editor16applyScaleFactorENS1_17StoredScaleFactorE]+0x137): undefined reference to `juce::Component::getLocalArea(juce::Component const*, juce::Rectangle<int>) const'
/usr/bin/ld: juce_audio_plugin_client_VST3.cpp:(.text._ZN4juce22JuceVST3EditController14JuceVST3Editor16applyScaleFactorENS1_17StoredScaleFactorE[_ZN4juce22JuceVST3EditController14JuceVST3Editor16applyScaleFactorENS1_17StoredScaleFactorE]+0x16f): undefined reference to `juce::Component::setBounds(juce::Rectangle<int>)'
/usr/bin/ld: juce_audio_plugin_client_VST3.cpp:(.text._ZN4juce22JuceVST3EditController14JuceVST3Editor16applyScaleFactorENS1_17StoredScaleFactorE[_ZN4juce22JuceVST3EditController14JuceVST3Editor16applyScaleFactorENS1_17StoredScaleFactorE]+0x18b): undefined reference to `juce::Component::getLocalBounds() const'
/usr/bin/ld: juce_audio_plugin_client_VST3.cpp:(.text._ZN4juce22JuceVST3EditController14JuceVST3Editor16applyScaleFactorENS1_17StoredScaleFactorE[_ZN4juce22JuceVST3EditController14JuceVST3Editor16applyScaleFactorENS1_17StoredScaleFactorE]+0x1a0): undefined reference to `juce::Component::getLocalArea(juce::Component const*, juce::Rectangle<int>) const'
/usr/bin/ld: juce_audio_plugin_client_VST3.cpp:(.text._ZN4juce22JuceVST3EditController14JuceVST3Editor16applyScaleFactorENS1_17StoredScaleFactorE[_ZN4juce22JuceVST3EditController14JuceVST3Editor16applyScaleFactorENS1_17StoredScaleFactorE]+0x1e5): undefined reference to `juce::Component::repaint()'
/usr/bin/ld: CMakeFiles/GTS_VST3.dir/workspace/scratch/286141ad5a40/repo-checkout/libs/JUCE/modules/juce_audio_plugin_client/juce_audio_plugin_client_VST3.cpp.o: in function `void juce::JuceVST3EditController::JuceVST3Editor::MessageManagerLockedDeleter::operator()<juce::JuceVST3EditController::JuceVST3Editor::ContentWrapperComponent>(juce::JuceVST3EditController::JuceVST3Editor::ContentWrapperComponent*) const [clone .isra.0]':
juce_audio_plugin_client_VST3.cpp:(.text.unlikely._ZNK4juce22JuceVST3EditController14JuceVST3Editor27MessageManagerLockedDeleterclINS1_23ContentWrapperComponentEEEvPT_.isra.0[_ZN4juce22JuceVST3EditController10createViewEPKc]+0x48): undefined reference to `juce::PopupMenu::dismissAllActiveMenus()'
/usr/bin/ld: juce_audio_plugin_client_VST3.cpp:(.text.unlikely._ZNK4juce22JuceVST3EditController14JuceVST3Editor27MessageManagerLockedDeleterclINS1_23ContentWrapperComponentEEEvPT_.isra.0[_ZN4juce22JuceVST3EditController10createViewEPKc]+0x8b): undefined reference to `juce::Component::~Component()'
/usr/bin/ld: CMakeFiles/GTS_VST3.dir/workspace/scratch/286141ad5a40/repo-checkout/libs/JUCE/modules/juce_audio_plugin_client/juce_audio_plugin_client_VST3.cpp.o: in function `non-virtual thunk to juce::JuceVST3EditController::JuceVST3Editor::removed()':
juce_audio_plugin_client_VST3.cpp:(.text._ZN4juce22JuceVST3EditController14JuceVST3Editor7removedEv[_ZN4juce22JuceVST3EditController14JuceVST3Editor7removedEv]+0x63): undefined reference to `juce::PopupMenu::dismissAllActiveMenus()'
/usr/bin/ld: juce_audio_plugin_client_VST3.cpp:(.text._ZN4juce22JuceVST3EditController14JuceVST3Editor7removedEv[_ZN4juce22JuceVST3EditController14JuceVST3Editor7removedEv]+0xa6): undefined reference to `juce::Component::~Component()'
/usr/bin/ld: CMakeFiles/GTS_VST3.dir/workspace/scratch/286141ad5a40/repo-checkout/libs/JUCE/modules/juce_audio_plugin_client/juce_audio_plugin_client_VST3.cpp.o: in function `juce::JuceVST3EditController::JuceVST3Editor::removed()':
juce_audio_plugin_client_VST3.cpp:(.text._ZN4juce22JuceVST3EditController14JuceVST3Editor7removedEv[_ZN4juce22JuceVST3EditController14JuceVST3Editor7removedEv]+0x1b3): undefined reference to `juce::PopupMenu::dismissAllActiveMenus()'
/usr/bin/ld: juce_audio_plugin_client_VST3.cpp:(.text._ZN4juce22JuceVST3EditController14JuceVST3Editor7removedEv[_ZN4juce22JuceVST3EditController14JuceVST3Editor7removedEv]+0x1f6): undefined reference to `juce::Component::~Component()'
/usr/bin/ld: CMakeFiles/GTS_VST3.dir/workspace/scratch/286141ad5a40/repo-checkout/libs/JUCE/modules/juce_audio_plugin_client/juce_audio_plugin_client_VST3.cpp.o: in function `juce::JuceVST3EditController::JuceVST3Editor::~JuceVST3Editor()':
juce_audio_plugin_client_VST3.cpp:(.text._ZN4juce22JuceVST3EditController14JuceVST3EditorD2Ev[_ZN4juce22JuceVST3EditController14JuceVST3EditorD5Ev]+0x8d): undefined reference to `juce::PopupMenu::dismissAllActiveMenus()'
/usr/bin/ld: juce_audio_plugin_client_VST3.cpp:(.text._ZN4juce22JuceVST3EditController14JuceVST3EditorD2Ev[_ZN4juce22JuceVST3EditController14JuceVST3EditorD5Ev]+0xd0): undefined reference to `juce::Component::~Component()'
/usr/bin/ld: CMakeFiles/GTS_VST3.dir/workspace/scratch/286141ad5a40/repo-checkout/libs/JUCE/modules/juce_audio_plugin_client/juce_audio_plugin_client_VST3.cpp.o: in function `non-virtual thunk to juce::JuceVST3EditController::JuceVST3Editor::~JuceVST3Editor()':
juce_audio_plugin_client_VST3.cpp:(.text._ZN4juce22JuceVST3EditController14JuceVST3EditorD2Ev[_ZN4juce22JuceVST3EditController14JuceVST3EditorD5Ev]+0x1dd): undefined reference to `juce::PopupMenu::dismissAllActiveMenus()'
/usr/bin/ld: juce_audio_plugin_client_VST3.cpp:(.text._ZN4juce22JuceVST3EditController14JuceVST3EditorD2Ev[_ZN4juce22JuceVST3EditController14JuceVST3EditorD5Ev]+0x220): undefined reference to `juce::Component::~Component()'
/usr/bin/ld: CMakeFiles/GTS_VST3.dir/workspace/scratch/286141ad5a40/repo-checkout/libs/JUCE/modules/juce_audio_plugin_client/juce_audio_plugin_client_VST3.cpp.o: in function `juce::JuceVST3EditController::JuceVST3Editor::~JuceVST3Editor()':
juce_audio_plugin_client_VST3.cpp:(.text._ZN4juce22JuceVST3EditController14JuceVST3EditorD0Ev[_ZN4juce22JuceVST3EditController14JuceVST3EditorD5Ev]+0x8d): undefined reference to `juce::PopupMenu::dismissAllActiveMenus()'
/usr/bin/ld: juce_audio_plugin_client_VST3.cpp:(.text._ZN4juce22JuceVST3EditController14JuceVST3EditorD0Ev[_ZN4juce22JuceVST3EditController14JuceVST3EditorD5Ev]+0xd0): undefined reference to `juce::Component::~Component()'
/usr/bin/ld: CMakeFiles/GTS_VST3.dir/workspace/scratch/286141ad5a40/repo-checkout/libs/JUCE/modules/juce_audio_plugin_client/juce_audio_plugin_client_VST3.cpp.o: in function `non-virtual thunk to juce::JuceVST3EditController::JuceVST3Editor::~JuceVST3Editor()':
juce_audio_plugin_client_VST3.cpp:(.text._ZN4juce22JuceVST3EditController14JuceVST3EditorD0Ev[_ZN4juce22JuceVST3EditController14JuceVST3EditorD5Ev]+0x1f5): undefined reference to `juce::PopupMenu::dismissAllActiveMenus()'
/usr/bin/ld: juce_audio_plugin_client_VST3.cpp:(.text._ZN4juce22JuceVST3EditController14JuceVST3EditorD0Ev[_ZN4juce22JuceVST3EditController14JuceVST3EditorD5Ev]+0x238): undefined reference to `juce::Component::~Component()'
/usr/bin/ld: CMakeFiles/GTS_VST3.dir/workspace/scratch/286141ad5a40/repo-checkout/libs/JUCE/modules/juce_audio_plugin_client/juce_audio_plugin_client_VST3.cpp.o: in function `juce::JuceVST3EditController::JuceVST3Editor::createContentWrapperComponentIfNeeded()':
juce_audio_plugin_client_VST3.cpp:(.text._ZN4juce22JuceVST3EditController14JuceVST3Editor37createContentWrapperComponentIfNeededEv[_ZN4juce22JuceVST3EditController14JuceVST3Editor37createContentWrapperComponentIfNeededEv]+0x88): undefined reference to `juce::Component::Component()'
/usr/bin/ld: juce_audio_plugin_client_VST3.cpp:(.text._ZN4juce22JuceVST3EditController14JuceVST3Editor37createContentWrapperComponentIfNeededEv[_ZN4juce22JuceVST3EditController14JuceVST3Editor37createContentWrapperComponentIfNeededEv]+0xca): undefined reference to `juce::Component::setOpaque(bool)'
/usr/bin/ld: juce_audio_plugin_client_VST3.cpp:(.text._ZN4juce22JuceVST3EditController14JuceVST3Editor37createContentWrapperComponentIfNeededEv[_ZN4juce22JuceVST3EditController14JuceVST3Editor37createContentWrapperComponentIfNeededEv]+0xd7): undefined reference to `juce::Component::setBroughtToFrontOnMouseClick(bool)'
/usr/bin/ld: juce_audio_plugin_client_VST3.cpp:(.text._ZN4juce22JuceVST3EditController14JuceVST3Editor37createContentWrapperComponentIfNeededEv[_ZN4juce22JuceVST3EditController14JuceVST3Editor37createContentWrapperComponentIfNeededEv]+0x113): undefined reference to `juce::PopupMenu::dismissAllActiveMenus()'
/usr/bin/ld: juce_audio_plugin_client_VST3.cpp:(.text._ZN4juce22JuceVST3EditController14JuceVST3Editor37createContentWrapperComponentIfNeededEv[_ZN4juce22JuceVST3EditController14JuceVST3Editor37createContentWrapperComponentIfNeededEv]+0x156): undefined reference to `juce::Component::~Component()'
/usr/bin/ld: juce_audio_plugin_client_VST3.cpp:(.text._ZN4juce22JuceVST3EditController14JuceVST3Editor37createContentWrapperComponentIfNeededEv[_ZN4juce22JuceVST3EditController14JuceVST3Editor37createContentWrapperComponentIfNeededEv]+0x259): undefined reference to `juce::Component::addAndMakeVisible(juce::Component*, int)'
/usr/bin/ld: juce_audio_plugin_client_VST3.cpp:(.text._ZN4juce22JuceVST3EditController14JuceVST3Editor37createContentWrapperComponentIfNeededEv[_ZN4juce22JuceVST3EditController14JuceVST3Editor37createContentWrapperComponentIfNeededEv]+0x269): undefined reference to `juce::Component::setTopLeftPosition(int, int)'
/usr/bin/ld: juce_audio_plugin_client_VST3.cpp:(.text._ZN4juce22JuceVST3EditController14JuceVST3Editor37createContentWrapperComponentIfNeededEv[_ZN4juce22JuceVST3EditController14JuceVST3Editor37createContentWrapperComponentIfNeededEv]+0x27e): undefined reference to `juce::Component::getLocalBounds() const'
/usr/bin/ld: juce_audio_plugin_client_VST3.cpp:(.text._ZN4juce22JuceVST3EditController14JuceVST3Editor37createContentWrapperComponentIfNeededEv[_ZN4juce22JuceVST3EditController14JuceVST3Editor37createContentWrapperComponentIfNeededEv]+0x293): undefined reference to `juce::Component::getLocalArea(juce::Component const*, juce::Rectangle<int>) const'
/usr/bin/ld: juce_audio_plugin_client_VST3.cpp:(.text._ZN4juce22JuceVST3EditController14JuceVST3Editor37createContentWrapperComponentIfNeededEv[_ZN4juce22JuceVST3EditController14JuceVST3Editor37createContentWrapperComponentIfNeededEv]+0x2ea): undefined reference to `juce::Component::setBounds(juce::Rectangle<int>)'
/usr/bin/ld: juce_audio_plugin_client_VST3.cpp:(.text._ZN4juce22JuceVST3EditController14JuceVST3Editor37createContentWrapperComponentIfNeededEv[_ZN4juce22JuceVST3EditController14JuceVST3Editor37createContentWrapperComponentIfNeededEv]+0x34e): undefined reference to `juce::Component::~Component()'
/usr/bin/ld: CMakeFiles/GTS_VST3.dir/workspace/scratch/286141ad5a40/repo-checkout/libs/JUCE/modules/juce_audio_plugin_client/juce_audio_plugin_client_VST3.cpp.o: in function `non-virtual thunk to juce::JuceVST3EditController::JuceVST3Editor::setContentScaleFactor(float)':
juce_audio_plugin_client_VST3.cpp:(.text._ZN4juce22JuceVST3EditController14JuceVST3Editor21setContentScaleFactorEf[_ZN4juce22JuceVST3EditController14JuceVST3Editor21setContentScaleFactorEf]+0x13e): undefined reference to `juce::Component::getLocalArea(juce::Component const*, juce::Rectangle<int>) const'
/usr/bin/ld: juce_audio_plugin_client_VST3.cpp:(.text._ZN4juce22JuceVST3EditController14JuceVST3Editor21setContentScaleFactorEf[_ZN4juce22JuceVST3EditController14JuceVST3Editor21setContentScaleFactorEf]+0x176): undefined reference to `juce::Component::setBounds(juce::Rectangle<int>)'
/usr/bin/ld: juce_audio_plugin_client_VST3.cpp:(.text._ZN4juce22JuceVST3EditController14JuceVST3Editor21setContentScaleFactorEf[_ZN4juce22JuceVST3EditController14JuceVST3Editor21setContentScaleFactorEf]+0x192): undefined reference to `juce::Component::getLocalBounds() const'
/usr/bin/ld: juce_audio_plugin_client_VST3.cpp:(.text._ZN4juce22JuceVST3EditController14JuceVST3Editor21setContentScaleFactorEf[_ZN4juce22JuceVST3EditController14JuceVST3Editor21setContentScaleFactorEf]+0x1a7): undefined reference to `juce::Component::getLocalArea(juce::Component const*, juce::Rectangle<int>) const'
/usr/bin/ld: juce_audio_plugin_client_VST3.cpp:(.text._ZN4juce22JuceVST3EditController14JuceVST3Editor21setContentScaleFactorEf[_ZN4juce22JuceVST3EditController14JuceVST3Editor21setContentScaleFactorEf]+0x1ec): undefined reference to `juce::Component::repaint()'
/usr/bin/ld: CMakeFiles/GTS_VST3.dir/workspace/scratch/286141ad5a40/repo-checkout/libs/JUCE/modules/juce_audio_plugin_client/juce_audio_plugin_client_VST3.cpp.o: in function `juce::JuceVST3EditController::JuceVST3Editor::setContentScaleFactor(float)':
juce_audio_plugin_client_VST3.cpp:(.text._ZN4juce22JuceVST3EditController14JuceVST3Editor21setContentScaleFactorEf[_ZN4juce22JuceVST3EditController14JuceVST3Editor21setContentScaleFactorEf]+0x40e): undefined reference to `juce::Component::getLocalArea(juce::Component const*, juce::Rectangle<int>) const'
/usr/bin/ld: juce_audio_plugin_client_VST3.cpp:(.text._ZN4juce22JuceVST3EditController14JuceVST3Editor21setContentScaleFactorEf[_ZN4juce22JuceVST3EditController14JuceVST3Editor21setContentScaleFactorEf]+0x446): undefined reference to `juce::Component::setBounds(juce::Rectangle<int>)'
/usr/bin/ld: juce_audio_plugin_client_VST3.cpp:(.text._ZN4juce22JuceVST3EditController14JuceVST3Editor21setContentScaleFactorEf[_ZN4juce22JuceVST3EditController14JuceVST3Editor21setContentScaleFactorEf]+0x462): undefined reference to `juce::Component::getLocalBounds() const'
/usr/bin/ld: juce_audio_plugin_client_VST3.cpp:(.text._ZN4juce22JuceVST3EditController14JuceVST3Editor21setContentScaleFactorEf[_ZN4juce22JuceVST3EditController14JuceVST3Editor21setContentScaleFactorEf]+0x477): undefined reference to `juce::Component::getLocalArea(juce::Component const*, juce::Rectangle<int>) const'
/usr/bin/ld: juce_audio_plugin_client_VST3.cpp:(.text._ZN4juce22JuceVST3EditController14JuceVST3Editor21setContentScaleFactorEf[_ZN4juce22JuceVST3EditController14JuceVST3Editor21setContentScaleFactorEf]+0x4bc): undefined reference to `juce::Component::repaint()'
/usr/bin/ld: CMakeFiles/GTS_VST3.dir/workspace/scratch/286141ad5a40/repo-checkout/libs/JUCE/modules/juce_audio_plugin_client/juce_audio_plugin_client_VST3.cpp.o: in function `juce::JuceVST3EditController::JuceVST3Editor::attached(void*, char const*)':
juce_audio_plugin_client_VST3.cpp:(.text._ZN4juce22JuceVST3EditController14JuceVST3Editor8attachedEPvPKc[_ZN4juce22JuceVST3EditController14JuceVST3Editor8attachedEPvPKc]+0x16f): undefined reference to `juce::Component::setOpaque(bool)'
/usr/bin/ld: juce_audio_plugin_client_VST3.cpp:(.text._ZN4juce22JuceVST3EditController14JuceVST3Editor8attachedEPvPKc[_ZN4juce22JuceVST3EditController14JuceVST3Editor8attachedEPvPKc]+0x182): undefined reference to `juce::Component::addToDesktop(int, void*)'
/usr/bin/ld: juce_audio_plugin_client_VST3.cpp:(.text._ZN4juce22JuceVST3EditController14JuceVST3Editor8attachedEPvPKc[_ZN4juce22JuceVST3EditController14JuceVST3Editor8attachedEPvPKc]+0x193): undefined reference to `juce::Component::setVisible(bool)'
/usr/bin/ld: juce_audio_plugin_client_VST3.cpp:(.text._ZN4juce22JuceVST3EditController14JuceVST3Editor8attachedEPvPKc[_ZN4juce22JuceVST3EditController14JuceVST3Editor8attachedEPvPKc]+0x237): undefined reference to `juce::Component::Component()'
/usr/bin/ld: juce_audio_plugin_client_VST3.cpp:(.text._ZN4juce22JuceVST3EditController14JuceVST3Editor8attachedEPvPKc[_ZN4juce22JuceVST3EditController14JuceVST3Editor8attachedEPvPKc]+0x280): undefined reference to `juce::Component::setOpaque(bool)'
/usr/bin/ld: juce_audio_plugin_client_VST3.cpp:(.text._ZN4juce22JuceVST3EditController14JuceVST3Editor8attachedEPvPKc[_ZN4juce22JuceVST3EditController14JuceVST3Editor8attachedEPvPKc]+0x28d): undefined reference to `juce::Component::setBroughtToFrontOnMouseClick(bool)'
/usr/bin/ld: juce_audio_plugin_client_VST3.cpp:(.text._ZN4juce22JuceVST3EditController14JuceVST3Editor8attachedEPvPKc[_ZN4juce22JuceVST3EditController14JuceVST3Editor8attachedEPvPKc]+0x2c9): undefined reference to `juce::PopupMenu::dismissAllActiveMenus()'
/usr/bin/ld: juce_audio_plugin_client_VST3.cpp:(.text._ZN4juce22JuceVST3EditController14JuceVST3Editor8attachedEPvPKc[_ZN4juce22JuceVST3EditController14JuceVST3Editor8attachedEPvPKc]+0x30c): undefined reference to `juce::Component::~Component()'
/usr/bin/ld: juce_audio_plugin_client_VST3.cpp:(.text._ZN4juce22JuceVST3EditController14JuceVST3Editor8attachedEPvPKc[_ZN4juce22JuceVST3EditController14JuceVST3Editor8attachedEPvPKc]+0x42b): undefined reference to `juce::Component::addAndMakeVisible(juce::Component*, int)'
/usr/bin/ld: juce_audio_plugin_client_VST3.cpp:(.text._ZN4juce22JuceVST3EditController14JuceVST3Editor8attachedEPvPKc[_ZN4juce22JuceVST3EditController14JuceVST3Editor8attachedEPvPKc]+0x43c): undefined reference to `juce::Component::setTopLeftPosition(int, int)'
/usr/bin/ld: juce_audio_plugin_client_VST3.cpp:(.text._ZN4juce22JuceVST3EditController14JuceVST3Editor8attachedEPvPKc[_ZN4juce22JuceVST3EditController14JuceVST3Editor8attachedEPvPKc]+0x452): undefined reference to `juce::Component::getLocalBounds() const'
/usr/bin/ld: juce_audio_plugin_client_VST3.cpp:(.text._ZN4juce22JuceVST3EditController14JuceVST3Editor8attachedEPvPKc[_ZN4juce22JuceVST3EditController14JuceVST3Editor8attachedEPvPKc]+0x468): undefined reference to `juce::Component::getLocalArea(juce::Component const*, juce::Rectangle<int>) const'
/usr/bin/ld: juce_audio_plugin_client_VST3.cpp:(.text._ZN4juce22JuceVST3EditController14JuceVST3Editor8attachedEPvPKc[_ZN4juce22JuceVST3EditController14JuceVST3Editor8attachedEPvPKc]+0x4c6): undefined reference to `juce::Component::setBounds(juce::Rectangle<int>)'
/usr/bin/ld: juce_audio_plugin_client_VST3.cpp:(.text._ZN4juce22JuceVST3EditController14JuceVST3Editor8attachedEPvPKc[_ZN4juce22JuceVST3EditController14JuceVST3Editor8attachedEPvPKc]+0x54b): undefined reference to `juce::Component::~Component()'
/usr/bin/ld: CMakeFiles/GTS_VST3.dir/workspace/scratch/286141ad5a40/repo-checkout/libs/JUCE/modules/juce_audio_plugin_client/juce_audio_plugin_client_VST3.cpp.o:(.data.rel.ro._ZTIN4juce22JuceVST3EditController14JuceVST3Editor23ContentWrapperComponentE[_ZTIN4juce22JuceVST3EditController14JuceVST3Editor23ContentWrapperComponentE]+0x10): undefined reference to `typeinfo for juce::Component'
/usr/bin/ld: CMakeFiles/GTS_VST3.dir/workspace/scratch/286141ad5a40/repo-checkout/libs/JUCE/modules/juce_audio_plugin_client/juce_audio_plugin_client_VST3.cpp.o:(.data.rel.ro._ZTVN4juce22JuceVST3EditController14JuceVST3Editor23ContentWrapperComponentE[_ZTVN4juce22JuceVST3EditController14JuceVST3Editor23ContentWrapperComponentE]+0x20): undefined reference to `juce::Component::mouseMove(juce::MouseEvent const&)'
/usr/bin/ld: CMakeFiles/GTS_VST3.dir/workspace/scratch/286141ad5a40/repo-checkout/libs/JUCE/modules/juce_audio_plugin_client/juce_audio_plugin_client_VST3.cpp.o:(.data.rel.ro._ZTVN4juce22JuceVST3EditController14JuceVST3Editor23ContentWrapperComponentE[_ZTVN4juce22JuceVST3EditController14JuceVST3Editor23ContentWrapperComponentE]+0x28): undefined reference to `juce::Component::mouseEnter(juce::MouseEvent const&)'
/usr/bin/ld: CMakeFiles/GTS_VST3.dir/workspace/scratch/286141ad5a40/repo-checkout/libs/JUCE/modules/juce_audio_plugin_client/juce_audio_plugin_client_VST3.cpp.o:(.data.rel.ro._ZTVN4juce22JuceVST3EditController14JuceVST3Editor23ContentWrapperComponentE[_ZTVN4juce22JuceVST3EditController14JuceVST3Editor23ContentWrapperComponentE]+0x30): undefined reference to `juce::Component::mouseExit(juce::MouseEvent const&)'
/usr/bin/ld: CMakeFiles/GTS_VST3.dir/workspace/scratch/286141ad5a40/repo-checkout/libs/JUCE/modules/juce_audio_plugin_client/juce_audio_plugin_client_VST3.cpp.o:(.data.rel.ro._ZTVN4juce22JuceVST3EditController14JuceVST3Editor23ContentWrapperComponentE[_ZTVN4juce22JuceVST3EditController14JuceVST3Editor23ContentWrapperComponentE]+0x38): undefined reference to `juce::Component::mouseDown(juce::MouseEvent const&)'
/usr/bin/ld: CMakeFiles/GTS_VST3.dir/workspace/scratch/286141ad5a40/repo-checkout/libs/JUCE/modules/juce_audio_plugin_client/juce_audio_plugin_client_VST3.cpp.o:(.data.rel.ro._ZTVN4juce22JuceVST3EditController14JuceVST3Editor23ContentWrapperComponentE[_ZTVN4juce22JuceVST3EditController14JuceVST3Editor23ContentWrapperComponentE]+0x40): undefined reference to `juce::Component::mouseDrag(juce::MouseEvent const&)'
/usr/bin/ld: CMakeFiles/GTS_VST3.dir/workspace/scratch/286141ad5a40/repo-checkout/libs/JUCE/modules/juce_audio_plugin_client/juce_audio_plugin_client_VST3.cpp.o:(.data.rel.ro._ZTVN4juce22JuceVST3EditController14JuceVST3Editor23ContentWrapperComponentE[_ZTVN4juce22JuceVST3EditController14JuceVST3Editor23ContentWrapperComponentE]+0x48): undefined reference to `juce::Component::mouseUp(juce::MouseEvent const&)'
/usr/bin/ld: CMakeFiles/GTS_VST3.dir/workspace/scratch/286141ad5a40/repo-checkout/libs/JUCE/modules/juce_audio_plugin_client/juce_audio_plugin_client_VST3.cpp.o:(.data.rel.ro._ZTVN4juce22JuceVST3EditController14JuceVST3Editor23ContentWrapperComponentE[_ZTVN4juce22JuceVST3EditController14JuceVST3Editor23ContentWrapperComponentE]+0x50): undefined reference to `juce::Component::mouseDoubleClick(juce::MouseEvent const&)'
/usr/bin/ld: CMakeFiles/GTS_VST3.dir/workspace/scratch/286141ad5a40/repo-checkout/libs/JUCE/modules/juce_audio_plugin_client/juce_audio_plugin_client_VST3.cpp.o:(.data.rel.ro._ZTVN4juce22JuceVST3EditController14JuceVST3Editor23ContentWrapperComponentE[_ZTVN4juce22JuceVST3EditController14JuceVST3Editor23ContentWrapperComponentE]+0x58): undefined reference to `juce::Component::mouseWheelMove(juce::MouseEvent const&, juce::MouseWheelDetails const&)'
/usr/bin/ld: CMakeFiles/GTS_VST3.dir/workspace/scratch/286141ad5a40/repo-checkout/libs/JUCE/modules/juce_audio_plugin_client/juce_audio_plugin_client_VST3.cpp.o:(.data.rel.ro._ZTVN4juce22JuceVST3EditController14JuceVST3Editor23ContentWrapperComponentE[_ZTVN4juce22JuceVST3EditController14JuceVST3Editor23ContentWrapperComponentE]+0x60): undefined reference to `juce::Component::mouseMagnify(juce::MouseEvent const&, float)'
/usr/bin/ld: CMakeFiles/GTS_VST3.dir/workspace/scratch/286141ad5a40/repo-checkout/libs/JUCE/modules/juce_audio_plugin_client/juce_audio_plugin_client_VST3.cpp.o:(.data.rel.ro._ZTVN4juce22JuceVST3EditController14JuceVST3Editor23ContentWrapperComponentE[_ZTVN4juce22JuceVST3EditController14JuceVST3Editor23ContentWrapperComponentE]+0x68): undefined reference to `juce::Component::setName(juce::String const&)'
/usr/bin/ld: CMakeFiles/GTS_VST3.dir/workspace/scratch/286141ad5a40/repo-checkout/libs/JUCE/modules/juce_audio_plugin_client/juce_audio_plugin_client_VST3.cpp.o:(.data.rel.ro._ZTVN4juce22JuceVST3EditController14JuceVST3Editor23ContentWrapperComponentE[_ZTVN4juce22JuceVST3EditController14JuceVST3Editor23ContentWrapperComponentE]+0x70): undefined reference to `juce::Component::setVisible(bool)'
/usr/bin/ld: CMakeFiles/GTS_VST3.dir/workspace/scratch/286141ad5a40/repo-checkout/libs/JUCE/modules/juce_audio_plugin_client/juce_audio_plugin_client_VST3.cpp.o:(.data.rel.ro._ZTVN4juce22JuceVST3EditController14JuceVST3Editor23ContentWrapperComponentE[_ZTVN4juce22JuceVST3EditController14JuceVST3Editor23ContentWrapperComponentE]+0x78): undefined reference to `juce::Component::visibilityChanged()'
/usr/bin/ld: CMakeFiles/GTS_VST3.dir/workspace/scratch/286141ad5a40/repo-checkout/libs/JUCE/modules/juce_audio_plugin_client/juce_audio_plugin_client_VST3.cpp.o:(.data.rel.ro._ZTVN4juce22JuceVST3EditController14JuceVST3Editor23ContentWrapperComponentE[_ZTVN4juce22JuceVST3EditController14JuceVST3Editor23ContentWrapperComponentE]+0x80): undefined reference to `juce::Component::addToDesktop(int, void*)'
/usr/bin/ld: CMakeFiles/GTS_VST3.dir/workspace/scratch/286141ad5a40/repo-checkout/libs/JUCE/modules/juce_audio_plugin_client/juce_audio_plugin_client_VST3.cpp.o:(.data.rel.ro._ZTVN4juce22JuceVST3EditController14JuceVST3Editor23ContentWrapperComponentE[_ZTVN4juce22JuceVST3EditController14JuceVST3Editor23ContentWrapperComponentE]+0x88): undefined reference to `juce::Component::userTriedToCloseWindow()'
/usr/bin/ld: CMakeFiles/GTS_VST3.dir/workspace/scratch/286141ad5a40/repo-checkout/libs/JUCE/modules/juce_audio_plugin_client/juce_audio_plugin_client_VST3.cpp.o:(.data.rel.ro._ZTVN4juce22JuceVST3EditController14JuceVST3Editor23ContentWrapperComponentE[_ZTVN4juce22JuceVST3EditController14JuceVST3Editor23ContentWrapperComponentE]+0x90): undefined reference to `juce::Component::minimisationStateChanged(bool)'
/usr/bin/ld: CMakeFiles/GTS_VST3.dir/workspace/scratch/286141ad5a40/repo-checkout/libs/JUCE/modules/juce_audio_plugin_client/juce_audio_plugin_client_VST3.cpp.o:(.data.rel.ro._ZTVN4juce22JuceVST3EditController14JuceVST3Editor23ContentWrapperComponentE[_ZTVN4juce22JuceVST3EditController14JuceVST3Editor23ContentWrapperComponentE]+0x98): undefined reference to `juce::Component::getDesktopScaleFactor() const'
/usr/bin/ld: CMakeFiles/GTS_VST3.dir/workspace/scratch/286141ad5a40/repo-checkout/libs/JUCE/modules/juce_audio_plugin_client/juce_audio_plugin_client_VST3.cpp.o:(.data.rel.ro._ZTVN4juce22JuceVST3EditController14JuceVST3Editor23ContentWrapperComponentE[_ZTVN4juce22JuceVST3EditController14JuceVST3Editor23ContentWrapperComponentE]+0xa0): undefined reference to `juce::Component::parentHierarchyChanged()'
/usr/bin/ld: CMakeFiles/GTS_VST3.dir/workspace/scratch/286141ad5a40/repo-checkout/libs/JUCE/modules/juce_audio_plugin_client/juce_audio_plugin_client_VST3.cpp.o:(.data.rel.ro._ZTVN4juce22JuceVST3EditController14JuceVST3Editor23ContentWrapperComponentE[_ZTVN4juce22JuceVST3EditController14JuceVST3Editor23ContentWrapperComponentE]+0xa8): undefined reference to `juce::Component::childrenChanged()'
/usr/bin/ld: CMakeFiles/GTS_VST3.dir/workspace/scratch/286141ad5a40/repo-checkout/libs/JUCE/modules/juce_audio_plugin_client/juce_audio_plugin_client_VST3.cpp.o:(.data.rel.ro._ZTVN4juce22JuceVST3EditController14JuceVST3Editor23ContentWrapperComponentE[_ZTVN4juce22JuceVST3EditController14JuceVST3Editor23ContentWrapperComponentE]+0xb0): undefined reference to `juce::Component::hitTest(int, int)'
/usr/bin/ld: CMakeFiles/GTS_VST3.dir/workspace/scratch/286141ad5a40/repo-checkout/libs/JUCE/modules/juce_audio_plugin_client/juce_audio_plugin_client_VST3.cpp.o:(.data.rel.ro._ZTVN4juce22JuceVST3EditController14JuceVST3Editor23ContentWrapperComponentE[_ZTVN4juce22JuceVST3EditController14JuceVST3Editor23ContentWrapperComponentE]+0xd8): undefined reference to `juce::Component::lookAndFeelChanged()'
/usr/bin/ld: CMakeFiles/GTS_VST3.dir/workspace/scratch/286141ad5a40/repo-checkout/libs/JUCE/modules/juce_audio_plugin_client/juce_audio_plugin_client_VST3.cpp.o:(.data.rel.ro._ZTVN4juce22JuceVST3EditController14JuceVST3Editor23ContentWrapperComponentE[_ZTVN4juce22JuceVST3EditController14JuceVST3Editor23ContentWrapperComponentE]+0xe0): undefined reference to `juce::Component::createFocusTraverser()'
/usr/bin/ld: CMakeFiles/GTS_VST3.dir/workspace/scratch/286141ad5a40/repo-checkout/libs/JUCE/modules/juce_audio_plugin_client/juce_audio_plugin_client_VST3.cpp.o:(.data.rel.ro._ZTVN4juce22JuceVST3EditController14JuceVST3Editor23ContentWrapperComponentE[_ZTVN4juce22JuceVST3EditController14JuceVST3Editor23ContentWrapperComponentE]+0xe8): undefined reference to `juce::Component::createKeyboardFocusTraverser()'
/usr/bin/ld: CMakeFiles/GTS_VST3.dir/workspace/scratch/286141ad5a40/repo-checkout/libs/JUCE/modules/juce_audio_plugin_client/juce_audio_plugin_client_VST3.cpp.o:(.data.rel.ro._ZTVN4juce22JuceVST3EditController14JuceVST3Editor23ContentWrapperComponentE[_ZTVN4juce22JuceVST3EditController14JuceVST3Editor23ContentWrapperComponentE]+0xf0): undefined reference to `juce::Component::enablementChanged()'
/usr/bin/ld: CMakeFiles/GTS_VST3.dir/workspace/scratch/286141ad5a40/repo-checkout/libs/JUCE/modules/juce_audio_plugin_client/juce_audio_plugin_client_VST3.cpp.o:(.data.rel.ro._ZTVN4juce22JuceVST3EditController14JuceVST3Editor23ContentWrapperComponentE[_ZTVN4juce22JuceVST3EditController14JuceVST3Editor23ContentWrapperComponentE]+0xf8): undefined reference to `juce::Component::alphaChanged()'
/usr/bin/ld: CMakeFiles/GTS_VST3.dir/workspace/scratch/286141ad5a40/repo-checkout/libs/JUCE/modules/juce_audio_plugin_client/juce_audio_plugin_client_VST3.cpp.o:(.data.rel.ro._ZTVN4juce22JuceVST3EditController14JuceVST3Editor23ContentWrapperComponentE[_ZTVN4juce22JuceVST3EditController14JuceVST3Editor23ContentWrapperComponentE]+0x100): undefined reference to `juce::Component::getMouseCursor()'
/usr/bin/ld: CMakeFiles/GTS_VST3.dir/workspace/scratch/286141ad5a40/repo-checkout/libs/JUCE/modules/juce_audio_plugin_client/juce_audio_plugin_client_VST3.cpp.o:(.data.rel.ro._ZTVN4juce22JuceVST3EditController14JuceVST3Editor23ContentWrapperComponentE[_ZTVN4juce22JuceVST3EditController14JuceVST3Editor23ContentWrapperComponentE]+0x110): undefined reference to `juce::Component::paintOverChildren(juce::Graphics&)'
/usr/bin/ld: CMakeFiles/GTS_VST3.dir/workspace/scratch/286141ad5a40/repo-checkout/libs/JUCE/modules/juce_audio_plugin_client/juce_audio_plugin_client_VST3.cpp.o:(.data.rel.ro._ZTVN4juce22JuceVST3EditController14JuceVST3Editor23ContentWrapperComponentE[_ZTVN4juce22JuceVST3EditController14JuceVST3Editor23ContentWrapperComponentE]+0x118): undefined reference to `juce::Component::keyPressed(juce::KeyPress const&)'
/usr/bin/ld: CMakeFiles/GTS_VST3.dir/workspace/scratch/286141ad5a40/repo-checkout/libs/JUCE/modules/juce_audio_plugin_client/juce_audio_plugin_client_VST3.cpp.o:(.data.rel.ro._ZTVN4juce22JuceVST3EditController14JuceVST3Editor23ContentWrapperComponentE[_ZTVN4juce22JuceVST3EditController14JuceVST3Editor23ContentWrapperComponentE]+0x120): undefined reference to `juce::Component::keyStateChanged(bool)'
/usr/bin/ld: CMakeFiles/GTS_VST3.dir/workspace/scratch/286141ad5a40/repo-checkout/libs/JUCE/modules/juce_audio_plugin_client/juce_audio_plugin_client_VST3.cpp.o:(.data.rel.ro._ZTVN4juce22JuceVST3EditController14JuceVST3Editor23ContentWrapperComponentE[_ZTVN4juce22JuceVST3EditController14JuceVST3Editor23ContentWrapperComponentE]+0x128): undefined reference to `juce::Component::modifierKeysChanged(juce::ModifierKeys const&)'
/usr/bin/ld: CMakeFiles/GTS_VST3.dir/workspace/scratch/286141ad5a40/repo-checkout/libs/JUCE/modules/juce_audio_plugin_client/juce_audio_plugin_client_VST3.cpp.o:(.data.rel.ro._ZTVN4juce22JuceVST3EditController14JuceVST3Editor23ContentWrapperComponentE[_ZTVN4juce22JuceVST3EditController14JuceVST3Editor23ContentWrapperComponentE]+0x130): undefined reference to `juce::Component::focusGained(juce::Component::FocusChangeType)'
/usr/bin/ld: CMakeFiles/GTS_VST3.dir/workspace/scratch/286141ad5a40/repo-checkout/libs/JUCE/modules/juce_audio_plugin_client/juce_audio_plugin_client_VST3.cpp.o:(.data.rel.ro._ZTVN4juce22JuceVST3EditController14JuceVST3Editor23ContentWrapperComponentE[_ZTVN4juce22JuceVST3EditController14JuceVST3Editor23ContentWrapperComponentE]+0x138): undefined reference to `juce::Component::focusGainedWithDirection(juce::Component::FocusChangeType, juce::Component::FocusChangeDirection)'
/usr/bin/ld: CMakeFiles/GTS_VST3.dir/workspace/scratch/286141ad5a40/repo-checkout/libs/JUCE/modules/juce_audio_plugin_client/juce_audio_plugin_client_VST3.cpp.o:(.data.rel.ro._ZTVN4juce22JuceVST3EditController14JuceVST3Editor23ContentWrapperComponentE[_ZTVN4juce22JuceVST3EditController14JuceVST3Editor23ContentWrapperComponentE]+0x140): undefined reference to `juce::Component::focusLost(juce::Component::FocusChangeType)'
/usr/bin/ld: CMakeFiles/GTS_VST3.dir/workspace/scratch/286141ad5a40/repo-checkout/libs/JUCE/modules/juce_audio_plugin_client/juce_audio_plugin_client_VST3.cpp.o:(.data.rel.ro._ZTVN4juce22JuceVST3EditController14JuceVST3Editor23ContentWrapperComponentE[_ZTVN4juce22JuceVST3EditController14JuceVST3Editor23ContentWrapperComponentE]+0x148): undefined reference to `juce::Component::focusOfChildComponentChanged(juce::Component::FocusChangeType)'
/usr/bin/ld: CMakeFiles/GTS_VST3.dir/workspace/scratch/286141ad5a40/repo-checkout/libs/JUCE/modules/juce_audio_plugin_client/juce_audio_plugin_client_VST3.cpp.o:(.data.rel.ro._ZTVN4juce22JuceVST3EditController14JuceVST3Editor23ContentWrapperComponentE[_ZTVN4juce22JuceVST3EditController14JuceVST3Editor23ContentWrapperComponentE]+0x158): undefined reference to `juce::Component::moved()'
/usr/bin/ld: CMakeFiles/GTS_VST3.dir/workspace/scratch/286141ad5a40/repo-checkout/libs/JUCE/modules/juce_audio_plugin_client/juce_audio_plugin_client_VST3.cpp.o:(.data.rel.ro._ZTVN4juce22JuceVST3EditController14JuceVST3Editor23ContentWrapperComponentE[_ZTVN4juce22JuceVST3EditController14JuceVST3Editor23ContentWrapperComponentE]+0x170): undefined reference to `juce::Component::broughtToFront()'
/usr/bin/ld: CMakeFiles/GTS_VST3.dir/workspace/scratch/286141ad5a40/repo-checkout/libs/JUCE/modules/juce_audio_plugin_client/juce_audio_plugin_client_VST3.cpp.o:(.data.rel.ro._ZTVN4juce22JuceVST3EditController14JuceVST3Editor23ContentWrapperComponentE[_ZTVN4juce22JuceVST3EditController14JuceVST3Editor23ContentWrapperComponentE]+0x178): undefined reference to `juce::Component::handleCommandMessage(int)'
/usr/bin/ld: CMakeFiles/GTS_VST3.dir/workspace/scratch/286141ad5a40/repo-checkout/libs/JUCE/modules/juce_audio_plugin_client/juce_audio_plugin_client_VST3.cpp.o:(.data.rel.ro._ZTVN4juce22JuceVST3EditController14JuceVST3Editor23ContentWrapperComponentE[_ZTVN4juce22JuceVST3EditController14JuceVST3Editor23ContentWrapperComponentE]+0x180): undefined reference to `juce::Component::canModalEventBeSentToComponent(juce::Component const*)'
/usr/bin/ld: CMakeFiles/GTS_VST3.dir/workspace/scratch/286141ad5a40/repo-checkout/libs/JUCE/modules/juce_audio_plugin_client/juce_audio_plugin_client_VST3.cpp.o:(.data.rel.ro._ZTVN4juce22JuceVST3EditController14JuceVST3Editor23ContentWrapperComponentE[_ZTVN4juce22JuceVST3EditController14JuceVST3Editor23ContentWrapperComponentE]+0x188): undefined reference to `juce::Component::inputAttemptWhenModal()'
/usr/bin/ld: CMakeFiles/GTS_VST3.dir/workspace/scratch/286141ad5a40/repo-checkout/libs/JUCE/modules/juce_audio_plugin_client/juce_audio_plugin_client_VST3.cpp.o:(.data.rel.ro._ZTVN4juce22JuceVST3EditController14JuceVST3Editor23ContentWrapperComponentE[_ZTVN4juce22JuceVST3EditController14JuceVST3Editor23ContentWrapperComponentE]+0x190): undefined reference to `juce::Component::colourChanged()'
/usr/bin/ld: CMakeFiles/GTS_VST3.dir/workspace/scratch/286141ad5a40/repo-checkout/libs/JUCE/modules/juce_audio_plugin_client/juce_audio_plugin_client_VST3.cpp.o:(.data.rel.ro._ZTVN4juce22JuceVST3EditController14JuceVST3Editor23ContentWrapperComponentE[_ZTVN4juce22JuceVST3EditController14JuceVST3Editor23ContentWrapperComponentE]+0x198): undefined reference to `juce::Component::createAccessibilityHandler()'
/usr/bin/ld: CMakeFiles/GTS_VST3.dir/workspace/scratch/286141ad5a40/repo-checkout/libs/JUCE/modules/juce_audio_plugin_client/juce_audio_plugin_client_VST3.cpp.o:(.data.rel.ro._ZTVN4juce22JuceVST3EditController14JuceVST3Editor23ContentWrapperComponentE[_ZTVN4juce22JuceVST3EditController14JuceVST3Editor23ContentWrapperComponentE]+0x1a0): undefined reference to `juce::Component::createNewPeer(int, void*)'
/usr/bin/ld: GTS_artefacts/Release/libGTS_SharedCode.a(FaustJuceProcessor.cpp.o): in function `std::_Function_handler<void (), za::pluginui::MarkdownHelpOverlay::MarkdownHelpOverlay()::{lambda()#1}>::_M_invoke(std::_Any_data const&)':
FaustJuceProcessor.cpp:(.text._ZNSt17_Function_handlerIFvvEZN2za8pluginui19MarkdownHelpOverlayC4EvEUlvE_E9_M_invokeERKSt9_Any_data[_ZNSt17_Function_handlerIFvvEZN2za8pluginui19MarkdownHelpOverlayC4EvEUlvE_E9_M_invokeERKSt9_Any_data]+0xa): undefined reference to `juce::Component::setVisible(bool)'
/usr/bin/ld: GTS_artefacts/Release/libGTS_SharedCode.a(FaustJuceProcessor.cpp.o): in function `FaustJuceEditor::paint(juce::Graphics&)':
FaustJuceProcessor.cpp:(.text._ZN15FaustJuceEditor5paintERN4juce8GraphicsE[_ZN15FaustJuceEditor5paintERN4juce8GraphicsE]+0x10): undefined reference to `juce::Component::findColour(int, bool) const'
/usr/bin/ld: GTS_artefacts/Release/libGTS_SharedCode.a(FaustJuceProcessor.cpp.o): in function `za::pluginui::MarkdownHelpOverlay::keyPressed(juce::KeyPress const&)':
FaustJuceProcessor.cpp:(.text._ZN2za8pluginui19MarkdownHelpOverlay10keyPressedERKN4juce8KeyPressE[_ZN2za8pluginui19MarkdownHelpOverlay10keyPressedERKN4juce8KeyPressE]+0x1e): undefined reference to `juce::KeyPress::escapeKey'
/usr/bin/ld: FaustJuceProcessor.cpp:(.text._ZN2za8pluginui19MarkdownHelpOverlay10keyPressedERKN4juce8KeyPressE[_ZN2za8pluginui19MarkdownHelpOverlay10keyPressedERKN4juce8KeyPressE]+0x25): undefined reference to `juce::KeyPress::operator==(int) const'
/usr/bin/ld: FaustJuceProcessor.cpp:(.text._ZN2za8pluginui19MarkdownHelpOverlay10keyPressedERKN4juce8KeyPressE[_ZN2za8pluginui19MarkdownHelpOverlay10keyPressedERKN4juce8KeyPressE]+0x4d): undefined reference to `juce::Viewport::getMaximumVisibleHeight() const'
/usr/bin/ld: FaustJuceProcessor.cpp:(.text._ZN2za8pluginui19MarkdownHelpOverlay10keyPressedERKN4juce8KeyPressE[_ZN2za8pluginui19MarkdownHelpOverlay10keyPressedERKN4juce8KeyPressE]+0x61): undefined reference to `juce::Viewport::getMaximumVisibleHeight() const'
/usr/bin/ld: FaustJuceProcessor.cpp:(.text._ZN2za8pluginui19MarkdownHelpOverlay10keyPressedERKN4juce8KeyPressE[_ZN2za8pluginui19MarkdownHelpOverlay10keyPressedERKN4juce8KeyPressE]+0x6e): undefined reference to `juce::KeyPress::upKey'
/usr/bin/ld: FaustJuceProcessor.cpp:(.text._ZN2za8pluginui19MarkdownHelpOverlay10keyPressedERKN4juce8KeyPressE[_ZN2za8pluginui19MarkdownHelpOverlay10keyPressedERKN4juce8KeyPressE]+0x75): undefined reference to `juce::KeyPress::operator==(int) const'
/usr/bin/ld: FaustJuceProcessor.cpp:(.text._ZN2za8pluginui19MarkdownHelpOverlay10keyPressedERKN4juce8KeyPressE[_ZN2za8pluginui19MarkdownHelpOverlay10keyPressedERKN4juce8KeyPressE]+0x93): undefined reference to `juce::KeyPress::downKey'
/usr/bin/ld: FaustJuceProcessor.cpp:(.text._ZN2za8pluginui19MarkdownHelpOverlay10keyPressedERKN4juce8KeyPressE[_ZN2za8pluginui19MarkdownHelpOverlay10keyPressedERKN4juce8KeyPressE]+0x9a): undefined reference to `juce::KeyPress::operator==(int) const'
/usr/bin/ld: FaustJuceProcessor.cpp:(.text._ZN2za8pluginui19MarkdownHelpOverlay10keyPressedERKN4juce8KeyPressE[_ZN2za8pluginui19MarkdownHelpOverlay10keyPressedERKN4juce8KeyPressE]+0xc1): undefined reference to `juce::KeyPress::pageUpKey'
/usr/bin/ld: FaustJuceProcessor.cpp:(.text._ZN2za8pluginui19MarkdownHelpOverlay10keyPressedERKN4juce8KeyPressE[_ZN2za8pluginui19MarkdownHelpOverlay10keyPressedERKN4juce8KeyPressE]+0xc8): undefined reference to `juce::KeyPress::operator==(int) const'
/usr/bin/ld: FaustJuceProcessor.cpp:(.text._ZN2za8pluginui19MarkdownHelpOverlay10keyPressedERKN4juce8KeyPressE[_ZN2za8pluginui19MarkdownHelpOverlay10keyPressedERKN4juce8KeyPressE]+0xd7): undefined reference to `juce::KeyPress::pageDownKey'
/usr/bin/ld: FaustJuceProcessor.cpp:(.text._ZN2za8pluginui19MarkdownHelpOverlay10keyPressedERKN4juce8KeyPressE[_ZN2za8pluginui19MarkdownHelpOverlay10keyPressedERKN4juce8KeyPressE]+0xe1): undefined reference to `juce::KeyPress::operator==(int) const'
/usr/bin/ld: FaustJuceProcessor.cpp:(.text._ZN2za8pluginui19MarkdownHelpOverlay10keyPressedERKN4juce8KeyPressE[_ZN2za8pluginui19MarkdownHelpOverlay10keyPressedERKN4juce8KeyPressE]+0xf0): undefined reference to `juce::KeyPress::homeKey'
/usr/bin/ld: FaustJuceProcessor.cpp:(.text._ZN2za8pluginui19MarkdownHelpOverlay10keyPressedERKN4juce8KeyPressE[_ZN2za8pluginui19MarkdownHelpOverlay10keyPressedERKN4juce8KeyPressE]+0xfa): undefined reference to `juce::KeyPress::operator==(int) const'
/usr/bin/ld: FaustJuceProcessor.cpp:(.text._ZN2za8pluginui19MarkdownHelpOverlay10keyPressedERKN4juce8KeyPressE[_ZN2za8pluginui19MarkdownHelpOverlay10keyPressedERKN4juce8KeyPressE]+0x109): undefined reference to `juce::KeyPress::endKey'
/usr/bin/ld: FaustJuceProcessor.cpp:(.text._ZN2za8pluginui19MarkdownHelpOverlay10keyPressedERKN4juce8KeyPressE[_ZN2za8pluginui19MarkdownHelpOverlay10keyPressedERKN4juce8KeyPressE]+0x113): undefined reference to `juce::KeyPress::operator==(int) const'
/usr/bin/ld: FaustJuceProcessor.cpp:(.text._ZN2za8pluginui19MarkdownHelpOverlay10keyPressedERKN4juce8KeyPressE[_ZN2za8pluginui19MarkdownHelpOverlay10keyPressedERKN4juce8KeyPressE]+0x125): undefined reference to `juce::Viewport::setViewPosition(int, int)'
/usr/bin/ld: FaustJuceProcessor.cpp:(.text._ZN2za8pluginui19MarkdownHelpOverlay10keyPressedERKN4juce8KeyPressE[_ZN2za8pluginui19MarkdownHelpOverlay10keyPressedERKN4juce8KeyPressE]+0x144): undefined reference to `juce::Viewport::setViewPosition(int, int)'
/usr/bin/ld: FaustJuceProcessor.cpp:(.text._ZN2za8pluginui19MarkdownHelpOverlay10keyPressedERKN4juce8KeyPressE[_ZN2za8pluginui19MarkdownHelpOverlay10keyPressedERKN4juce8KeyPressE]+0x166): undefined reference to `juce::Component::setVisible(bool)'
/usr/bin/ld: FaustJuceProcessor.cpp:(.text._ZN2za8pluginui19MarkdownHelpOverlay10keyPressedERKN4juce8KeyPressE[_ZN2za8pluginui19MarkdownHelpOverlay10keyPressedERKN4juce8KeyPressE]+0x193): undefined reference to `juce::Viewport::setViewPosition(int, int)'
/usr/bin/ld: FaustJuceProcessor.cpp:(.text._ZN2za8pluginui19MarkdownHelpOverlay10keyPressedERKN4juce8KeyPressE[_ZN2za8pluginui19MarkdownHelpOverlay10keyPressedERKN4juce8KeyPressE]+0x1b4): undefined reference to `juce::Viewport::setViewPosition(int, int)'
/usr/bin/ld: FaustJuceProcessor.cpp:(.text._ZN2za8pluginui19MarkdownHelpOverlay10keyPressedERKN4juce8KeyPressE[_ZN2za8pluginui19MarkdownHelpOverlay10keyPressedERKN4juce8KeyPressE]+0x1c9): undefined reference to `juce::Viewport::setViewPosition(int, int)'
/usr/bin/ld: GTS_artefacts/Release/libGTS_SharedCode.a(FaustJuceProcessor.cpp.o): in function `za::pluginui::MarkdownHelpOverlay::mouseUp(juce::MouseEvent const&)':
FaustJuceProcessor.cpp:(.text._ZN2za8pluginui19MarkdownHelpOverlay7mouseUpERKN4juce10MouseEventE[_ZN2za8pluginui19MarkdownHelpOverlay7mouseUpERKN4juce10MouseEventE]+0xc): undefined reference to `juce::MouseEvent::getPosition() const'
/usr/bin/ld: FaustJuceProcessor.cpp:(.text._ZN2za8pluginui19MarkdownHelpOverlay7mouseUpERKN4juce10MouseEventE[_ZN2za8pluginui19MarkdownHelpOverlay7mouseUpERKN4juce10MouseEventE]+0x4f): undefined reference to `juce::Component::setVisible(bool)'
/usr/bin/ld: GTS_artefacts/Release/libGTS_SharedCode.a(FaustJuceProcessor.cpp.o): in function `FaustJuceEditor::resized()':
FaustJuceProcessor.cpp:(.text._ZN15FaustJuceEditor7resizedEv[_ZN15FaustJuceEditor7resizedEv]+0x1d): undefined reference to `juce::Component::getLocalBounds() const'
/usr/bin/ld: FaustJuceProcessor.cpp:(.text._ZN15FaustJuceEditor7resizedEv[_ZN15FaustJuceEditor7resizedEv]+0x60): undefined reference to `juce::Component::setBounds(int, int, int, int)'
/usr/bin/ld: FaustJuceProcessor.cpp:(.text._ZN15FaustJuceEditor7resizedEv[_ZN15FaustJuceEditor7resizedEv]+0x6e): undefined reference to `juce::Component::toFront(bool)'
/usr/bin/ld: FaustJuceProcessor.cpp:(.text._ZN15FaustJuceEditor7resizedEv[_ZN15FaustJuceEditor7resizedEv]+0x8c): undefined reference to `juce::Component::setBounds(juce::Rectangle<int>)'
/usr/bin/ld: FaustJuceProcessor.cpp:(.text._ZN15FaustJuceEditor7resizedEv[_ZN15FaustJuceEditor7resizedEv]+0x9e): undefined reference to `juce::Viewport::getMaximumVisibleWidth() const'
/usr/bin/ld: FaustJuceProcessor.cpp:(.text._ZN15FaustJuceEditor7resizedEv[_ZN15FaustJuceEditor7resizedEv]+0xa8): undefined reference to `juce::Viewport::getMaximumVisibleHeight() const'
/usr/bin/ld: FaustJuceProcessor.cpp:(.text._ZN15FaustJuceEditor7resizedEv[_ZN15FaustJuceEditor7resizedEv]+0xcb): undefined reference to `juce::Component::setSize(int, int)'
/usr/bin/ld: FaustJuceProcessor.cpp:(.text._ZN15FaustJuceEditor7resizedEv[_ZN15FaustJuceEditor7resizedEv]+0xd3): undefined reference to `juce::Component::getLocalBounds() const'
/usr/bin/ld: FaustJuceProcessor.cpp:(.text._ZN15FaustJuceEditor7resizedEv[_ZN15FaustJuceEditor7resizedEv]+0xf0): undefined reference to `juce::Component::setBounds(juce::Rectangle<int>)'
/usr/bin/ld: GTS_artefacts/Release/libGTS_SharedCode.a(FaustJuceProcessor.cpp.o): in function `za::pluginui::MarkdownDocumentComponent::~MarkdownDocumentComponent()':
FaustJuceProcessor.cpp:(.text._ZN2za8pluginui25MarkdownDocumentComponentD2Ev[_ZN2za8pluginui25MarkdownDocumentComponentD5Ev]+0x11e): undefined reference to `juce::Component::~Component()'
/usr/bin/ld: GTS_artefacts/Release/libGTS_SharedCode.a(FaustJuceProcessor.cpp.o): in function `za::pluginui::MarkdownDocumentComponent::~MarkdownDocumentComponent()':
FaustJuceProcessor.cpp:(.text._ZN2za8pluginui25MarkdownDocumentComponentD0Ev[_ZN2za8pluginui25MarkdownDocumentComponentD5Ev]+0x116): undefined reference to `juce::Component::~Component()'
/usr/bin/ld: GTS_artefacts/Release/libGTS_SharedCode.a(FaustJuceProcessor.cpp.o): in function `za::pluginui::MarkdownDocumentComponent::ensureLayout(int)':
FaustJuceProcessor.cpp:(.text._ZN2za8pluginui25MarkdownDocumentComponent12ensureLayoutEi[_ZN2za8pluginui25MarkdownDocumentComponent12ensureLayoutEi]+0x6be): undefined reference to `juce::Component::setSize(int, int)'
/usr/bin/ld: GTS_artefacts/Release/libGTS_SharedCode.a(FaustJuceProcessor.cpp.o): in function `FaustJuceEditor::showHelp()':
FaustJuceProcessor.cpp:(.text._ZN15FaustJuceEditor8showHelpEv[_ZN15FaustJuceEditor8showHelpEv]+0x3c4): undefined reference to `juce::Label::setText(juce::String const&, juce::NotificationType)'
/usr/bin/ld: FaustJuceProcessor.cpp:(.text._ZN15FaustJuceEditor8showHelpEv[_ZN15FaustJuceEditor8showHelpEv]+0x4d9): undefined reference to `juce::Component::repaint()'
/usr/bin/ld: FaustJuceProcessor.cpp:(.text._ZN15FaustJuceEditor8showHelpEv[_ZN15FaustJuceEditor8showHelpEv]+0x4fc): undefined reference to `juce::Viewport::getMaximumVisibleWidth() const'
/usr/bin/ld: FaustJuceProcessor.cpp:(.text._ZN15FaustJuceEditor8showHelpEv[_ZN15FaustJuceEditor8showHelpEv]+0x529): undefined reference to `juce::Component::setBounds(int, int, int, int)'
/usr/bin/ld: FaustJuceProcessor.cpp:(.text._ZN15FaustJuceEditor8showHelpEv[_ZN15FaustJuceEditor8showHelpEv]+0x535): undefined reference to `juce::Viewport::setViewPosition(int, int)'
/usr/bin/ld: FaustJuceProcessor.cpp:(.text._ZN15FaustJuceEditor8showHelpEv[_ZN15FaustJuceEditor8showHelpEv]+0x549): undefined reference to `juce::Component::setVisible(bool)'
/usr/bin/ld: FaustJuceProcessor.cpp:(.text._ZN15FaustJuceEditor8showHelpEv[_ZN15FaustJuceEditor8showHelpEv]+0x556): undefined reference to `juce::Component::toFront(bool)'
/usr/bin/ld: FaustJuceProcessor.cpp:(.text._ZN15FaustJuceEditor8showHelpEv[_ZN15FaustJuceEditor8showHelpEv]+0x55e): undefined reference to `juce::Component::grabKeyboardFocus()'
/usr/bin/ld: FaustJuceProcessor.cpp:(.text._ZN15FaustJuceEditor8showHelpEv[_ZN15FaustJuceEditor8showHelpEv]+0x56d): undefined reference to `juce::Component::getLocalBounds() const'
/usr/bin/ld: FaustJuceProcessor.cpp:(.text._ZN15FaustJuceEditor8showHelpEv[_ZN15FaustJuceEditor8showHelpEv]+0x5b0): undefined reference to `juce::Component::setBounds(int, int, int, int)'
/usr/bin/ld: FaustJuceProcessor.cpp:(.text._ZN15FaustJuceEditor8showHelpEv[_ZN15FaustJuceEditor8showHelpEv]+0x5ba): undefined reference to `juce::Component::toFront(bool)'
/usr/bin/ld: FaustJuceProcessor.cpp:(.text._ZN15FaustJuceEditor8showHelpEv[_ZN15FaustJuceEditor8showHelpEv]+0x5e1): undefined reference to `juce::Component::setBounds(juce::Rectangle<int>)'
/usr/bin/ld: FaustJuceProcessor.cpp:(.text._ZN15FaustJuceEditor8showHelpEv[_ZN15FaustJuceEditor8showHelpEv]+0x5f3): undefined reference to `juce::Viewport::getMaximumVisibleWidth() const'
/usr/bin/ld: FaustJuceProcessor.cpp:(.text._ZN15FaustJuceEditor8showHelpEv[_ZN15FaustJuceEditor8showHelpEv]+0x607): undefined reference to `juce::Viewport::getMaximumVisibleHeight() const'
/usr/bin/ld: FaustJuceProcessor.cpp:(.text._ZN15FaustJuceEditor8showHelpEv[_ZN15FaustJuceEditor8showHelpEv]+0x620): undefined reference to `juce::Component::setSize(int, int)'
/usr/bin/ld: FaustJuceProcessor.cpp:(.text._ZN15FaustJuceEditor8showHelpEv[_ZN15FaustJuceEditor8showHelpEv]+0x628): undefined reference to `juce::Component::getLocalBounds() const'
/usr/bin/ld: FaustJuceProcessor.cpp:(.text._ZN15FaustJuceEditor8showHelpEv[_ZN15FaustJuceEditor8showHelpEv]+0x633): undefined reference to `juce::Component::setBounds(juce::Rectangle<int>)'
/usr/bin/ld: GTS_artefacts/Release/libGTS_SharedCode.a(FaustJuceProcessor.cpp.o): in function `std::_Function_handler<void (), FaustJuceEditor::FaustJuceEditor(FaustJuceProcessor&)::{lambda()#1}>::_M_invoke(std::_Any_data const&)':
FaustJuceProcessor.cpp:(.text._ZNSt17_Function_handlerIFvvEZN15FaustJuceEditorC4ER18FaustJuceProcessorEUlvE_E9_M_invokeERKSt9_Any_data[_ZNSt17_Function_handlerIFvvEZN15FaustJuceEditorC4ER18FaustJuceProcessorEUlvE_E9_M_invokeERKSt9_Any_data]+0x1a): undefined reference to `juce::Component::setVisible(bool)'
/usr/bin/ld: GTS_artefacts/Release/libGTS_SharedCode.a(FaustJuceProcessor.cpp.o): in function `za::pluginui::MarkdownHelpOverlay::resized()':
FaustJuceProcessor.cpp:(.text._ZN2za8pluginui19MarkdownHelpOverlay7resizedEv[_ZN2za8pluginui19MarkdownHelpOverlay7resizedEv]+0x16): undefined reference to `juce::Component::getLocalBounds() const'
/usr/bin/ld: FaustJuceProcessor.cpp:(.text._ZN2za8pluginui19MarkdownHelpOverlay7resizedEv[_ZN2za8pluginui19MarkdownHelpOverlay7resizedEv]+0x167): undefined reference to `juce::Component::setBounds(juce::Rectangle<int>)'
/usr/bin/ld: FaustJuceProcessor.cpp:(.text._ZN2za8pluginui19MarkdownHelpOverlay7resizedEv[_ZN2za8pluginui19MarkdownHelpOverlay7resizedEv]+0x1ec): undefined reference to `juce::Component::setBounds(juce::Rectangle<int>)'
/usr/bin/ld: FaustJuceProcessor.cpp:(.text._ZN2za8pluginui19MarkdownHelpOverlay7resizedEv[_ZN2za8pluginui19MarkdownHelpOverlay7resizedEv]+0x203): undefined reference to `juce::Component::setBounds(juce::Rectangle<int>)'
/usr/bin/ld: FaustJuceProcessor.cpp:(.text._ZN2za8pluginui19MarkdownHelpOverlay7resizedEv[_ZN2za8pluginui19MarkdownHelpOverlay7resizedEv]+0x253): undefined reference to `juce::Component::setBounds(juce::Rectangle<int>)'
/usr/bin/ld: FaustJuceProcessor.cpp:(.text._ZN2za8pluginui19MarkdownHelpOverlay7resizedEv[_ZN2za8pluginui19MarkdownHelpOverlay7resizedEv]+0x280): undefined reference to `juce::Viewport::getMaximumVisibleWidth() const'
/usr/bin/ld: FaustJuceProcessor.cpp:(.text._ZN2za8pluginui19MarkdownHelpOverlay7resizedEv[_ZN2za8pluginui19MarkdownHelpOverlay7resizedEv]+0x2b3): undefined reference to `juce::Component::setBounds(int, int, int, int)'
/usr/bin/ld: GTS_artefacts/Release/libGTS_SharedCode.a(FaustJuceProcessor.cpp.o): in function `za::pluginui::MarkdownHelpOverlay::MarkdownHelpOverlay()':
FaustJuceProcessor.cpp:(.text._ZN2za8pluginui19MarkdownHelpOverlayC2Ev[_ZN2za8pluginui19MarkdownHelpOverlayC5Ev]+0x37): undefined reference to `juce::Component::Component()'
/usr/bin/ld: FaustJuceProcessor.cpp:(.text._ZN2za8pluginui19MarkdownHelpOverlayC2Ev[_ZN2za8pluginui19MarkdownHelpOverlayC5Ev]+0x6b): undefined reference to `juce::Label::Label(juce::String const&, juce::String const&)'
/usr/bin/ld: FaustJuceProcessor.cpp:(.text._ZN2za8pluginui19MarkdownHelpOverlayC2Ev[_ZN2za8pluginui19MarkdownHelpOverlayC5Ev]+0xa0): undefined reference to `juce::Label::Label(juce::String const&, juce::String const&)'
/usr/bin/ld: FaustJuceProcessor.cpp:(.text._ZN2za8pluginui19MarkdownHelpOverlayC2Ev[_ZN2za8pluginui19MarkdownHelpOverlayC5Ev]+0xc4): undefined reference to `juce::TextButton::TextButton()'
/usr/bin/ld: FaustJuceProcessor.cpp:(.text._ZN2za8pluginui19MarkdownHelpOverlayC2Ev[_ZN2za8pluginui19MarkdownHelpOverlayC5Ev]+0xde): undefined reference to `juce::Viewport::Viewport(juce::String const&)'
/usr/bin/ld: FaustJuceProcessor.cpp:(.text._ZN2za8pluginui19MarkdownHelpOverlayC2Ev[_ZN2za8pluginui19MarkdownHelpOverlayC5Ev]+0xf9): undefined reference to `juce::Component::Component()'
/usr/bin/ld: FaustJuceProcessor.cpp:(.text._ZN2za8pluginui19MarkdownHelpOverlayC2Ev[_ZN2za8pluginui19MarkdownHelpOverlayC5Ev]+0x14d): undefined reference to `juce::Component::setOpaque(bool)'
/usr/bin/ld: FaustJuceProcessor.cpp:(.text._ZN2za8pluginui19MarkdownHelpOverlayC2Ev[_ZN2za8pluginui19MarkdownHelpOverlayC5Ev]+0x169): undefined reference to `juce::Label::setText(juce::String const&, juce::NotificationType)'
/usr/bin/ld: FaustJuceProcessor.cpp:(.text._ZN2za8pluginui19MarkdownHelpOverlayC2Ev[_ZN2za8pluginui19MarkdownHelpOverlayC5Ev]+0x17e): undefined reference to `juce::Label::setJustificationType(juce::Justification)'
/usr/bin/ld: FaustJuceProcessor.cpp:(.text._ZN2za8pluginui19MarkdownHelpOverlayC2Ev[_ZN2za8pluginui19MarkdownHelpOverlayC5Ev]+0x1a6): undefined reference to `juce::Label::setFont(juce::Font const&)'
/usr/bin/ld: FaustJuceProcessor.cpp:(.text._ZN2za8pluginui19MarkdownHelpOverlayC2Ev[_ZN2za8pluginui19MarkdownHelpOverlayC5Ev]+0x1c6): undefined reference to `juce::Component::addAndMakeVisible(juce::Component&, int)'
/usr/bin/ld: FaustJuceProcessor.cpp:(.text._ZN2za8pluginui19MarkdownHelpOverlayC2Ev[_ZN2za8pluginui19MarkdownHelpOverlayC5Ev]+0x1e2): undefined reference to `juce::Label::setText(juce::String const&, juce::NotificationType)'
/usr/bin/ld: FaustJuceProcessor.cpp:(.text._ZN2za8pluginui19MarkdownHelpOverlayC2Ev[_ZN2za8pluginui19MarkdownHelpOverlayC5Ev]+0x1f7): undefined reference to `juce::Label::setJustificationType(juce::Justification)'
/usr/bin/ld: FaustJuceProcessor.cpp:(.text._ZN2za8pluginui19MarkdownHelpOverlayC2Ev[_ZN2za8pluginui19MarkdownHelpOverlayC5Ev]+0x214): undefined reference to `juce::Label::setFont(juce::Font const&)'
/usr/bin/ld: FaustJuceProcessor.cpp:(.text._ZN2za8pluginui19MarkdownHelpOverlayC2Ev[_ZN2za8pluginui19MarkdownHelpOverlayC5Ev]+0x23a): undefined reference to `juce::Component::setColour(int, juce::Colour)'
/usr/bin/ld: FaustJuceProcessor.cpp:(.text._ZN2za8pluginui19MarkdownHelpOverlayC2Ev[_ZN2za8pluginui19MarkdownHelpOverlayC5Ev]+0x24a): undefined reference to `juce::Component::addAndMakeVisible(juce::Component&, int)'
/usr/bin/ld: FaustJuceProcessor.cpp:(.text._ZN2za8pluginui19MarkdownHelpOverlayC2Ev[_ZN2za8pluginui19MarkdownHelpOverlayC5Ev]+0x266): undefined reference to `juce::Button::setButtonText(juce::String const&)'
/usr/bin/ld: FaustJuceProcessor.cpp:(.text._ZN2za8pluginui19MarkdownHelpOverlayC2Ev[_ZN2za8pluginui19MarkdownHelpOverlayC5Ev]+0x300): undefined reference to `juce::Button::setTooltip(juce::String const&)'
/usr/bin/ld: FaustJuceProcessor.cpp:(.text._ZN2za8pluginui19MarkdownHelpOverlayC2Ev[_ZN2za8pluginui19MarkdownHelpOverlayC5Ev]+0x318): undefined reference to `juce::Component::addAndMakeVisible(juce::Component&, int)'
/usr/bin/ld: FaustJuceProcessor.cpp:(.text._ZN2za8pluginui19MarkdownHelpOverlayC2Ev[_ZN2za8pluginui19MarkdownHelpOverlayC5Ev]+0x326): undefined reference to `juce::Viewport::setViewedComponent(juce::Component*, bool)'
/usr/bin/ld: FaustJuceProcessor.cpp:(.text._ZN2za8pluginui19MarkdownHelpOverlayC2Ev[_ZN2za8pluginui19MarkdownHelpOverlayC5Ev]+0x33d): undefined reference to `juce::Viewport::setScrollBarsShown(bool, bool, bool, bool)'
/usr/bin/ld: FaustJuceProcessor.cpp:(.text._ZN2za8pluginui19MarkdownHelpOverlayC2Ev[_ZN2za8pluginui19MarkdownHelpOverlayC5Ev]+0x34c): undefined reference to `juce::Viewport::setSingleStepSizes(int, int)'
/usr/bin/ld: FaustJuceProcessor.cpp:(.text._ZN2za8pluginui19MarkdownHelpOverlayC2Ev[_ZN2za8pluginui19MarkdownHelpOverlayC5Ev]+0x35c): undefined reference to `juce::Component::addAndMakeVisible(juce::Component&, int)'
/usr/bin/ld: FaustJuceProcessor.cpp:(.text._ZN2za8pluginui19MarkdownHelpOverlayC2Ev[_ZN2za8pluginui19MarkdownHelpOverlayC5Ev]+0x369): undefined reference to `juce::Component::setWantsKeyboardFocus(bool)'
/usr/bin/ld: FaustJuceProcessor.cpp:(.text._ZN2za8pluginui19MarkdownHelpOverlayC2Ev[_ZN2za8pluginui19MarkdownHelpOverlayC5Ev]+0x376): undefined reference to `juce::Component::setMouseClickGrabsKeyboardFocus(bool)'
/usr/bin/ld: FaustJuceProcessor.cpp:(.text._ZN2za8pluginui19MarkdownHelpOverlayC2Ev[_ZN2za8pluginui19MarkdownHelpOverlayC5Ev]+0x3bf): undefined reference to `juce::Viewport::~Viewport()'
/usr/bin/ld: FaustJuceProcessor.cpp:(.text._ZN2za8pluginui19MarkdownHelpOverlayC2Ev[_ZN2za8pluginui19MarkdownHelpOverlayC5Ev]+0x3cc): undefined reference to `juce::TextButton::~TextButton()'
/usr/bin/ld: FaustJuceProcessor.cpp:(.text._ZN2za8pluginui19MarkdownHelpOverlayC2Ev[_ZN2za8pluginui19MarkdownHelpOverlayC5Ev]+0x3d4): undefined reference to `juce::Label::~Label()'
/usr/bin/ld: FaustJuceProcessor.cpp:(.text._ZN2za8pluginui19MarkdownHelpOverlayC2Ev[_ZN2za8pluginui19MarkdownHelpOverlayC5Ev]+0x3dc): undefined reference to `juce::Label::~Label()'
/usr/bin/ld: FaustJuceProcessor.cpp:(.text._ZN2za8pluginui19MarkdownHelpOverlayC2Ev[_ZN2za8pluginui19MarkdownHelpOverlayC5Ev]+0x3e4): undefined reference to `juce::Component::~Component()'
/usr/bin/ld: FaustJuceProcessor.cpp:(.text._ZN2za8pluginui19MarkdownHelpOverlayC2Ev[_ZN2za8pluginui19MarkdownHelpOverlayC5Ev]+0x548): undefined reference to `juce::Component::~Component()'
/usr/bin/ld: FaustJuceProcessor.cpp:(.text._ZN2za8pluginui19MarkdownHelpOverlayC2Ev[_ZN2za8pluginui19MarkdownHelpOverlayC5Ev]+0x3a6): undefined reference to `juce::Component::setInterceptsMouseClicks(bool, bool)'
/usr/bin/ld: GTS_artefacts/Release/libGTS_SharedCode.a(FaustJuceProcessor.cpp.o): in function `za::pluginui::MarkdownHelpOverlay::~MarkdownHelpOverlay()':
FaustJuceProcessor.cpp:(.text._ZN2za8pluginui19MarkdownHelpOverlayD2Ev[_ZN2za8pluginui19MarkdownHelpOverlayD5Ev]+0x12d): undefined reference to `juce::Component::~Component()'
/usr/bin/ld: FaustJuceProcessor.cpp:(.text._ZN2za8pluginui19MarkdownHelpOverlayD2Ev[_ZN2za8pluginui19MarkdownHelpOverlayD5Ev]+0x139): undefined reference to `juce::Viewport::~Viewport()'
/usr/bin/ld: FaustJuceProcessor.cpp:(.text._ZN2za8pluginui19MarkdownHelpOverlayD2Ev[_ZN2za8pluginui19MarkdownHelpOverlayD5Ev]+0x145): undefined reference to `juce::TextButton::~TextButton()'
/usr/bin/ld: FaustJuceProcessor.cpp:(.text._ZN2za8pluginui19MarkdownHelpOverlayD2Ev[_ZN2za8pluginui19MarkdownHelpOverlayD5Ev]+0x151): undefined reference to `juce::Label::~Label()'
/usr/bin/ld: FaustJuceProcessor.cpp:(.text._ZN2za8pluginui19MarkdownHelpOverlayD2Ev[_ZN2za8pluginui19MarkdownHelpOverlayD5Ev]+0x15d): undefined reference to `juce::Label::~Label()'
/usr/bin/ld: FaustJuceProcessor.cpp:(.text._ZN2za8pluginui19MarkdownHelpOverlayD2Ev[_ZN2za8pluginui19MarkdownHelpOverlayD5Ev]+0x16d): undefined reference to `juce::Component::~Component()'
/usr/bin/ld: GTS_artefacts/Release/libGTS_SharedCode.a(FaustJuceProcessor.cpp.o): in function `FaustJuceEditor::FaustJuceEditor(FaustJuceProcessor&)':
FaustJuceProcessor.cpp:(.text._ZN15FaustJuceEditorC2ER18FaustJuceProcessor[_ZN15FaustJuceEditorC5ER18FaustJuceProcessor]+0x78): undefined reference to `juce::Viewport::Viewport(juce::String const&)'
/usr/bin/ld: FaustJuceProcessor.cpp:(.text._ZN15FaustJuceEditorC2ER18FaustJuceProcessor[_ZN15FaustJuceEditorC5ER18FaustJuceProcessor]+0x8f): undefined reference to `juce::TextButton::TextButton()'
/usr/bin/ld: FaustJuceProcessor.cpp:(.text._ZN15FaustJuceEditorC2ER18FaustJuceProcessor[_ZN15FaustJuceEditorC5ER18FaustJuceProcessor]+0xb6): undefined reference to `juce::Component::setOpaque(bool)'
/usr/bin/ld: FaustJuceProcessor.cpp:(.text._ZN15FaustJuceEditorC2ER18FaustJuceProcessor[_ZN15FaustJuceEditorC5ER18FaustJuceProcessor]+0xd4): undefined reference to `juce::Component::setColour(int, juce::Colour)'
/usr/bin/ld: FaustJuceProcessor.cpp:(.text._ZN15FaustJuceEditorC2ER18FaustJuceProcessor[_ZN15FaustJuceEditorC5ER18FaustJuceProcessor]+0x10b): undefined reference to `juce::Viewport::setViewedComponent(juce::Component*, bool)'
/usr/bin/ld: FaustJuceProcessor.cpp:(.text._ZN15FaustJuceEditorC2ER18FaustJuceProcessor[_ZN15FaustJuceEditorC5ER18FaustJuceProcessor]+0x122): undefined reference to `juce::Viewport::setScrollBarsShown(bool, bool, bool, bool)'
/usr/bin/ld: FaustJuceProcessor.cpp:(.text._ZN15FaustJuceEditorC2ER18FaustJuceProcessor[_ZN15FaustJuceEditorC5ER18FaustJuceProcessor]+0x131): undefined reference to `juce::Viewport::setSingleStepSizes(int, int)'
/usr/bin/ld: FaustJuceProcessor.cpp:(.text._ZN15FaustJuceEditorC2ER18FaustJuceProcessor[_ZN15FaustJuceEditorC5ER18FaustJuceProcessor]+0x141): undefined reference to `juce::Component::addAndMakeVisible(juce::Component&, int)'
/usr/bin/ld: FaustJuceProcessor.cpp:(.text._ZN15FaustJuceEditorC2ER18FaustJuceProcessor[_ZN15FaustJuceEditorC5ER18FaustJuceProcessor]+0x15b): undefined reference to `juce::Button::setButtonText(juce::String const&)'
/usr/bin/ld: FaustJuceProcessor.cpp:(.text._ZN15FaustJuceEditorC2ER18FaustJuceProcessor[_ZN15FaustJuceEditorC5ER18FaustJuceProcessor]+0x17d): undefined reference to `juce::Button::setTooltip(juce::String const&)'
/usr/bin/ld: FaustJuceProcessor.cpp:(.text._ZN15FaustJuceEditorC2ER18FaustJuceProcessor[_ZN15FaustJuceEditorC5ER18FaustJuceProcessor]+0x208): undefined reference to `juce::Component::addAndMakeVisible(juce::Component&, int)'
/usr/bin/ld: FaustJuceProcessor.cpp:(.text._ZN15FaustJuceEditorC2ER18FaustJuceProcessor[_ZN15FaustJuceEditorC5ER18FaustJuceProcessor]+0x218): undefined reference to `juce::Component::addChildComponent(juce::Component&, int)'
/usr/bin/ld: FaustJuceProcessor.cpp:(.text._ZN15FaustJuceEditorC2ER18FaustJuceProcessor[_ZN15FaustJuceEditorC5ER18FaustJuceProcessor]+0x222): undefined reference to `juce::Component::setVisible(bool)'
/usr/bin/ld: FaustJuceProcessor.cpp:(.text._ZN15FaustJuceEditorC2ER18FaustJuceProcessor[_ZN15FaustJuceEditorC5ER18FaustJuceProcessor]+0x2bb): undefined reference to `juce::Component::setSize(int, int)'
/usr/bin/ld: FaustJuceProcessor.cpp:(.text._ZN15FaustJuceEditorC2ER18FaustJuceProcessor[_ZN15FaustJuceEditorC5ER18FaustJuceProcessor]+0x344): undefined reference to `juce::TextButton::~TextButton()'
/usr/bin/ld: FaustJuceProcessor.cpp:(.text._ZN15FaustJuceEditorC2ER18FaustJuceProcessor[_ZN15FaustJuceEditorC5ER18FaustJuceProcessor]+0x34c): undefined reference to `juce::Viewport::~Viewport()'
/usr/bin/ld: GTS_artefacts/Release/libGTS_SharedCode.a(FaustJuceProcessor.cpp.o): in function `za::pluginui::MarkdownHelpOverlay::~MarkdownHelpOverlay()':
FaustJuceProcessor.cpp:(.text._ZN2za8pluginui19MarkdownHelpOverlayD0Ev[_ZN2za8pluginui19MarkdownHelpOverlayD5Ev]+0x12d): undefined reference to `juce::Component::~Component()'
/usr/bin/ld: FaustJuceProcessor.cpp:(.text._ZN2za8pluginui19MarkdownHelpOverlayD0Ev[_ZN2za8pluginui19MarkdownHelpOverlayD5Ev]+0x139): undefined reference to `juce::Viewport::~Viewport()'
/usr/bin/ld: FaustJuceProcessor.cpp:(.text._ZN2za8pluginui19MarkdownHelpOverlayD0Ev[_ZN2za8pluginui19MarkdownHelpOverlayD5Ev]+0x145): undefined reference to `juce::TextButton::~TextButton()'
/usr/bin/ld: FaustJuceProcessor.cpp:(.text._ZN2za8pluginui19MarkdownHelpOverlayD0Ev[_ZN2za8pluginui19MarkdownHelpOverlayD5Ev]+0x151): undefined reference to `juce::Label::~Label()'
/usr/bin/ld: FaustJuceProcessor.cpp:(.text._ZN2za8pluginui19MarkdownHelpOverlayD0Ev[_ZN2za8pluginui19MarkdownHelpOverlayD5Ev]+0x15d): undefined reference to `juce::Label::~Label()'
/usr/bin/ld: FaustJuceProcessor.cpp:(.text._ZN2za8pluginui19MarkdownHelpOverlayD0Ev[_ZN2za8pluginui19MarkdownHelpOverlayD5Ev]+0x165): undefined reference to `juce::Component::~Component()'
/usr/bin/ld: GTS_artefacts/Release/libGTS_SharedCode.a(FaustJuceProcessor.cpp.o): in function `FaustJuceEditor::~FaustJuceEditor()':
FaustJuceProcessor.cpp:(.text._ZN15FaustJuceEditorD2Ev[_ZN15FaustJuceEditorD5Ev]+0x144): undefined reference to `juce::Component::~Component()'
/usr/bin/ld: FaustJuceProcessor.cpp:(.text._ZN15FaustJuceEditorD2Ev[_ZN15FaustJuceEditorD5Ev]+0x150): undefined reference to `juce::Viewport::~Viewport()'
/usr/bin/ld: FaustJuceProcessor.cpp:(.text._ZN15FaustJuceEditorD2Ev[_ZN15FaustJuceEditorD5Ev]+0x15c): undefined reference to `juce::TextButton::~TextButton()'
/usr/bin/ld: FaustJuceProcessor.cpp:(.text._ZN15FaustJuceEditorD2Ev[_ZN15FaustJuceEditorD5Ev]+0x168): undefined reference to `juce::Label::~Label()'
/usr/bin/ld: FaustJuceProcessor.cpp:(.text._ZN15FaustJuceEditorD2Ev[_ZN15FaustJuceEditorD5Ev]+0x174): undefined reference to `juce::Label::~Label()'
/usr/bin/ld: FaustJuceProcessor.cpp:(.text._ZN15FaustJuceEditorD2Ev[_ZN15FaustJuceEditorD5Ev]+0x17c): undefined reference to `juce::Component::~Component()'
/usr/bin/ld: FaustJuceProcessor.cpp:(.text._ZN15FaustJuceEditorD2Ev[_ZN15FaustJuceEditorD5Ev]+0x188): undefined reference to `juce::TextButton::~TextButton()'
/usr/bin/ld: FaustJuceProcessor.cpp:(.text._ZN15FaustJuceEditorD2Ev[_ZN15FaustJuceEditorD5Ev]+0x194): undefined reference to `juce::Viewport::~Viewport()'
/usr/bin/ld: GTS_artefacts/Release/libGTS_SharedCode.a(FaustJuceProcessor.cpp.o): in function `FaustJuceEditor::~FaustJuceEditor()':
FaustJuceProcessor.cpp:(.text._ZN15FaustJuceEditorD0Ev[_ZN15FaustJuceEditorD5Ev]+0x144): undefined reference to `juce::Component::~Component()'
/usr/bin/ld: FaustJuceProcessor.cpp:(.text._ZN15FaustJuceEditorD0Ev[_ZN15FaustJuceEditorD5Ev]+0x150): undefined reference to `juce::Viewport::~Viewport()'
/usr/bin/ld: FaustJuceProcessor.cpp:(.text._ZN15FaustJuceEditorD0Ev[_ZN15FaustJuceEditorD5Ev]+0x15c): undefined reference to `juce::TextButton::~TextButton()'
/usr/bin/ld: FaustJuceProcessor.cpp:(.text._ZN15FaustJuceEditorD0Ev[_ZN15FaustJuceEditorD5Ev]+0x168): undefined reference to `juce::Label::~Label()'
/usr/bin/ld: FaustJuceProcessor.cpp:(.text._ZN15FaustJuceEditorD0Ev[_ZN15FaustJuceEditorD5Ev]+0x174): undefined reference to `juce::Label::~Label()'
/usr/bin/ld: FaustJuceProcessor.cpp:(.text._ZN15FaustJuceEditorD0Ev[_ZN15FaustJuceEditorD5Ev]+0x17c): undefined reference to `juce::Component::~Component()'
/usr/bin/ld: FaustJuceProcessor.cpp:(.text._ZN15FaustJuceEditorD0Ev[_ZN15FaustJuceEditorD5Ev]+0x188): undefined reference to `juce::TextButton::~TextButton()'
/usr/bin/ld: FaustJuceProcessor.cpp:(.text._ZN15FaustJuceEditorD0Ev[_ZN15FaustJuceEditorD5Ev]+0x194): undefined reference to `juce::Viewport::~Viewport()'
/usr/bin/ld: GTS_artefacts/Release/libGTS_SharedCode.a(FaustJuceProcessor.cpp.o):(.data.rel.ro._ZTIN2za8pluginui25MarkdownDocumentComponentE[_ZTIN2za8pluginui25MarkdownDocumentComponentE]+0x10): undefined reference to `typeinfo for juce::Component'
/usr/bin/ld: GTS_artefacts/Release/libGTS_SharedCode.a(FaustJuceProcessor.cpp.o):(.data.rel.ro._ZTIN2za8pluginui19MarkdownHelpOverlayE[_ZTIN2za8pluginui19MarkdownHelpOverlayE]+0x10): undefined reference to `typeinfo for juce::Component'
/usr/bin/ld: GTS_artefacts/Release/libGTS_SharedCode.a(FaustJuceProcessor.cpp.o):(.data.rel.ro._ZTVN2za8pluginui25MarkdownDocumentComponentE[_ZTVN2za8pluginui25MarkdownDocumentComponentE]+0x20): undefined reference to `juce::Component::mouseMove(juce::MouseEvent const&)'
/usr/bin/ld: GTS_artefacts/Release/libGTS_SharedCode.a(FaustJuceProcessor.cpp.o):(.data.rel.ro._ZTVN2za8pluginui25MarkdownDocumentComponentE[_ZTVN2za8pluginui25MarkdownDocumentComponentE]+0x28): undefined reference to `juce::Component::mouseEnter(juce::MouseEvent const&)'
/usr/bin/ld: GTS_artefacts/Release/libGTS_SharedCode.a(FaustJuceProcessor.cpp.o):(.data.rel.ro._ZTVN2za8pluginui25MarkdownDocumentComponentE[_ZTVN2za8pluginui25MarkdownDocumentComponentE]+0x30): undefined reference to `juce::Component::mouseExit(juce::MouseEvent const&)'
/usr/bin/ld: GTS_artefacts/Release/libGTS_SharedCode.a(FaustJuceProcessor.cpp.o):(.data.rel.ro._ZTVN2za8pluginui25MarkdownDocumentComponentE[_ZTVN2za8pluginui25MarkdownDocumentComponentE]+0x38): undefined reference to `juce::Component::mouseDown(juce::MouseEvent const&)'
/usr/bin/ld: GTS_artefacts/Release/libGTS_SharedCode.a(FaustJuceProcessor.cpp.o):(.data.rel.ro._ZTVN2za8pluginui25MarkdownDocumentComponentE[_ZTVN2za8pluginui25MarkdownDocumentComponentE]+0x40): undefined reference to `juce::Component::mouseDrag(juce::MouseEvent const&)'
/usr/bin/ld: GTS_artefacts/Release/libGTS_SharedCode.a(FaustJuceProcessor.cpp.o):(.data.rel.ro._ZTVN2za8pluginui25MarkdownDocumentComponentE[_ZTVN2za8pluginui25MarkdownDocumentComponentE]+0x48): undefined reference to `juce::Component::mouseUp(juce::MouseEvent const&)'
/usr/bin/ld: GTS_artefacts/Release/libGTS_SharedCode.a(FaustJuceProcessor.cpp.o):(.data.rel.ro._ZTVN2za8pluginui25MarkdownDocumentComponentE[_ZTVN2za8pluginui25MarkdownDocumentComponentE]+0x50): undefined reference to `juce::Component::mouseDoubleClick(juce::MouseEvent const&)'
/usr/bin/ld: GTS_artefacts/Release/libGTS_SharedCode.a(FaustJuceProcessor.cpp.o):(.data.rel.ro._ZTVN2za8pluginui25MarkdownDocumentComponentE[_ZTVN2za8pluginui25MarkdownDocumentComponentE]+0x58): undefined reference to `juce::Component::mouseWheelMove(juce::MouseEvent const&, juce::MouseWheelDetails const&)'
/usr/bin/ld: GTS_artefacts/Release/libGTS_SharedCode.a(FaustJuceProcessor.cpp.o):(.data.rel.ro._ZTVN2za8pluginui25MarkdownDocumentComponentE[_ZTVN2za8pluginui25MarkdownDocumentComponentE]+0x60): undefined reference to `juce::Component::mouseMagnify(juce::MouseEvent const&, float)'
/usr/bin/ld: GTS_artefacts/Release/libGTS_SharedCode.a(FaustJuceProcessor.cpp.o):(.data.rel.ro._ZTVN2za8pluginui25MarkdownDocumentComponentE[_ZTVN2za8pluginui25MarkdownDocumentComponentE]+0x68): undefined reference to `juce::Component::setName(juce::String const&)'
/usr/bin/ld: GTS_artefacts/Release/libGTS_SharedCode.a(FaustJuceProcessor.cpp.o):(.data.rel.ro._ZTVN2za8pluginui25MarkdownDocumentComponentE[_ZTVN2za8pluginui25MarkdownDocumentComponentE]+0x70): undefined reference to `juce::Component::setVisible(bool)'
/usr/bin/ld: GTS_artefacts/Release/libGTS_SharedCode.a(FaustJuceProcessor.cpp.o):(.data.rel.ro._ZTVN2za8pluginui25MarkdownDocumentComponentE[_ZTVN2za8pluginui25MarkdownDocumentComponentE]+0x78): undefined reference to `juce::Component::visibilityChanged()'
/usr/bin/ld: GTS_artefacts/Release/libGTS_SharedCode.a(FaustJuceProcessor.cpp.o):(.data.rel.ro._ZTVN2za8pluginui25MarkdownDocumentComponentE[_ZTVN2za8pluginui25MarkdownDocumentComponentE]+0x80): undefined reference to `juce::Component::addToDesktop(int, void*)'
/usr/bin/ld: GTS_artefacts/Release/libGTS_SharedCode.a(FaustJuceProcessor.cpp.o):(.data.rel.ro._ZTVN2za8pluginui25MarkdownDocumentComponentE[_ZTVN2za8pluginui25MarkdownDocumentComponentE]+0x88): undefined reference to `juce::Component::userTriedToCloseWindow()'
/usr/bin/ld: GTS_artefacts/Release/libGTS_SharedCode.a(FaustJuceProcessor.cpp.o):(.data.rel.ro._ZTVN2za8pluginui25MarkdownDocumentComponentE[_ZTVN2za8pluginui25MarkdownDocumentComponentE]+0x90): undefined reference to `juce::Component::minimisationStateChanged(bool)'
/usr/bin/ld: GTS_artefacts/Release/libGTS_SharedCode.a(FaustJuceProcessor.cpp.o):(.data.rel.ro._ZTVN2za8pluginui25MarkdownDocumentComponentE[_ZTVN2za8pluginui25MarkdownDocumentComponentE]+0x98): undefined reference to `juce::Component::getDesktopScaleFactor() const'
/usr/bin/ld: GTS_artefacts/Release/libGTS_SharedCode.a(FaustJuceProcessor.cpp.o):(.data.rel.ro._ZTVN2za8pluginui25MarkdownDocumentComponentE[_ZTVN2za8pluginui25MarkdownDocumentComponentE]+0xa0): undefined reference to `juce::Component::parentHierarchyChanged()'
/usr/bin/ld: GTS_artefacts/Release/libGTS_SharedCode.a(FaustJuceProcessor.cpp.o):(.data.rel.ro._ZTVN2za8pluginui25MarkdownDocumentComponentE[_ZTVN2za8pluginui25MarkdownDocumentComponentE]+0xa8): undefined reference to `juce::Component::childrenChanged()'
/usr/bin/ld: GTS_artefacts/Release/libGTS_SharedCode.a(FaustJuceProcessor.cpp.o):(.data.rel.ro._ZTVN2za8pluginui25MarkdownDocumentComponentE[_ZTVN2za8pluginui25MarkdownDocumentComponentE]+0xb0): undefined reference to `juce::Component::hitTest(int, int)'
/usr/bin/ld: GTS_artefacts/Release/libGTS_SharedCode.a(FaustJuceProcessor.cpp.o):(.data.rel.ro._ZTVN2za8pluginui25MarkdownDocumentComponentE[_ZTVN2za8pluginui25MarkdownDocumentComponentE]+0xd8): undefined reference to `juce::Component::lookAndFeelChanged()'
/usr/bin/ld: GTS_artefacts/Release/libGTS_SharedCode.a(FaustJuceProcessor.cpp.o):(.data.rel.ro._ZTVN2za8pluginui25MarkdownDocumentComponentE[_ZTVN2za8pluginui25MarkdownDocumentComponentE]+0xe0): undefined reference to `juce::Component::createFocusTraverser()'
/usr/bin/ld: GTS_artefacts/Release/libGTS_SharedCode.a(FaustJuceProcessor.cpp.o):(.data.rel.ro._ZTVN2za8pluginui25MarkdownDocumentComponentE[_ZTVN2za8pluginui25MarkdownDocumentComponentE]+0xe8): undefined reference to `juce::Component::createKeyboardFocusTraverser()'
/usr/bin/ld: GTS_artefacts/Release/libGTS_SharedCode.a(FaustJuceProcessor.cpp.o):(.data.rel.ro._ZTVN2za8pluginui25MarkdownDocumentComponentE[_ZTVN2za8pluginui25MarkdownDocumentComponentE]+0xf0): undefined reference to `juce::Component::enablementChanged()'
/usr/bin/ld: GTS_artefacts/Release/libGTS_SharedCode.a(FaustJuceProcessor.cpp.o):(.data.rel.ro._ZTVN2za8pluginui25MarkdownDocumentComponentE[_ZTVN2za8pluginui25MarkdownDocumentComponentE]+0xf8): undefined reference to `juce::Component::alphaChanged()'
/usr/bin/ld: GTS_artefacts/Release/libGTS_SharedCode.a(FaustJuceProcessor.cpp.o):(.data.rel.ro._ZTVN2za8pluginui25MarkdownDocumentComponentE[_ZTVN2za8pluginui25MarkdownDocumentComponentE]+0x100): undefined reference to `juce::Component::getMouseCursor()'
/usr/bin/ld: GTS_artefacts/Release/libGTS_SharedCode.a(FaustJuceProcessor.cpp.o):(.data.rel.ro._ZTVN2za8pluginui25MarkdownDocumentComponentE[_ZTVN2za8pluginui25MarkdownDocumentComponentE]+0x110): undefined reference to `juce::Component::paintOverChildren(juce::Graphics&)'
/usr/bin/ld: GTS_artefacts/Release/libGTS_SharedCode.a(FaustJuceProcessor.cpp.o):(.data.rel.ro._ZTVN2za8pluginui25MarkdownDocumentComponentE[_ZTVN2za8pluginui25MarkdownDocumentComponentE]+0x118): undefined reference to `juce::Component::keyPressed(juce::KeyPress const&)'
/usr/bin/ld: GTS_artefacts/Release/libGTS_SharedCode.a(FaustJuceProcessor.cpp.o):(.data.rel.ro._ZTVN2za8pluginui25MarkdownDocumentComponentE[_ZTVN2za8pluginui25MarkdownDocumentComponentE]+0x120): undefined reference to `juce::Component::keyStateChanged(bool)'
/usr/bin/ld: GTS_artefacts/Release/libGTS_SharedCode.a(FaustJuceProcessor.cpp.o):(.data.rel.ro._ZTVN2za8pluginui25MarkdownDocumentComponentE[_ZTVN2za8pluginui25MarkdownDocumentComponentE]+0x128): undefined reference to `juce::Component::modifierKeysChanged(juce::ModifierKeys const&)'
/usr/bin/ld: GTS_artefacts/Release/libGTS_SharedCode.a(FaustJuceProcessor.cpp.o):(.data.rel.ro._ZTVN2za8pluginui25MarkdownDocumentComponentE[_ZTVN2za8pluginui25MarkdownDocumentComponentE]+0x130): undefined reference to `juce::Component::focusGained(juce::Component::FocusChangeType)'
/usr/bin/ld: GTS_artefacts/Release/libGTS_SharedCode.a(FaustJuceProcessor.cpp.o):(.data.rel.ro._ZTVN2za8pluginui25MarkdownDocumentComponentE[_ZTVN2za8pluginui25MarkdownDocumentComponentE]+0x138): undefined reference to `juce::Component::focusGainedWithDirection(juce::Component::FocusChangeType, juce::Component::FocusChangeDirection)'
/usr/bin/ld: GTS_artefacts/Release/libGTS_SharedCode.a(FaustJuceProcessor.cpp.o):(.data.rel.ro._ZTVN2za8pluginui25MarkdownDocumentComponentE[_ZTVN2za8pluginui25MarkdownDocumentComponentE]+0x140): undefined reference to `juce::Component::focusLost(juce::Component::FocusChangeType)'
/usr/bin/ld: GTS_artefacts/Release/libGTS_SharedCode.a(FaustJuceProcessor.cpp.o):(.data.rel.ro._ZTVN2za8pluginui25MarkdownDocumentComponentE[_ZTVN2za8pluginui25MarkdownDocumentComponentE]+0x148): undefined reference to `juce::Component::focusOfChildComponentChanged(juce::Component::FocusChangeType)'
/usr/bin/ld: GTS_artefacts/Release/libGTS_SharedCode.a(FaustJuceProcessor.cpp.o):(.data.rel.ro._ZTVN2za8pluginui25MarkdownDocumentComponentE[_ZTVN2za8pluginui25MarkdownDocumentComponentE]+0x158): undefined reference to `juce::Component::moved()'
/usr/bin/ld: GTS_artefacts/Release/libGTS_SharedCode.a(FaustJuceProcessor.cpp.o):(.data.rel.ro._ZTVN2za8pluginui25MarkdownDocumentComponentE[_ZTVN2za8pluginui25MarkdownDocumentComponentE]+0x160): undefined reference to `juce::Component::childBoundsChanged(juce::Component*)'
/usr/bin/ld: GTS_artefacts/Release/libGTS_SharedCode.a(FaustJuceProcessor.cpp.o):(.data.rel.ro._ZTVN2za8pluginui25MarkdownDocumentComponentE[_ZTVN2za8pluginui25MarkdownDocumentComponentE]+0x168): undefined reference to `juce::Component::parentSizeChanged()'
/usr/bin/ld: GTS_artefacts/Release/libGTS_SharedCode.a(FaustJuceProcessor.cpp.o):(.data.rel.ro._ZTVN2za8pluginui25MarkdownDocumentComponentE[_ZTVN2za8pluginui25MarkdownDocumentComponentE]+0x170): undefined reference to `juce::Component::broughtToFront()'
/usr/bin/ld: GTS_artefacts/Release/libGTS_SharedCode.a(FaustJuceProcessor.cpp.o):(.data.rel.ro._ZTVN2za8pluginui25MarkdownDocumentComponentE[_ZTVN2za8pluginui25MarkdownDocumentComponentE]+0x178): undefined reference to `juce::Component::handleCommandMessage(int)'
/usr/bin/ld: GTS_artefacts/Release/libGTS_SharedCode.a(FaustJuceProcessor.cpp.o):(.data.rel.ro._ZTVN2za8pluginui25MarkdownDocumentComponentE[_ZTVN2za8pluginui25MarkdownDocumentComponentE]+0x180): undefined reference to `juce::Component::canModalEventBeSentToComponent(juce::Component const*)'
/usr/bin/ld: GTS_artefacts/Release/libGTS_SharedCode.a(FaustJuceProcessor.cpp.o):(.data.rel.ro._ZTVN2za8pluginui25MarkdownDocumentComponentE[_ZTVN2za8pluginui25MarkdownDocumentComponentE]+0x188): undefined reference to `juce::Component::inputAttemptWhenModal()'
/usr/bin/ld: GTS_artefacts/Release/libGTS_SharedCode.a(FaustJuceProcessor.cpp.o):(.data.rel.ro._ZTVN2za8pluginui25MarkdownDocumentComponentE[_ZTVN2za8pluginui25MarkdownDocumentComponentE]+0x190): undefined reference to `juce::Component::colourChanged()'
/usr/bin/ld: GTS_artefacts/Release/libGTS_SharedCode.a(FaustJuceProcessor.cpp.o):(.data.rel.ro._ZTVN2za8pluginui25MarkdownDocumentComponentE[_ZTVN2za8pluginui25MarkdownDocumentComponentE]+0x198): undefined reference to `juce::Component::createAccessibilityHandler()'
/usr/bin/ld: GTS_artefacts/Release/libGTS_SharedCode.a(FaustJuceProcessor.cpp.o):(.data.rel.ro._ZTVN2za8pluginui25MarkdownDocumentComponentE[_ZTVN2za8pluginui25MarkdownDocumentComponentE]+0x1a0): undefined reference to `juce::Component::createNewPeer(int, void*)'
/usr/bin/ld: GTS_artefacts/Release/libGTS_SharedCode.a(FaustJuceProcessor.cpp.o):(.data.rel.ro._ZTVN2za8pluginui19MarkdownHelpOverlayE[_ZTVN2za8pluginui19MarkdownHelpOverlayE]+0x20): undefined reference to `juce::Component::mouseMove(juce::MouseEvent const&)'
/usr/bin/ld: GTS_artefacts/Release/libGTS_SharedCode.a(FaustJuceProcessor.cpp.o):(.data.rel.ro._ZTVN2za8pluginui19MarkdownHelpOverlayE[_ZTVN2za8pluginui19MarkdownHelpOverlayE]+0x28): undefined reference to `juce::Component::mouseEnter(juce::MouseEvent const&)'
/usr/bin/ld: GTS_artefacts/Release/libGTS_SharedCode.a(FaustJuceProcessor.cpp.o):(.data.rel.ro._ZTVN2za8pluginui19MarkdownHelpOverlayE[_ZTVN2za8pluginui19MarkdownHelpOverlayE]+0x30): undefined reference to `juce::Component::mouseExit(juce::MouseEvent const&)'
/usr/bin/ld: GTS_artefacts/Release/libGTS_SharedCode.a(FaustJuceProcessor.cpp.o):(.data.rel.ro._ZTVN2za8pluginui19MarkdownHelpOverlayE[_ZTVN2za8pluginui19MarkdownHelpOverlayE]+0x38): undefined reference to `juce::Component::mouseDown(juce::MouseEvent const&)'
/usr/bin/ld: GTS_artefacts/Release/libGTS_SharedCode.a(FaustJuceProcessor.cpp.o):(.data.rel.ro._ZTVN2za8pluginui19MarkdownHelpOverlayE[_ZTVN2za8pluginui19MarkdownHelpOverlayE]+0x40): undefined reference to `juce::Component::mouseDrag(juce::MouseEvent const&)'
/usr/bin/ld: GTS_artefacts/Release/libGTS_SharedCode.a(FaustJuceProcessor.cpp.o):(.data.rel.ro._ZTVN2za8pluginui19MarkdownHelpOverlayE[_ZTVN2za8pluginui19MarkdownHelpOverlayE]+0x50): undefined reference to `juce::Component::mouseDoubleClick(juce::MouseEvent const&)'
/usr/bin/ld: GTS_artefacts/Release/libGTS_SharedCode.a(FaustJuceProcessor.cpp.o):(.data.rel.ro._ZTVN2za8pluginui19MarkdownHelpOverlayE[_ZTVN2za8pluginui19MarkdownHelpOverlayE]+0x58): undefined reference to `juce::Component::mouseWheelMove(juce::MouseEvent const&, juce::MouseWheelDetails const&)'
/usr/bin/ld: GTS_artefacts/Release/libGTS_SharedCode.a(FaustJuceProcessor.cpp.o):(.data.rel.ro._ZTVN2za8pluginui19MarkdownHelpOverlayE[_ZTVN2za8pluginui19MarkdownHelpOverlayE]+0x60): undefined reference to `juce::Component::mouseMagnify(juce::MouseEvent const&, float)'
/usr/bin/ld: GTS_artefacts/Release/libGTS_SharedCode.a(FaustJuceProcessor.cpp.o):(.data.rel.ro._ZTVN2za8pluginui19MarkdownHelpOverlayE[_ZTVN2za8pluginui19MarkdownHelpOverlayE]+0x68): undefined reference to `juce::Component::setName(juce::String const&)'
/usr/bin/ld: GTS_artefacts/Release/libGTS_SharedCode.a(FaustJuceProcessor.cpp.o):(.data.rel.ro._ZTVN2za8pluginui19MarkdownHelpOverlayE[_ZTVN2za8pluginui19MarkdownHelpOverlayE]+0x70): undefined reference to `juce::Component::setVisible(bool)'
/usr/bin/ld: GTS_artefacts/Release/libGTS_SharedCode.a(FaustJuceProcessor.cpp.o):(.data.rel.ro._ZTVN2za8pluginui19MarkdownHelpOverlayE[_ZTVN2za8pluginui19MarkdownHelpOverlayE]+0x78): undefined reference to `juce::Component::visibilityChanged()'
/usr/bin/ld: GTS_artefacts/Release/libGTS_SharedCode.a(FaustJuceProcessor.cpp.o):(.data.rel.ro._ZTVN2za8pluginui19MarkdownHelpOverlayE[_ZTVN2za8pluginui19MarkdownHelpOverlayE]+0x80): undefined reference to `juce::Component::addToDesktop(int, void*)'
/usr/bin/ld: GTS_artefacts/Release/libGTS_SharedCode.a(FaustJuceProcessor.cpp.o):(.data.rel.ro._ZTVN2za8pluginui19MarkdownHelpOverlayE[_ZTVN2za8pluginui19MarkdownHelpOverlayE]+0x88): undefined reference to `juce::Component::userTriedToCloseWindow()'
/usr/bin/ld: GTS_artefacts/Release/libGTS_SharedCode.a(FaustJuceProcessor.cpp.o):(.data.rel.ro._ZTVN2za8pluginui19MarkdownHelpOverlayE[_ZTVN2za8pluginui19MarkdownHelpOverlayE]+0x90): undefined reference to `juce::Component::minimisationStateChanged(bool)'
/usr/bin/ld: GTS_artefacts/Release/libGTS_SharedCode.a(FaustJuceProcessor.cpp.o):(.data.rel.ro._ZTVN2za8pluginui19MarkdownHelpOverlayE[_ZTVN2za8pluginui19MarkdownHelpOverlayE]+0x98): undefined reference to `juce::Component::getDesktopScaleFactor() const'
/usr/bin/ld: GTS_artefacts/Release/libGTS_SharedCode.a(FaustJuceProcessor.cpp.o):(.data.rel.ro._ZTVN2za8pluginui19MarkdownHelpOverlayE[_ZTVN2za8pluginui19MarkdownHelpOverlayE]+0xa0): undefined reference to `juce::Component::parentHierarchyChanged()'
/usr/bin/ld: GTS_artefacts/Release/libGTS_SharedCode.a(FaustJuceProcessor.cpp.o):(.data.rel.ro._ZTVN2za8pluginui19MarkdownHelpOverlayE[_ZTVN2za8pluginui19MarkdownHelpOverlayE]+0xa8): undefined reference to `juce::Component::childrenChanged()'
/usr/bin/ld: GTS_artefacts/Release/libGTS_SharedCode.a(FaustJuceProcessor.cpp.o):(.data.rel.ro._ZTVN2za8pluginui19MarkdownHelpOverlayE[_ZTVN2za8pluginui19MarkdownHelpOverlayE]+0xb0): undefined reference to `juce::Component::hitTest(int, int)'
/usr/bin/ld: GTS_artefacts/Release/libGTS_SharedCode.a(FaustJuceProcessor.cpp.o):(.data.rel.ro._ZTVN2za8pluginui19MarkdownHelpOverlayE[_ZTVN2za8pluginui19MarkdownHelpOverlayE]+0xd8): undefined reference to `juce::Component::lookAndFeelChanged()'
/usr/bin/ld: GTS_artefacts/Release/libGTS_SharedCode.a(FaustJuceProcessor.cpp.o):(.data.rel.ro._ZTVN2za8pluginui19MarkdownHelpOverlayE[_ZTVN2za8pluginui19MarkdownHelpOverlayE]+0xe0): undefined reference to `juce::Component::createFocusTraverser()'
/usr/bin/ld: GTS_artefacts/Release/libGTS_SharedCode.a(FaustJuceProcessor.cpp.o):(.data.rel.ro._ZTVN2za8pluginui19MarkdownHelpOverlayE[_ZTVN2za8pluginui19MarkdownHelpOverlayE]+0xe8): undefined reference to `juce::Component::createKeyboardFocusTraverser()'
/usr/bin/ld: GTS_artefacts/Release/libGTS_SharedCode.a(FaustJuceProcessor.cpp.o):(.data.rel.ro._ZTVN2za8pluginui19MarkdownHelpOverlayE[_ZTVN2za8pluginui19MarkdownHelpOverlayE]+0xf0): undefined reference to `juce::Component::enablementChanged()'
/usr/bin/ld: GTS_artefacts/Release/libGTS_SharedCode.a(FaustJuceProcessor.cpp.o):(.data.rel.ro._ZTVN2za8pluginui19MarkdownHelpOverlayE[_ZTVN2za8pluginui19MarkdownHelpOverlayE]+0xf8): undefined reference to `juce::Component::alphaChanged()'
/usr/bin/ld: GTS_artefacts/Release/libGTS_SharedCode.a(FaustJuceProcessor.cpp.o):(.data.rel.ro._ZTVN2za8pluginui19MarkdownHelpOverlayE[_ZTVN2za8pluginui19MarkdownHelpOverlayE]+0x100): undefined reference to `juce::Component::getMouseCursor()'
/usr/bin/ld: GTS_artefacts/Release/libGTS_SharedCode.a(FaustJuceProcessor.cpp.o):(.data.rel.ro._ZTVN2za8pluginui19MarkdownHelpOverlayE[_ZTVN2za8pluginui19MarkdownHelpOverlayE]+0x110): undefined reference to `juce::Component::paintOverChildren(juce::Graphics&)'
/usr/bin/ld: GTS_artefacts/Release/libGTS_SharedCode.a(FaustJuceProcessor.cpp.o):(.data.rel.ro._ZTVN2za8pluginui19MarkdownHelpOverlayE[_ZTVN2za8pluginui19MarkdownHelpOverlayE]+0x120): undefined reference to `juce::Component::keyStateChanged(bool)'
/usr/bin/ld: GTS_artefacts/Release/libGTS_SharedCode.a(FaustJuceProcessor.cpp.o):(.data.rel.ro._ZTVN2za8pluginui19MarkdownHelpOverlayE[_ZTVN2za8pluginui19MarkdownHelpOverlayE]+0x128): undefined reference to `juce::Component::modifierKeysChanged(juce::ModifierKeys const&)'
/usr/bin/ld: GTS_artefacts/Release/libGTS_SharedCode.a(FaustJuceProcessor.cpp.o):(.data.rel.ro._ZTVN2za8pluginui19MarkdownHelpOverlayE[_ZTVN2za8pluginui19MarkdownHelpOverlayE]+0x130): undefined reference to `juce::Component::focusGained(juce::Component::FocusChangeType)'
/usr/bin/ld: GTS_artefacts/Release/libGTS_SharedCode.a(FaustJuceProcessor.cpp.o):(.data.rel.ro._ZTVN2za8pluginui19MarkdownHelpOverlayE[_ZTVN2za8pluginui19MarkdownHelpOverlayE]+0x138): undefined reference to `juce::Component::focusGainedWithDirection(juce::Component::FocusChangeType, juce::Component::FocusChangeDirection)'
/usr/bin/ld: GTS_artefacts/Release/libGTS_SharedCode.a(FaustJuceProcessor.cpp.o):(.data.rel.ro._ZTVN2za8pluginui19MarkdownHelpOverlayE[_ZTVN2za8pluginui19MarkdownHelpOverlayE]+0x140): undefined reference to `juce::Component::focusLost(juce::Component::FocusChangeType)'
/usr/bin/ld: GTS_artefacts/Release/libGTS_SharedCode.a(FaustJuceProcessor.cpp.o):(.data.rel.ro._ZTVN2za8pluginui19MarkdownHelpOverlayE[_ZTVN2za8pluginui19MarkdownHelpOverlayE]+0x148): undefined reference to `juce::Component::focusOfChildComponentChanged(juce::Component::FocusChangeType)'
/usr/bin/ld: GTS_artefacts/Release/libGTS_SharedCode.a(FaustJuceProcessor.cpp.o):(.data.rel.ro._ZTVN2za8pluginui19MarkdownHelpOverlayE[_ZTVN2za8pluginui19MarkdownHelpOverlayE]+0x158): undefined reference to `juce::Component::moved()'
/usr/bin/ld: GTS_artefacts/Release/libGTS_SharedCode.a(FaustJuceProcessor.cpp.o):(.data.rel.ro._ZTVN2za8pluginui19MarkdownHelpOverlayE[_ZTVN2za8pluginui19MarkdownHelpOverlayE]+0x160): undefined reference to `juce::Component::childBoundsChanged(juce::Component*)'
/usr/bin/ld: GTS_artefacts/Release/libGTS_SharedCode.a(FaustJuceProcessor.cpp.o):(.data.rel.ro._ZTVN2za8pluginui19MarkdownHelpOverlayE[_ZTVN2za8pluginui19MarkdownHelpOverlayE]+0x168): undefined reference to `juce::Component::parentSizeChanged()'
/usr/bin/ld: GTS_artefacts/Release/libGTS_SharedCode.a(FaustJuceProcessor.cpp.o):(.data.rel.ro._ZTVN2za8pluginui19MarkdownHelpOverlayE[_ZTVN2za8pluginui19MarkdownHelpOverlayE]+0x170): undefined reference to `juce::Component::broughtToFront()'
/usr/bin/ld: GTS_artefacts/Release/libGTS_SharedCode.a(FaustJuceProcessor.cpp.o):(.data.rel.ro._ZTVN2za8pluginui19MarkdownHelpOverlayE[_ZTVN2za8pluginui19MarkdownHelpOverlayE]+0x178): undefined reference to `juce::Component::handleCommandMessage(int)'
/usr/bin/ld: GTS_artefacts/Release/libGTS_SharedCode.a(FaustJuceProcessor.cpp.o):(.data.rel.ro._ZTVN2za8pluginui19MarkdownHelpOverlayE[_ZTVN2za8pluginui19MarkdownHelpOverlayE]+0x180): undefined reference to `juce::Component::canModalEventBeSentToComponent(juce::Component const*)'
/usr/bin/ld: GTS_artefacts/Release/libGTS_SharedCode.a(FaustJuceProcessor.cpp.o):(.data.rel.ro._ZTVN2za8pluginui19MarkdownHelpOverlayE[_ZTVN2za8pluginui19MarkdownHelpOverlayE]+0x188): undefined reference to `juce::Component::inputAttemptWhenModal()'
/usr/bin/ld: GTS_artefacts/Release/libGTS_SharedCode.a(FaustJuceProcessor.cpp.o):(.data.rel.ro._ZTVN2za8pluginui19MarkdownHelpOverlayE[_ZTVN2za8pluginui19MarkdownHelpOverlayE]+0x190): undefined reference to `juce::Component::colourChanged()'
/usr/bin/ld: GTS_artefacts/Release/libGTS_SharedCode.a(FaustJuceProcessor.cpp.o):(.data.rel.ro._ZTVN2za8pluginui19MarkdownHelpOverlayE[_ZTVN2za8pluginui19MarkdownHelpOverlayE]+0x198): undefined reference to `juce::Component::createAccessibilityHandler()'
/usr/bin/ld: GTS_artefacts/Release/libGTS_SharedCode.a(FaustJuceProcessor.cpp.o):(.data.rel.ro._ZTVN2za8pluginui19MarkdownHelpOverlayE[_ZTVN2za8pluginui19MarkdownHelpOverlayE]+0x1a0): undefined reference to `juce::Component::createNewPeer(int, void*)'
/usr/bin/ld: GTS_artefacts/Release/libGTS_SharedCode.a(FaustJuceProcessor.cpp.o):(.data.rel.ro._ZTV15FaustJuceEditor[_ZTV15FaustJuceEditor]+0x20): undefined reference to `juce::Component::mouseMove(juce::MouseEvent const&)'
/usr/bin/ld: GTS_artefacts/Release/libGTS_SharedCode.a(FaustJuceProcessor.cpp.o):(.data.rel.ro._ZTV15FaustJuceEditor[_ZTV15FaustJuceEditor]+0x28): undefined reference to `juce::Component::mouseEnter(juce::MouseEvent const&)'
/usr/bin/ld: GTS_artefacts/Release/libGTS_SharedCode.a(FaustJuceProcessor.cpp.o):(.data.rel.ro._ZTV15FaustJuceEditor[_ZTV15FaustJuceEditor]+0x30): undefined reference to `juce::Component::mouseExit(juce::MouseEvent const&)'
/usr/bin/ld: GTS_artefacts/Release/libGTS_SharedCode.a(FaustJuceProcessor.cpp.o):(.data.rel.ro._ZTV15FaustJuceEditor[_ZTV15FaustJuceEditor]+0x38): undefined reference to `juce::Component::mouseDown(juce::MouseEvent const&)'
/usr/bin/ld: GTS_artefacts/Release/libGTS_SharedCode.a(FaustJuceProcessor.cpp.o):(.data.rel.ro._ZTV15FaustJuceEditor[_ZTV15FaustJuceEditor]+0x40): undefined reference to `juce::Component::mouseDrag(juce::MouseEvent const&)'
/usr/bin/ld: GTS_artefacts/Release/libGTS_SharedCode.a(FaustJuceProcessor.cpp.o):(.data.rel.ro._ZTV15FaustJuceEditor[_ZTV15FaustJuceEditor]+0x48): undefined reference to `juce::Component::mouseUp(juce::MouseEvent const&)'
/usr/bin/ld: GTS_artefacts/Release/libGTS_SharedCode.a(FaustJuceProcessor.cpp.o):(.data.rel.ro._ZTV15FaustJuceEditor[_ZTV15FaustJuceEditor]+0x50): undefined reference to `juce::Component::mouseDoubleClick(juce::MouseEvent const&)'
/usr/bin/ld: GTS_artefacts/Release/libGTS_SharedCode.a(FaustJuceProcessor.cpp.o):(.data.rel.ro._ZTV15FaustJuceEditor[_ZTV15FaustJuceEditor]+0x58): undefined reference to `juce::Component::mouseWheelMove(juce::MouseEvent const&, juce::MouseWheelDetails const&)'
/usr/bin/ld: GTS_artefacts/Release/libGTS_SharedCode.a(FaustJuceProcessor.cpp.o):(.data.rel.ro._ZTV15FaustJuceEditor[_ZTV15FaustJuceEditor]+0x60): undefined reference to `juce::Component::mouseMagnify(juce::MouseEvent const&, float)'
/usr/bin/ld: GTS_artefacts/Release/libGTS_SharedCode.a(FaustJuceProcessor.cpp.o):(.data.rel.ro._ZTV15FaustJuceEditor[_ZTV15FaustJuceEditor]+0x68): undefined reference to `juce::Component::setName(juce::String const&)'
/usr/bin/ld: GTS_artefacts/Release/libGTS_SharedCode.a(FaustJuceProcessor.cpp.o):(.data.rel.ro._ZTV15FaustJuceEditor[_ZTV15FaustJuceEditor]+0x70): undefined reference to `juce::Component::setVisible(bool)'
/usr/bin/ld: GTS_artefacts/Release/libGTS_SharedCode.a(FaustJuceProcessor.cpp.o):(.data.rel.ro._ZTV15FaustJuceEditor[_ZTV15FaustJuceEditor]+0x78): undefined reference to `juce::Component::visibilityChanged()'
/usr/bin/ld: GTS_artefacts/Release/libGTS_SharedCode.a(FaustJuceProcessor.cpp.o):(.data.rel.ro._ZTV15FaustJuceEditor[_ZTV15FaustJuceEditor]+0x80): undefined reference to `juce::Component::addToDesktop(int, void*)'
/usr/bin/ld: GTS_artefacts/Release/libGTS_SharedCode.a(FaustJuceProcessor.cpp.o):(.data.rel.ro._ZTV15FaustJuceEditor[_ZTV15FaustJuceEditor]+0x88): undefined reference to `juce::Component::userTriedToCloseWindow()'
/usr/bin/ld: GTS_artefacts/Release/libGTS_SharedCode.a(FaustJuceProcessor.cpp.o):(.data.rel.ro._ZTV15FaustJuceEditor[_ZTV15FaustJuceEditor]+0x90): undefined reference to `juce::Component::minimisationStateChanged(bool)'
/usr/bin/ld: GTS_artefacts/Release/libGTS_SharedCode.a(FaustJuceProcessor.cpp.o):(.data.rel.ro._ZTV15FaustJuceEditor[_ZTV15FaustJuceEditor]+0x98): undefined reference to `juce::Component::getDesktopScaleFactor() const'
/usr/bin/ld: GTS_artefacts/Release/libGTS_SharedCode.a(FaustJuceProcessor.cpp.o):(.data.rel.ro._ZTV15FaustJuceEditor[_ZTV15FaustJuceEditor]+0xa0): undefined reference to `juce::Component::parentHierarchyChanged()'
/usr/bin/ld: GTS_artefacts/Release/libGTS_SharedCode.a(FaustJuceProcessor.cpp.o):(.data.rel.ro._ZTV15FaustJuceEditor[_ZTV15FaustJuceEditor]+0xa8): undefined reference to `juce::Component::childrenChanged()'
/usr/bin/ld: GTS_artefacts/Release/libGTS_SharedCode.a(FaustJuceProcessor.cpp.o):(.data.rel.ro._ZTV15FaustJuceEditor[_ZTV15FaustJuceEditor]+0xb0): undefined reference to `juce::Component::hitTest(int, int)'
/usr/bin/ld: GTS_artefacts/Release/libGTS_SharedCode.a(FaustJuceProcessor.cpp.o):(.data.rel.ro._ZTV15FaustJuceEditor[_ZTV15FaustJuceEditor]+0xd8): undefined reference to `juce::Component::lookAndFeelChanged()'
/usr/bin/ld: GTS_artefacts/Release/libGTS_SharedCode.a(FaustJuceProcessor.cpp.o):(.data.rel.ro._ZTV15FaustJuceEditor[_ZTV15FaustJuceEditor]+0xe0): undefined reference to `juce::Component::createFocusTraverser()'
/usr/bin/ld: GTS_artefacts/Release/libGTS_SharedCode.a(FaustJuceProcessor.cpp.o):(.data.rel.ro._ZTV15FaustJuceEditor[_ZTV15FaustJuceEditor]+0xe8): undefined reference to `juce::Component::createKeyboardFocusTraverser()'
/usr/bin/ld: GTS_artefacts/Release/libGTS_SharedCode.a(FaustJuceProcessor.cpp.o):(.data.rel.ro._ZTV15FaustJuceEditor[_ZTV15FaustJuceEditor]+0xf0): undefined reference to `juce::Component::enablementChanged()'
/usr/bin/ld: GTS_artefacts/Release/libGTS_SharedCode.a(FaustJuceProcessor.cpp.o):(.data.rel.ro._ZTV15FaustJuceEditor[_ZTV15FaustJuceEditor]+0xf8): undefined reference to `juce::Component::alphaChanged()'
/usr/bin/ld: GTS_artefacts/Release/libGTS_SharedCode.a(FaustJuceProcessor.cpp.o):(.data.rel.ro._ZTV15FaustJuceEditor[_ZTV15FaustJuceEditor]+0x100): undefined reference to `juce::Component::getMouseCursor()'
/usr/bin/ld: GTS_artefacts/Release/libGTS_SharedCode.a(FaustJuceProcessor.cpp.o):(.data.rel.ro._ZTV15FaustJuceEditor[_ZTV15FaustJuceEditor]+0x110): undefined reference to `juce::Component::paintOverChildren(juce::Graphics&)'
/usr/bin/ld: GTS_artefacts/Release/libGTS_SharedCode.a(FaustJuceProcessor.cpp.o):(.data.rel.ro._ZTV15FaustJuceEditor[_ZTV15FaustJuceEditor]+0x118): undefined reference to `juce::Component::keyPressed(juce::KeyPress const&)'
/usr/bin/ld: GTS_artefacts/Release/libGTS_SharedCode.a(FaustJuceProcessor.cpp.o):(.data.rel.ro._ZTV15FaustJuceEditor[_ZTV15FaustJuceEditor]+0x120): undefined reference to `juce::Component::keyStateChanged(bool)'
/usr/bin/ld: GTS_artefacts/Release/libGTS_SharedCode.a(FaustJuceProcessor.cpp.o):(.data.rel.ro._ZTV15FaustJuceEditor[_ZTV15FaustJuceEditor]+0x128): undefined reference to `juce::Component::modifierKeysChanged(juce::ModifierKeys const&)'
/usr/bin/ld: GTS_artefacts/Release/libGTS_SharedCode.a(FaustJuceProcessor.cpp.o):(.data.rel.ro._ZTV15FaustJuceEditor[_ZTV15FaustJuceEditor]+0x130): undefined reference to `juce::Component::focusGained(juce::Component::FocusChangeType)'
/usr/bin/ld: GTS_artefacts/Release/libGTS_SharedCode.a(FaustJuceProcessor.cpp.o):(.data.rel.ro._ZTV15FaustJuceEditor[_ZTV15FaustJuceEditor]+0x138): undefined reference to `juce::Component::focusGainedWithDirection(juce::Component::FocusChangeType, juce::Component::FocusChangeDirection)'
/usr/bin/ld: GTS_artefacts/Release/libGTS_SharedCode.a(FaustJuceProcessor.cpp.o):(.data.rel.ro._ZTV15FaustJuceEditor[_ZTV15FaustJuceEditor]+0x140): undefined reference to `juce::Component::focusLost(juce::Component::FocusChangeType)'
/usr/bin/ld: GTS_artefacts/Release/libGTS_SharedCode.a(FaustJuceProcessor.cpp.o):(.data.rel.ro._ZTV15FaustJuceEditor[_ZTV15FaustJuceEditor]+0x148): undefined reference to `juce::Component::focusOfChildComponentChanged(juce::Component::FocusChangeType)'
/usr/bin/ld: GTS_artefacts/Release/libGTS_SharedCode.a(FaustJuceProcessor.cpp.o):(.data.rel.ro._ZTV15FaustJuceEditor[_ZTV15FaustJuceEditor]+0x158): undefined reference to `juce::Component::moved()'
/usr/bin/ld: GTS_artefacts/Release/libGTS_SharedCode.a(FaustJuceProcessor.cpp.o):(.data.rel.ro._ZTV15FaustJuceEditor[_ZTV15FaustJuceEditor]+0x160): undefined reference to `juce::Component::childBoundsChanged(juce::Component*)'
/usr/bin/ld: GTS_artefacts/Release/libGTS_SharedCode.a(FaustJuceProcessor.cpp.o):(.data.rel.ro._ZTV15FaustJuceEditor[_ZTV15FaustJuceEditor]+0x168): undefined reference to `juce::Component::parentSizeChanged()'
/usr/bin/ld: GTS_artefacts/Release/libGTS_SharedCode.a(FaustJuceProcessor.cpp.o):(.data.rel.ro._ZTV15FaustJuceEditor[_ZTV15FaustJuceEditor]+0x170): undefined reference to `juce::Component::broughtToFront()'
/usr/bin/ld: GTS_artefacts/Release/libGTS_SharedCode.a(FaustJuceProcessor.cpp.o):(.data.rel.ro._ZTV15FaustJuceEditor[_ZTV15FaustJuceEditor]+0x178): undefined reference to `juce::Component::handleCommandMessage(int)'
/usr/bin/ld: GTS_artefacts/Release/libGTS_SharedCode.a(FaustJuceProcessor.cpp.o):(.data.rel.ro._ZTV15FaustJuceEditor[_ZTV15FaustJuceEditor]+0x180): undefined reference to `juce::Component::canModalEventBeSentToComponent(juce::Component const*)'
/usr/bin/ld: GTS_artefacts/Release/libGTS_SharedCode.a(FaustJuceProcessor.cpp.o):(.data.rel.ro._ZTV15FaustJuceEditor[_ZTV15FaustJuceEditor]+0x188): undefined reference to `juce::Component::inputAttemptWhenModal()'
/usr/bin/ld: GTS_artefacts/Release/libGTS_SharedCode.a(FaustJuceProcessor.cpp.o):(.data.rel.ro._ZTV15FaustJuceEditor[_ZTV15FaustJuceEditor]+0x190): undefined reference to `juce::Component::colourChanged()'
/usr/bin/ld: GTS_artefacts/Release/libGTS_SharedCode.a(FaustJuceProcessor.cpp.o):(.data.rel.ro._ZTV15FaustJuceEditor[_ZTV15FaustJuceEditor]+0x198): undefined reference to `juce::Component::createAccessibilityHandler()'
/usr/bin/ld: GTS_artefacts/Release/libGTS_SharedCode.a(juce_audio_processors.cpp.o): in function `juce::GenericAudioProcessorEditor::resized()':
juce_audio_processors.cpp:(.text+0xf4): undefined reference to `juce::Component::getLocalBounds() const'
/usr/bin/ld: GTS_artefacts/Release/libGTS_SharedCode.a(juce_audio_processors.cpp.o): in function `juce::GenericAudioProcessorEditor::paint(juce::Graphics&)':
juce_audio_processors.cpp:(.text+0x1b9): undefined reference to `juce::Component::getLookAndFeel() const'
/usr/bin/ld: juce_audio_processors.cpp:(.text+0x1c6): undefined reference to `juce::LookAndFeel::findColour(int) const'
/usr/bin/ld: GTS_artefacts/Release/libGTS_SharedCode.a(juce_audio_processors.cpp.o): in function `juce::PluginListComponent::resized()':
juce_audio_processors.cpp:(.text+0x1f6): undefined reference to `juce::Component::getLocalBounds() const'
/usr/bin/ld: juce_audio_processors.cpp:(.text+0x2be): undefined reference to `juce::Component::setBounds(juce::Rectangle<int>)'
/usr/bin/ld: juce_audio_processors.cpp:(.text+0x2cb): undefined reference to `juce::TextButton::changeWidthToFitText(int)'
/usr/bin/ld: GTS_artefacts/Release/libGTS_SharedCode.a(juce_audio_processors.cpp.o): in function `juce::PluginListComponent::changeListenerCallback(juce::ChangeBroadcaster*)':
juce_audio_processors.cpp:(.text+0x307): undefined reference to `juce::TableHeaderComponent::reSortTable()'
/usr/bin/ld: juce_audio_processors.cpp:(.text+0x30f): undefined reference to `juce::ListBox::updateContent()'
/usr/bin/ld: GTS_artefacts/Release/libGTS_SharedCode.a(juce_audio_processors.cpp.o): in function `juce::SliderParameterAttachment::~SliderParameterAttachment()':
juce_audio_processors.cpp:(.text+0x40a): undefined reference to `juce::Slider::removeListener(juce::SliderListener<juce::Slider>*)'
/usr/bin/ld: GTS_artefacts/Release/libGTS_SharedCode.a(juce_audio_processors.cpp.o): in function `juce::SliderParameterAttachment::~SliderParameterAttachment()':
juce_audio_processors.cpp:(.text+0x43a): undefined reference to `juce::Slider::removeListener(juce::SliderListener<juce::Slider>*)'
/usr/bin/ld: GTS_artefacts/Release/libGTS_SharedCode.a(juce_audio_processors.cpp.o): in function `juce::ComboBoxParameterAttachment::~ComboBoxParameterAttachment()':
juce_audio_processors.cpp:(.text+0x47a): undefined reference to `juce::ComboBox::removeListener(juce::ComboBox::Listener*)'
/usr/bin/ld: GTS_artefacts/Release/libGTS_SharedCode.a(juce_audio_processors.cpp.o): in function `juce::ComboBoxParameterAttachment::~ComboBoxParameterAttachment()':
juce_audio_processors.cpp:(.text+0x4aa): undefined reference to `juce::ComboBox::removeListener(juce::ComboBox::Listener*)'
/usr/bin/ld: GTS_artefacts/Release/libGTS_SharedCode.a(juce_audio_processors.cpp.o): in function `juce::ButtonParameterAttachment::~ButtonParameterAttachment()':
juce_audio_processors.cpp:(.text+0x4ea): undefined reference to `juce::Button::removeListener(juce::Button::Listener*)'
/usr/bin/ld: GTS_artefacts/Release/libGTS_SharedCode.a(juce_audio_processors.cpp.o): in function `juce::ButtonParameterAttachment::~ButtonParameterAttachment()':
juce_audio_processors.cpp:(.text+0x51a): undefined reference to `juce::Button::removeListener(juce::Button::Listener*)'
/usr/bin/ld: GTS_artefacts/Release/libGTS_SharedCode.a(juce_audio_processors.cpp.o): in function `juce::SliderParameterAttachment::sliderValueChanged(juce::Slider*)':
juce_audio_processors.cpp:(.text+0x55d): undefined reference to `juce::Slider::getValue() const'
/usr/bin/ld: GTS_artefacts/Release/libGTS_SharedCode.a(juce_audio_processors.cpp.o): in function `juce::AudioProcessorEditor::editorResized(bool) [clone .part.0]':
juce_audio_processors.cpp:(.text+0xa2a): undefined reference to `juce::Component::getPeer() const'
/usr/bin/ld: GTS_artefacts/Release/libGTS_SharedCode.a(juce_audio_processors.cpp.o): in function `juce::AudioProcessorEditor::setScaleFactor(float)':
juce_audio_processors.cpp:(.text+0xaf7): undefined reference to `juce::Component::setTransform(juce::AffineTransform const&)'
/usr/bin/ld: GTS_artefacts/Release/libGTS_SharedCode.a(juce_audio_processors.cpp.o): in function `std::_Function_handler<void (float), juce::SliderParameterAttachment::SliderParameterAttachment(juce::RangedAudioParameter&, juce::Slider&, juce::UndoManager*)::{lambda(float)#1}>::_M_invoke(std::_Any_data const&, float&&)':
juce_audio_processors.cpp:(.text+0xed7): undefined reference to `juce::Slider::setValue(double, juce::NotificationType)'
/usr/bin/ld: GTS_artefacts/Release/libGTS_SharedCode.a(juce_audio_processors.cpp.o): in function `non-virtual thunk to juce::PluginListComponent::changeListenerCallback(juce::ChangeBroadcaster*)':
juce_audio_processors.cpp:(.text+0xf44): undefined reference to `juce::TableHeaderComponent::reSortTable()'
/usr/bin/ld: juce_audio_processors.cpp:(.text+0xf4c): undefined reference to `juce::ListBox::updateContent()'
/usr/bin/ld: GTS_artefacts/Release/libGTS_SharedCode.a(juce_audio_processors.cpp.o): in function `std::_Function_handler<void (float), juce::ButtonParameterAttachment::ButtonParameterAttachment(juce::RangedAudioParameter&, juce::Button&, juce::UndoManager*)::{lambda(float)#1}>::_M_invoke(std::_Any_data const&, float&&)':
juce_audio_processors.cpp:(.text+0xf90): undefined reference to `juce::Button::setToggleState(bool, juce::NotificationType)'
/usr/bin/ld: GTS_artefacts/Release/libGTS_SharedCode.a(juce_audio_processors.cpp.o): in function `juce::ComboBoxParameterAttachment::comboBoxChanged(juce::ComboBox*)':
juce_audio_processors.cpp:(.text+0x1368): undefined reference to `juce::ComboBox::getNumItems() const'
/usr/bin/ld: juce_audio_processors.cpp:(.text+0x1373): undefined reference to `juce::ComboBox::getSelectedItemIndex() const'
/usr/bin/ld: GTS_artefacts/Release/libGTS_SharedCode.a(juce_audio_processors.cpp.o): in function `std::_Function_handler<void (float), juce::ComboBoxParameterAttachment::ComboBoxParameterAttachment(juce::RangedAudioParameter&, juce::ComboBox&, juce::UndoManager*)::{lambda(float)#1}>::_M_invoke(std::_Any_data const&, float&&)':
juce_audio_processors.cpp:(.text+0x1487): undefined reference to `juce::ComboBox::getNumItems() const'
/usr/bin/ld: juce_audio_processors.cpp:(.text+0x14b2): undefined reference to `juce::ComboBox::getSelectedItemIndex() const'
/usr/bin/ld: juce_audio_processors.cpp:(.text+0x14d2): undefined reference to `juce::ComboBox::setSelectedItemIndex(int, juce::NotificationType)'
/usr/bin/ld: GTS_artefacts/Release/libGTS_SharedCode.a(juce_audio_processors.cpp.o): in function `juce::AudioProcessorEditor::AudioProcessorEditor(juce::AudioProcessor&)':
juce_audio_processors.cpp:(.text+0x1af1): undefined reference to `juce::Component::Component()'
/usr/bin/ld: juce_audio_processors.cpp:(.text+0x1b2e): undefined reference to `juce::ComponentBoundsConstrainer::ComponentBoundsConstrainer()'
/usr/bin/ld: juce_audio_processors.cpp:(.text+0x1b62): undefined reference to `juce::Component::isOnDesktop() const'
/usr/bin/ld: juce_audio_processors.cpp:(.text+0x1ba9): undefined reference to `juce::Component::addComponentListener(juce::ComponentListener*)'
/usr/bin/ld: juce_audio_processors.cpp:(.text+0x1bbc): undefined reference to `juce::Component::getPeer() const'
/usr/bin/ld: juce_audio_processors.cpp:(.text+0x1bd0): undefined reference to `juce::ComponentPeer::setConstrainer(juce::ComponentBoundsConstrainer*)'
/usr/bin/ld: GTS_artefacts/Release/libGTS_SharedCode.a(juce_audio_processors.cpp.o): in function `juce::AudioProcessorEditor::AudioProcessorEditor(juce::AudioProcessor*)':
juce_audio_processors.cpp:(.text+0x1bf1): undefined reference to `juce::Component::Component()'
/usr/bin/ld: juce_audio_processors.cpp:(.text+0x1c2e): undefined reference to `juce::ComponentBoundsConstrainer::ComponentBoundsConstrainer()'
/usr/bin/ld: juce_audio_processors.cpp:(.text+0x1c62): undefined reference to `juce::Component::isOnDesktop() const'
/usr/bin/ld: juce_audio_processors.cpp:(.text+0x1ca9): undefined reference to `juce::Component::addComponentListener(juce::ComponentListener*)'
/usr/bin/ld: juce_audio_processors.cpp:(.text+0x1cbc): undefined reference to `juce::Component::getPeer() const'
/usr/bin/ld: juce_audio_processors.cpp:(.text+0x1cd0): undefined reference to `juce::ComponentPeer::setConstrainer(juce::ComponentBoundsConstrainer*)'
/usr/bin/ld: GTS_artefacts/Release/libGTS_SharedCode.a(juce_audio_processors.cpp.o): in function `juce::AudioProcessorEditor::initialise()':
juce_audio_processors.cpp:(.text+0x1d00): undefined reference to `juce::Component::isOnDesktop() const'
/usr/bin/ld: juce_audio_processors.cpp:(.text+0x1d54): undefined reference to `juce::Component::getPeer() const'
/usr/bin/ld: juce_audio_processors.cpp:(.text+0x1d68): undefined reference to `juce::ComponentPeer::setConstrainer(juce::ComponentBoundsConstrainer*)'
/usr/bin/ld: GTS_artefacts/Release/libGTS_SharedCode.a(juce_audio_processors.cpp.o): in function `juce::AudioProcessorEditor::attachConstrainer(juce::ComponentBoundsConstrainer*)':
juce_audio_processors.cpp:(.text+0x1d89): undefined reference to `juce::Component::isOnDesktop() const'
/usr/bin/ld: juce_audio_processors.cpp:(.text+0x1da4): undefined reference to `juce::Component::getPeer() const'
/usr/bin/ld: GTS_artefacts/Release/libGTS_SharedCode.a(juce_audio_processors.cpp.o): in function `juce::AudioProcessorEditor::attachResizableCornerComponent()':
juce_audio_processors.cpp:(.text+0x1de8): undefined reference to `juce::ResizableCornerComponent::ResizableCornerComponent(juce::Component*, juce::ComponentBoundsConstrainer*)'
/usr/bin/ld: juce_audio_processors.cpp:(.text+0x1e18): undefined reference to `juce::Component::addChildComponent(juce::Component*, int)'
/usr/bin/ld: juce_audio_processors.cpp:(.text+0x1e29): undefined reference to `juce::Component::setAlwaysOnTop(bool)'
/usr/bin/ld: GTS_artefacts/Release/libGTS_SharedCode.a(juce_audio_processors.cpp.o): in function `juce::AudioProcessorEditor::setConstrainer(juce::ComponentBoundsConstrainer*)':
juce_audio_processors.cpp:(.text+0x1ec1): undefined reference to `juce::Component::isOnDesktop() const'
/usr/bin/ld: juce_audio_processors.cpp:(.text+0x1f2c): undefined reference to `juce::Component::getPeer() const'
/usr/bin/ld: juce_audio_processors.cpp:(.text+0x1f40): undefined reference to `juce::ComponentPeer::setConstrainer(juce::ComponentBoundsConstrainer*)'
/usr/bin/ld: GTS_artefacts/Release/libGTS_SharedCode.a(juce_audio_processors.cpp.o): in function `juce::AudioProcessorEditor::setBoundsConstrained(juce::Rectangle<int>)':
juce_audio_processors.cpp:(.text+0x1fc2): undefined reference to `juce::ComponentBoundsConstrainer::setBoundsForComponent(juce::Component*, juce::Rectangle<int>, bool, bool, bool, bool)'
/usr/bin/ld: GTS_artefacts/Release/libGTS_SharedCode.a(juce_audio_processors.cpp.o): in function `juce::AudioProcessorEditor::updatePeer()':
juce_audio_processors.cpp:(.text+0x2059): undefined reference to `juce::Component::isOnDesktop() const'
/usr/bin/ld: juce_audio_processors.cpp:(.text+0x206c): undefined reference to `juce::Component::getPeer() const'
/usr/bin/ld: GTS_artefacts/Release/libGTS_SharedCode.a(juce_audio_processors.cpp.o): in function `juce::AudioProcessorEditor::setResizeLimits(int, int, int, int)':
juce_audio_processors.cpp:(.text+0x20d8): undefined reference to `juce::ComponentBoundsConstrainer::setSizeLimits(int, int, int, int)'
/usr/bin/ld: GTS_artefacts/Release/libGTS_SharedCode.a(juce_audio_processors.cpp.o): in function `juce::PluginListComponent::setOptionsButtonText(juce::String const&)':
juce_audio_processors.cpp:(.text+0x32e0): undefined reference to `juce::Button::setButtonText(juce::String const&)'
/usr/bin/ld: juce_audio_processors.cpp:(.text+0x3303): undefined reference to `juce::Component::getLocalBounds() const'
/usr/bin/ld: juce_audio_processors.cpp:(.text+0x33c8): undefined reference to `juce::Component::setBounds(juce::Rectangle<int>)'
/usr/bin/ld: juce_audio_processors.cpp:(.text+0x33d5): undefined reference to `juce::TextButton::changeWidthToFitText(int)'
/usr/bin/ld: GTS_artefacts/Release/libGTS_SharedCode.a(juce_audio_processors.cpp.o): in function `juce::PluginListComponent::updateList()':
juce_audio_processors.cpp:(.text+0x3460): undefined reference to `juce::ListBox::updateContent()'
/usr/bin/ld: GTS_artefacts/Release/libGTS_SharedCode.a(juce_audio_processors.cpp.o): in function `juce::PluginListComponent::setTableModel(juce::TableListBoxModel*)':
juce_audio_processors.cpp:(.text+0x348b): undefined reference to `juce::TableListBox::setModel(juce::TableListBoxModel*)'
/usr/bin/ld: juce_audio_processors.cpp:(.text+0x34b6): undefined reference to `juce::TableListBox::setModel(juce::TableListBoxModel*)'
/usr/bin/ld: juce_audio_processors.cpp:(.text+0x34c2): undefined reference to `juce::TableHeaderComponent::reSortTable()'
/usr/bin/ld: juce_audio_processors.cpp:(.text+0x34ca): undefined reference to `juce::ListBox::updateContent()'
/usr/bin/ld: GTS_artefacts/Release/libGTS_SharedCode.a(juce_audio_processors.cpp.o): in function `juce::SliderParameterAttachment::SliderParameterAttachment(juce::RangedAudioParameter&, juce::Slider&, juce::UndoManager*)':
juce_audio_processors.cpp:(.text+0x39d4): undefined reference to `juce::ModifierKeys::ModifierKeys(int)'
/usr/bin/ld: juce_audio_processors.cpp:(.text+0x39fb): undefined reference to `juce::Slider::setDoubleClickReturnValue(bool, double, juce::ModifierKeys)'
/usr/bin/ld: juce_audio_processors.cpp:(.text+0x4035): undefined reference to `juce::Slider::setNormalisableRange(juce::NormalisableRange<double>)'
/usr/bin/ld: juce_audio_processors.cpp:(.text+0x406c): undefined reference to `juce::Slider::addListener(juce::SliderListener<juce::Slider>*)'
/usr/bin/ld: GTS_artefacts/Release/libGTS_SharedCode.a(juce_audio_processors.cpp.o): in function `juce::SliderParameterAttachment::setValue(float)':
juce_audio_processors.cpp:(.text+0x4273): undefined reference to `juce::Slider::setValue(double, juce::NotificationType)'
/usr/bin/ld: GTS_artefacts/Release/libGTS_SharedCode.a(juce_audio_processors.cpp.o): in function `juce::ComboBoxParameterAttachment::ComboBoxParameterAttachment(juce::RangedAudioParameter&, juce::ComboBox&, juce::UndoManager*)':
juce_audio_processors.cpp:(.text+0x4336): undefined reference to `juce::ComboBox::addListener(juce::ComboBox::Listener*)'
/usr/bin/ld: GTS_artefacts/Release/libGTS_SharedCode.a(juce_audio_processors.cpp.o): in function `juce::ComboBoxParameterAttachment::setValue(float)':
juce_audio_processors.cpp:(.text+0x4453): undefined reference to `juce::ComboBox::getNumItems() const'
/usr/bin/ld: juce_audio_processors.cpp:(.text+0x447e): undefined reference to `juce::ComboBox::getSelectedItemIndex() const'
/usr/bin/ld: juce_audio_processors.cpp:(.text+0x449e): undefined reference to `juce::ComboBox::setSelectedItemIndex(int, juce::NotificationType)'
/usr/bin/ld: GTS_artefacts/Release/libGTS_SharedCode.a(juce_audio_processors.cpp.o): in function `juce::ButtonParameterAttachment::ButtonParameterAttachment(juce::RangedAudioParameter&, juce::Button&, juce::UndoManager*)':
juce_audio_processors.cpp:(.text+0x4562): undefined reference to `juce::Button::addListener(juce::Button::Listener*)'
/usr/bin/ld: GTS_artefacts/Release/libGTS_SharedCode.a(juce_audio_processors.cpp.o): in function `juce::ButtonParameterAttachment::setValue(float)':
juce_audio_processors.cpp:(.text+0x468c): undefined reference to `juce::Button::setToggleState(bool, juce::NotificationType)'
/usr/bin/ld: GTS_artefacts/Release/libGTS_SharedCode.a(juce_audio_processors.cpp.o): in function `juce::PluginListComponent::scanFinished(juce::StringArray const&, std::vector<juce::String, std::allocator<juce::String> > const&)':
juce_audio_processors.cpp:(.text+0x5b99): undefined reference to `juce::MessageBoxOptions::makeOptionsOk(juce::MessageBoxIconType, juce::String const&, juce::String const&, juce::String const&, juce::Component*)'
/usr/bin/ld: juce_audio_processors.cpp:(.text+0x5beb): undefined reference to `juce::AlertWindow::showScopedAsync(juce::MessageBoxOptions const&, std::function<void (int)>)'
/usr/bin/ld: juce_audio_processors.cpp:(.text+0x5bff): undefined reference to `juce::ScopedMessageBox::operator=(juce::ScopedMessageBox&&)'
/usr/bin/ld: juce_audio_processors.cpp:(.text+0x5c07): undefined reference to `juce::ScopedMessageBox::~ScopedMessageBox()'
/usr/bin/ld: GTS_artefacts/Release/libGTS_SharedCode.a(juce_audio_processors.cpp.o): in function `juce::PluginListComponent::createMenuForRow(int)':
juce_audio_processors.cpp:(.text+0x9090): undefined reference to `juce::PopupMenu::Item::Item(juce::String)'
/usr/bin/ld: juce_audio_processors.cpp:(.text+0x90d7): undefined reference to `juce::PopupMenu::Item::setAction(std::function<void ()>) &&'
/usr/bin/ld: juce_audio_processors.cpp:(.text+0x90e2): undefined reference to `juce::PopupMenu::Item::Item(juce::PopupMenu::Item&&)'
/usr/bin/ld: juce_audio_processors.cpp:(.text+0x90ed): undefined reference to `juce::PopupMenu::addItem(juce::PopupMenu::Item)'
/usr/bin/ld: juce_audio_processors.cpp:(.text+0x9138): undefined reference to `juce::PopupMenu::Item::Item(juce::String)'
/usr/bin/ld: juce_audio_processors.cpp:(.text+0x9152): undefined reference to `juce::PopupMenu::Item::setEnabled(bool) &&'
/usr/bin/ld: juce_audio_processors.cpp:(.text+0x918c): undefined reference to `juce::PopupMenu::Item::setAction(std::function<void ()>) &&'
/usr/bin/ld: juce_audio_processors.cpp:(.text+0x9197): undefined reference to `juce::PopupMenu::Item::Item(juce::PopupMenu::Item&&)'
/usr/bin/ld: juce_audio_processors.cpp:(.text+0x91a2): undefined reference to `juce::PopupMenu::addItem(juce::PopupMenu::Item)'
/usr/bin/ld: GTS_artefacts/Release/libGTS_SharedCode.a(juce_audio_processors.cpp.o): in function `juce::PluginListComponent::createOptionsMenu()':
juce_audio_processors.cpp:(.text+0x9808): undefined reference to `juce::PopupMenu::Item::Item(juce::String)'
/usr/bin/ld: juce_audio_processors.cpp:(.text+0x9860): undefined reference to `juce::PopupMenu::Item::setAction(std::function<void ()>) &&'
/usr/bin/ld: juce_audio_processors.cpp:(.text+0x986b): undefined reference to `juce::PopupMenu::Item::Item(juce::PopupMenu::Item&&)'
/usr/bin/ld: juce_audio_processors.cpp:(.text+0x9876): undefined reference to `juce::PopupMenu::addItem(juce::PopupMenu::Item)'
/usr/bin/ld: juce_audio_processors.cpp:(.text+0x98b2): undefined reference to `juce::PopupMenu::addSeparator()'
/usr/bin/ld: juce_audio_processors.cpp:(.text+0x99d2): undefined reference to `juce::PopupMenu::Item::Item(juce::String)'
/usr/bin/ld: juce_audio_processors.cpp:(.text+0x9a0e): undefined reference to `juce::PopupMenu::Item::setEnabled(bool) &&'
/usr/bin/ld: juce_audio_processors.cpp:(.text+0x9a3a): undefined reference to `juce::PopupMenu::Item::setAction(std::function<void ()>) &&'
/usr/bin/ld: juce_audio_processors.cpp:(.text+0x9a45): undefined reference to `juce::PopupMenu::Item::Item(juce::PopupMenu::Item&&)'
/usr/bin/ld: juce_audio_processors.cpp:(.text+0x9a52): undefined reference to `juce::PopupMenu::addItem(juce::PopupMenu::Item)'
/usr/bin/ld: juce_audio_processors.cpp:(.text+0x9ac8): undefined reference to `juce::PopupMenu::addSeparator()'
/usr/bin/ld: juce_audio_processors.cpp:(.text+0x9ae2): undefined reference to `juce::PopupMenu::Item::Item(juce::String)'
/usr/bin/ld: juce_audio_processors.cpp:(.text+0x9af1): undefined reference to `juce::ListBox::getNumSelectedRows() const'
/usr/bin/ld: juce_audio_processors.cpp:(.text+0x9b01): undefined reference to `juce::PopupMenu::Item::setEnabled(bool) &&'
/usr/bin/ld: juce_audio_processors.cpp:(.text+0x9b49): undefined reference to `juce::PopupMenu::Item::setAction(std::function<void ()>) &&'
/usr/bin/ld: juce_audio_processors.cpp:(.text+0x9b54): undefined reference to `juce::PopupMenu::Item::Item(juce::PopupMenu::Item&&)'
/usr/bin/ld: juce_audio_processors.cpp:(.text+0x9b61): undefined reference to `juce::PopupMenu::addItem(juce::PopupMenu::Item)'
/usr/bin/ld: juce_audio_processors.cpp:(.text+0x9bad): undefined reference to `juce::PopupMenu::Item::Item(juce::String)'
/usr/bin/ld: juce_audio_processors.cpp:(.text+0x9bf5): undefined reference to `juce::PopupMenu::Item::setAction(std::function<void ()>) &&'
/usr/bin/ld: juce_audio_processors.cpp:(.text+0x9c00): undefined reference to `juce::PopupMenu::Item::Item(juce::PopupMenu::Item&&)'
/usr/bin/ld: juce_audio_processors.cpp:(.text+0x9c0d): undefined reference to `juce::PopupMenu::addItem(juce::PopupMenu::Item)'
/usr/bin/ld: juce_audio_processors.cpp:(.text+0x9c4c): undefined reference to `juce::PopupMenu::addSeparator()'
/usr/bin/ld: juce_audio_processors.cpp:(.text+0x9c56): undefined reference to `juce::ListBox::getSelectedRow(int) const'
/usr/bin/ld: juce_audio_processors.cpp:(.text+0x9c72): undefined reference to `juce::PopupMenu::Item::Item(juce::String)'
/usr/bin/ld: juce_audio_processors.cpp:(.text+0x9c8b): undefined reference to `juce::PopupMenu::Item::setEnabled(bool) &&'
/usr/bin/ld: juce_audio_processors.cpp:(.text+0x9cce): undefined reference to `juce::PopupMenu::Item::setAction(std::function<void ()>) &&'
/usr/bin/ld: juce_audio_processors.cpp:(.text+0x9cd9): undefined reference to `juce::PopupMenu::Item::Item(juce::PopupMenu::Item&&)'
/usr/bin/ld: juce_audio_processors.cpp:(.text+0x9ce4): undefined reference to `juce::PopupMenu::addItem(juce::PopupMenu::Item)'
/usr/bin/ld: juce_audio_processors.cpp:(.text+0x9d20): undefined reference to `juce::PopupMenu::addSeparator()'
/usr/bin/ld: juce_audio_processors.cpp:(.text+0x9e33): undefined reference to `juce::PopupMenu::Item::Item(juce::String)'
/usr/bin/ld: juce_audio_processors.cpp:(.text+0x9e5f): undefined reference to `juce::PopupMenu::Item::setAction(std::function<void ()>) &&'
/usr/bin/ld: juce_audio_processors.cpp:(.text+0x9e6a): undefined reference to `juce::PopupMenu::Item::Item(juce::PopupMenu::Item&&)'
/usr/bin/ld: juce_audio_processors.cpp:(.text+0x9e77): undefined reference to `juce::PopupMenu::addItem(juce::PopupMenu::Item)'
/usr/bin/ld: GTS_artefacts/Release/libGTS_SharedCode.a(juce_audio_processors.cpp.o): in function `juce::PluginListComponent::PluginListComponent(juce::AudioPluginFormatManager&, juce::KnownPluginList&, juce::File const&, juce::PropertiesFile*, bool)::{lambda()#1}::operator()() const':
juce_audio_processors.cpp:(.text+0xa09c): undefined reference to `juce::PopupMenu::Options::Options()'
/usr/bin/ld: juce_audio_processors.cpp:(.text+0xa0af): undefined reference to `juce::PopupMenu::Options::withDeletionCheck(juce::Component&) const'
/usr/bin/ld: juce_audio_processors.cpp:(.text+0xa0cc): undefined reference to `juce::PopupMenu::Options::withTargetComponent(juce::Component&) const'
/usr/bin/ld: juce_audio_processors.cpp:(.text+0xa0d7): undefined reference to `juce::PopupMenu::showMenuAsync(juce::PopupMenu::Options const&)'
/usr/bin/ld: juce_audio_processors.cpp:(.text+0xa0f7): undefined reference to `juce::PopupMenu::~PopupMenu()'
/usr/bin/ld: GTS_artefacts/Release/libGTS_SharedCode.a(juce_audio_processors.cpp.o): in function `juce::AudioProcessorEditor::~AudioProcessorEditor()':
juce_audio_processors.cpp:(.text+0xcbea): undefined reference to `juce::Component::removeComponentListener(juce::ComponentListener*)'
/usr/bin/ld: juce_audio_processors.cpp:(.text+0xcbf6): undefined reference to `juce::ComponentBoundsConstrainer::~ComponentBoundsConstrainer()'
/usr/bin/ld: GTS_artefacts/Release/libGTS_SharedCode.a(juce_audio_processors.cpp.o): in function `juce::GenericAudioProcessorEditor::GenericAudioProcessorEditor(juce::AudioProcessor&)':
juce_audio_processors.cpp:(.text+0xcc65): undefined reference to `juce::Component::Component()'
/usr/bin/ld: juce_audio_processors.cpp:(.text+0xcc9f): undefined reference to `juce::ComponentBoundsConstrainer::ComponentBoundsConstrainer()'
/usr/bin/ld: juce_audio_processors.cpp:(.text+0xcd01): undefined reference to `juce::TreeView::getViewport() const'
/usr/bin/ld: juce_audio_processors.cpp:(.text+0xcd11): undefined reference to `juce::Component::setOpaque(bool)'
/usr/bin/ld: juce_audio_processors.cpp:(.text+0xcd2c): undefined reference to `juce::Component::addAndMakeVisible(juce::Component&, int)'
/usr/bin/ld: juce_audio_processors.cpp:(.text+0xcd8c): undefined reference to `juce::Component::setSize(int, int)'
/usr/bin/ld: GTS_artefacts/Release/libGTS_SharedCode.a(juce_audio_processors.cpp.o): in function `juce::GenericAudioProcessorEditor::~GenericAudioProcessorEditor()':
juce_audio_processors.cpp:(.text+0xcded): undefined reference to `juce::TreeView::~TreeView()'
/usr/bin/ld: juce_audio_processors.cpp:(.text+0xce0c): undefined reference to `juce::TreeViewItem::~TreeViewItem()'
/usr/bin/ld: GTS_artefacts/Release/libGTS_SharedCode.a(juce_audio_processors.cpp.o): in function `juce::GenericAudioProcessorEditor::~GenericAudioProcessorEditor()':
juce_audio_processors.cpp:(.text+0xce6d): undefined reference to `juce::TreeView::~TreeView()'
/usr/bin/ld: juce_audio_processors.cpp:(.text+0xce8c): undefined reference to `juce::TreeViewItem::~TreeViewItem()'
/usr/bin/ld: GTS_artefacts/Release/libGTS_SharedCode.a(juce_audio_processors.cpp.o): in function `juce::PluginListComponent::PluginListComponent(juce::AudioPluginFormatManager&, juce::KnownPluginList&, juce::File const&, juce::PropertiesFile*, bool)':
juce_audio_processors.cpp:(.text+0xcf23): undefined reference to `juce::Component::Component()'
/usr/bin/ld: juce_audio_processors.cpp:(.text+0xcf90): undefined reference to `juce::TableListBox::TableListBox(juce::String const&, juce::TableListBoxModel*)'
/usr/bin/ld: juce_audio_processors.cpp:(.text+0xcfbf): undefined reference to `juce::TextButton::TextButton(juce::String const&)'
/usr/bin/ld: juce_audio_processors.cpp:(.text+0xd03d): undefined reference to `juce::ScopedMessageBox::ScopedMessageBox()'
/usr/bin/ld: juce_audio_processors.cpp:(.text+0xd0af): undefined reference to `juce::TableHeaderComponent::addColumn(juce::String const&, int, int, int, int, int, int)'
/usr/bin/ld: juce_audio_processors.cpp:(.text+0xd0f1): undefined reference to `juce::TableHeaderComponent::addColumn(juce::String const&, int, int, int, int, int, int)'
/usr/bin/ld: juce_audio_processors.cpp:(.text+0xd134): undefined reference to `juce::TableHeaderComponent::addColumn(juce::String const&, int, int, int, int, int, int)'
/usr/bin/ld: juce_audio_processors.cpp:(.text+0xd176): undefined reference to `juce::TableHeaderComponent::addColumn(juce::String const&, int, int, int, int, int, int)'
/usr/bin/ld: juce_audio_processors.cpp:(.text+0xd1b7): undefined reference to `juce::TableHeaderComponent::addColumn(juce::String const&, int, int, int, int, int, int)'
/usr/bin/ld: juce_audio_processors.cpp:(.text+0xd1cf): undefined reference to `juce::TableListBox::setHeaderHeight(int)'
/usr/bin/ld: juce_audio_processors.cpp:(.text+0xd1dc): undefined reference to `juce::ListBox::setRowHeight(int)'
/usr/bin/ld: juce_audio_processors.cpp:(.text+0xd1eb): undefined reference to `juce::TableListBox::setModel(juce::TableListBoxModel*)'
/usr/bin/ld: juce_audio_processors.cpp:(.text+0xd1f8): undefined reference to `juce::ListBox::setMultipleSelectionEnabled(bool)'
/usr/bin/ld: juce_audio_processors.cpp:(.text+0xd208): undefined reference to `juce::Component::addAndMakeVisible(juce::Component&, int)'
/usr/bin/ld: juce_audio_processors.cpp:(.text+0xd218): undefined reference to `juce::Component::addAndMakeVisible(juce::Component&, int)'
/usr/bin/ld: juce_audio_processors.cpp:(.text+0xd292): undefined reference to `juce::Button::setTriggeredOnMouseDown(bool)'
/usr/bin/ld: juce_audio_processors.cpp:(.text+0xd2a4): undefined reference to `juce::Component::setSize(int, int)'
/usr/bin/ld: juce_audio_processors.cpp:(.text+0xd2bf): undefined reference to `juce::ListBox::updateContent()'
/usr/bin/ld: juce_audio_processors.cpp:(.text+0xd2c7): undefined reference to `juce::Component::repaint()'
/usr/bin/ld: juce_audio_processors.cpp:(.text+0xd2d3): undefined reference to `juce::TableHeaderComponent::reSortTable()'
/usr/bin/ld: GTS_artefacts/Release/libGTS_SharedCode.a(juce_audio_processors.cpp.o): in function `juce::PluginListComponent::~PluginListComponent()':
juce_audio_processors.cpp:(.text+0xd3ef): undefined reference to `juce::ScopedMessageBox::~ScopedMessageBox()'
/usr/bin/ld: juce_audio_processors.cpp:(.text+0xd436): undefined reference to `juce::TextButton::~TextButton()'
/usr/bin/ld: juce_audio_processors.cpp:(.text+0xd442): undefined reference to `juce::TableListBox::~TableListBox()'
/usr/bin/ld: GTS_artefacts/Release/libGTS_SharedCode.a(juce_audio_processors.cpp.o): in function `juce::PluginListComponent::removeSelectedPlugins()':
juce_audio_processors.cpp:(.text+0xd86b): undefined reference to `juce::ListBox::getSelectedRows() const'
/usr/bin/ld: juce_audio_processors.cpp:(.text+0xd873): undefined reference to `juce::TableListBox::getNumRows()'
/usr/bin/ld: GTS_artefacts/Release/libGTS_SharedCode.a(juce_audio_processors.cpp.o): in function `juce::AudioProcessorEditor::createNewPeer(int, void*)':
juce_audio_processors.cpp:(.text+0xd9): undefined reference to `juce::Component::createNewPeer(int, void*)'
/usr/bin/ld: GTS_artefacts/Release/libGTS_SharedCode.a(juce_audio_processors.cpp.o): in function `juce::GenericAudioProcessorEditor::resized()':
juce_audio_processors.cpp:(.text+0x100): undefined reference to `juce::Component::setBounds(juce::Rectangle<int>)'
/usr/bin/ld: GTS_artefacts/Release/libGTS_SharedCode.a(juce_audio_processors.cpp.o): in function `juce::PluginListComponent::resized()':
juce_audio_processors.cpp:(.text+0x26a): undefined reference to `juce::Component::setBounds(juce::Rectangle<int>)'
/usr/bin/ld: GTS_artefacts/Release/libGTS_SharedCode.a(juce_audio_processors.cpp.o): in function `juce::PluginListComponent::changeListenerCallback(juce::ChangeBroadcaster*)':
juce_audio_processors.cpp:(.text+0x318): undefined reference to `juce::Component::repaint()'
/usr/bin/ld: GTS_artefacts/Release/libGTS_SharedCode.a(juce_audio_processors.cpp.o): in function `juce::AudioProcessorEditor::editorResized(bool) [clone .part.0]':
juce_audio_processors.cpp:(.text+0xa86): undefined reference to `juce::Component::setBounds(int, int, int, int)'
/usr/bin/ld: GTS_artefacts/Release/libGTS_SharedCode.a(juce_audio_processors.cpp.o): in function `non-virtual thunk to juce::PluginListComponent::changeListenerCallback(juce::ChangeBroadcaster*)':
juce_audio_processors.cpp:(.text+0xf55): undefined reference to `juce::Component::repaint()'
/usr/bin/ld: GTS_artefacts/Release/libGTS_SharedCode.a(juce_audio_processors.cpp.o): in function `juce::AudioProcessorEditor::initialise()':
juce_audio_processors.cpp:(.text+0x1d48): undefined reference to `juce::Component::addComponentListener(juce::ComponentListener*)'
/usr/bin/ld: GTS_artefacts/Release/libGTS_SharedCode.a(juce_audio_processors.cpp.o): in function `juce::AudioProcessorEditor::attachConstrainer(juce::ComponentBoundsConstrainer*)':
juce_audio_processors.cpp:(.text+0x1db9): undefined reference to `juce::ComponentPeer::setConstrainer(juce::ComponentBoundsConstrainer*)'
/usr/bin/ld: GTS_artefacts/Release/libGTS_SharedCode.a(juce_audio_processors.cpp.o): in function `juce::AudioProcessorEditor::setBoundsConstrained(juce::Rectangle<int>)':
juce_audio_processors.cpp:(.text+0x2027): undefined reference to `juce::Component::setBounds(juce::Rectangle<int>)'
/usr/bin/ld: GTS_artefacts/Release/libGTS_SharedCode.a(juce_audio_processors.cpp.o): in function `juce::AudioProcessorEditor::updatePeer()':
juce_audio_processors.cpp:(.text+0x2081): undefined reference to `juce::ComponentPeer::setConstrainer(juce::ComponentBoundsConstrainer*)'
/usr/bin/ld: GTS_artefacts/Release/libGTS_SharedCode.a(juce_audio_processors.cpp.o): in function `juce::PluginListComponent::setOptionsButtonText(juce::String const&)':
juce_audio_processors.cpp:(.text+0x3379): undefined reference to `juce::Component::setBounds(juce::Rectangle<int>)'
/usr/bin/ld: GTS_artefacts/Release/libGTS_SharedCode.a(juce_audio_processors.cpp.o): in function `juce::PluginListComponent::updateList()':
juce_audio_processors.cpp:(.text+0x3469): undefined reference to `juce::Component::repaint()'
/usr/bin/ld: GTS_artefacts/Release/libGTS_SharedCode.a(juce_audio_processors.cpp.o): in function `juce::PluginListComponent::setTableModel(juce::TableListBoxModel*)':
juce_audio_processors.cpp:(.text+0x34d6): undefined reference to `juce::Component::repaint()'
/usr/bin/ld: GTS_artefacts/Release/libGTS_SharedCode.a(juce_audio_processors.cpp.o): in function `juce::AudioProcessorEditor::~AudioProcessorEditor()':
juce_audio_processors.cpp:(.text+0xcc23): undefined reference to `juce::Component::~Component()'
/usr/bin/ld: GTS_artefacts/Release/libGTS_SharedCode.a(juce_audio_processors.cpp.o): in function `juce::PluginListComponent::~PluginListComponent()':
juce_audio_processors.cpp:(.text+0xd457): undefined reference to `juce::Component::~Component()'
/usr/bin/ld: GTS_artefacts/Release/libGTS_SharedCode.a(juce_audio_processors.cpp.o): in function `juce::ParameterGroupItem::mightContainSubItems()':
juce_audio_processors.cpp:(.text._ZN4juce18ParameterGroupItem20mightContainSubItemsEv[_ZN4juce18ParameterGroupItem20mightContainSubItemsEv]+0x9): undefined reference to `juce::TreeViewItem::getNumSubItems() const'
/usr/bin/ld: GTS_artefacts/Release/libGTS_SharedCode.a(juce_audio_processors.cpp.o): in function `juce::ParameterGroupItem::~ParameterGroupItem()':
juce_audio_processors.cpp:(.text._ZN4juce18ParameterGroupItemD2Ev[_ZN4juce18ParameterGroupItemD5Ev]+0x21): undefined reference to `juce::TreeViewItem::~TreeViewItem()'
/usr/bin/ld: GTS_artefacts/Release/libGTS_SharedCode.a(juce_audio_processors.cpp.o): in function `juce::ParameterGroupItem::~ParameterGroupItem()':
juce_audio_processors.cpp:(.text._ZN4juce18ParameterGroupItemD0Ev[_ZN4juce18ParameterGroupItemD5Ev]+0x20): undefined reference to `juce::TreeViewItem::~TreeViewItem()'
/usr/bin/ld: GTS_artefacts/Release/libGTS_SharedCode.a(juce_audio_processors.cpp.o): in function `juce::ParamControlItem::~ParamControlItem()':
juce_audio_processors.cpp:(.text._ZN4juce16ParamControlItemD2Ev[_ZN4juce16ParamControlItemD5Ev]+0xf): undefined reference to `juce::TreeViewItem::~TreeViewItem()'
/usr/bin/ld: GTS_artefacts/Release/libGTS_SharedCode.a(juce_audio_processors.cpp.o): in function `juce::ParamControlItem::~ParamControlItem()':
juce_audio_processors.cpp:(.text._ZN4juce16ParamControlItemD0Ev[_ZN4juce16ParamControlItemD5Ev]+0x13): undefined reference to `juce::TreeViewItem::~TreeViewItem()'
/usr/bin/ld: GTS_artefacts/Release/libGTS_SharedCode.a(juce_audio_processors.cpp.o): in function `juce::ParameterGroupItem::createItemComponent()':
juce_audio_processors.cpp:(.text._ZN4juce18ParameterGroupItem19createItemComponentEv[_ZN4juce18ParameterGroupItem19createItemComponentEv]+0x26): undefined reference to `juce::Label::Label(juce::String const&, juce::String const&)'
/usr/bin/ld: GTS_artefacts/Release/libGTS_SharedCode.a(juce_audio_processors.cpp.o): in function `juce::ParameterDisplayComponent::handleAsyncUpdate()':
juce_audio_processors.cpp:(.text._ZN4juce25ParameterDisplayComponent17handleAsyncUpdateEv[_ZN4juce25ParameterDisplayComponent17handleAsyncUpdateEv]+0x42): undefined reference to `juce::Label::setText(juce::String const&, juce::NotificationType)'
/usr/bin/ld: juce_audio_processors.cpp:(.text._ZN4juce25ParameterDisplayComponent17handleAsyncUpdateEv[_ZN4juce25ParameterDisplayComponent17handleAsyncUpdateEv]+0x6b): undefined reference to `juce::Label::setText(juce::String const&, juce::NotificationType)'
/usr/bin/ld: GTS_artefacts/Release/libGTS_SharedCode.a(juce_audio_processors.cpp.o): in function `non-virtual thunk to juce::ParameterDisplayComponent::handleAsyncUpdate()':
juce_audio_processors.cpp:(.text._ZN4juce25ParameterDisplayComponent17handleAsyncUpdateEv[_ZN4juce25ParameterDisplayComponent17handleAsyncUpdateEv]+0x13c): undefined reference to `juce::Label::setText(juce::String const&, juce::NotificationType)'
/usr/bin/ld: juce_audio_processors.cpp:(.text._ZN4juce25ParameterDisplayComponent17handleAsyncUpdateEv[_ZN4juce25ParameterDisplayComponent17handleAsyncUpdateEv]+0x162): undefined reference to `juce::Label::setText(juce::String const&, juce::NotificationType)'
/usr/bin/ld: GTS_artefacts/Release/libGTS_SharedCode.a(juce_audio_processors.cpp.o): in function `juce::ChoiceParameterComponent::handleNewParameterValue()':
juce_audio_processors.cpp:(.text._ZN4juce24ChoiceParameterComponent23handleNewParameterValueEv[_ZN4juce24ChoiceParameterComponent23handleNewParameterValueEv]+0xc0): undefined reference to `juce::ComboBox::setSelectedItemIndex(int, juce::NotificationType)'
/usr/bin/ld: GTS_artefacts/Release/libGTS_SharedCode.a(juce_audio_processors.cpp.o): in function `non-virtual thunk to juce::ChoiceParameterComponent::handleNewParameterValue()':
juce_audio_processors.cpp:(.text._ZN4juce24ChoiceParameterComponent23handleNewParameterValueEv[_ZN4juce24ChoiceParameterComponent23handleNewParameterValueEv]+0x1b7): undefined reference to `juce::ComboBox::setSelectedItemIndex(int, juce::NotificationType)'
/usr/bin/ld: GTS_artefacts/Release/libGTS_SharedCode.a(juce_audio_processors.cpp.o): in function `juce::BooleanParameterComponent::handleNewParameterValue()':
juce_audio_processors.cpp:(.text._ZN4juce25BooleanParameterComponent23handleNewParameterValueEv[_ZN4juce25BooleanParameterComponent23handleNewParameterValueEv]+0x2d): undefined reference to `juce::Button::setToggleState(bool, juce::NotificationType)'
/usr/bin/ld: GTS_artefacts/Release/libGTS_SharedCode.a(juce_audio_processors.cpp.o): in function `non-virtual thunk to juce::BooleanParameterComponent::handleNewParameterValue()':
juce_audio_processors.cpp:(.text._ZN4juce25BooleanParameterComponent23handleNewParameterValueEv[_ZN4juce25BooleanParameterComponent23handleNewParameterValueEv]+0x67): undefined reference to `juce::Button::setToggleState(bool, juce::NotificationType)'
/usr/bin/ld: GTS_artefacts/Release/libGTS_SharedCode.a(juce_audio_processors.cpp.o): in function `juce::BooleanParameterComponent::resized()':
juce_audio_processors.cpp:(.text._ZN4juce25BooleanParameterComponent7resizedEv[_ZN4juce25BooleanParameterComponent7resizedEv]+0xd): undefined reference to `juce::Component::getLocalBounds() const'
/usr/bin/ld: juce_audio_processors.cpp:(.text._ZN4juce25BooleanParameterComponent7resizedEv[_ZN4juce25BooleanParameterComponent7resizedEv]+0x75): undefined reference to `juce::Component::setBounds(juce::Rectangle<int>)'
/usr/bin/ld: GTS_artefacts/Release/libGTS_SharedCode.a(juce_audio_processors.cpp.o): in function `juce::SwitchParameterComponent::resized()':
juce_audio_processors.cpp:(.text._ZN4juce24SwitchParameterComponent7resizedEv[_ZN4juce24SwitchParameterComponent7resizedEv]+0x14): undefined reference to `juce::Component::getLocalBounds() const'
/usr/bin/ld: juce_audio_processors.cpp:(.text._ZN4juce24SwitchParameterComponent7resizedEv[_ZN4juce24SwitchParameterComponent7resizedEv]+0x93): undefined reference to `juce::Component::setBounds(juce::Rectangle<int>)'
/usr/bin/ld: juce_audio_processors.cpp:(.text._ZN4juce24SwitchParameterComponent7resizedEv[_ZN4juce24SwitchParameterComponent7resizedEv]+0xd5): undefined reference to `juce::Component::setBounds(juce::Rectangle<int>)'
/usr/bin/ld: GTS_artefacts/Release/libGTS_SharedCode.a(juce_audio_processors.cpp.o): in function `juce::ChoiceParameterComponent::resized()':
juce_audio_processors.cpp:(.text._ZN4juce24ChoiceParameterComponent7resizedEv[_ZN4juce24ChoiceParameterComponent7resizedEv]+0xd): undefined reference to `juce::Component::getLocalBounds() const'
/usr/bin/ld: juce_audio_processors.cpp:(.text._ZN4juce24ChoiceParameterComponent7resizedEv[_ZN4juce24ChoiceParameterComponent7resizedEv]+0x75): undefined reference to `juce::Component::setBounds(juce::Rectangle<int>)'
/usr/bin/ld: GTS_artefacts/Release/libGTS_SharedCode.a(juce_audio_processors.cpp.o): in function `juce::SliderParameterComponent::resized()':
juce_audio_processors.cpp:(.text._ZN4juce24SliderParameterComponent7resizedEv[_ZN4juce24SliderParameterComponent7resizedEv]+0x14): undefined reference to `juce::Component::getLocalBounds() const'
/usr/bin/ld: juce_audio_processors.cpp:(.text._ZN4juce24SliderParameterComponent7resizedEv[_ZN4juce24SliderParameterComponent7resizedEv]+0x8a): undefined reference to `juce::Component::setBounds(juce::Rectangle<int>)'
/usr/bin/ld: juce_audio_processors.cpp:(.text._ZN4juce24SliderParameterComponent7resizedEv[_ZN4juce24SliderParameterComponent7resizedEv]+0xe4): undefined reference to `juce::Component::setBounds(juce::Rectangle<int>)'
/usr/bin/ld: GTS_artefacts/Release/libGTS_SharedCode.a(juce_audio_processors.cpp.o): in function `juce::ParameterDisplayComponent::resized()':
juce_audio_processors.cpp:(.text._ZN4juce25ParameterDisplayComponent7resizedEv[_ZN4juce25ParameterDisplayComponent7resizedEv]+0x16): undefined reference to `juce::Component::getLocalBounds() const'
/usr/bin/ld: juce_audio_processors.cpp:(.text._ZN4juce25ParameterDisplayComponent7resizedEv[_ZN4juce25ParameterDisplayComponent7resizedEv]+0x7a): undefined reference to `juce::Component::setBounds(juce::Rectangle<int>)'
/usr/bin/ld: juce_audio_processors.cpp:(.text._ZN4juce25ParameterDisplayComponent7resizedEv[_ZN4juce25ParameterDisplayComponent7resizedEv]+0xc9): undefined reference to `juce::Component::setBounds(juce::Rectangle<int>)'
/usr/bin/ld: juce_audio_processors.cpp:(.text._ZN4juce25ParameterDisplayComponent7resizedEv[_ZN4juce25ParameterDisplayComponent7resizedEv]+0xfd): undefined reference to `juce::Component::setBounds(juce::Rectangle<int>)'
/usr/bin/ld: GTS_artefacts/Release/libGTS_SharedCode.a(juce_audio_processors.cpp.o): in function `std::_Function_handler<void (), juce::ChoiceParameterComponent::ChoiceParameterComponent(juce::AudioProcessor&, juce::AudioProcessorParameter&)::{lambda()#1}>::_M_invoke(std::_Any_data const&)':
juce_audio_processors.cpp:(.text._ZNSt17_Function_handlerIFvvEZN4juce24ChoiceParameterComponentC4ERNS1_14AudioProcessorERNS1_23AudioProcessorParameterEEUlvE_E9_M_invokeERKSt9_Any_data[_ZNSt17_Function_handlerIFvvEZN4juce24ChoiceParameterComponentC4ERNS1_14AudioProcessorERNS1_23AudioProcessorParameterEEUlvE_E9_M_invokeERKSt9_Any_data]+0x3b): undefined reference to `juce::ComboBox::getText() const'
/usr/bin/ld: juce_audio_processors.cpp:(.text._ZNSt17_Function_handlerIFvvEZN4juce24ChoiceParameterComponentC4ERNS1_14AudioProcessorERNS1_23AudioProcessorParameterEEUlvE_E9_M_invokeERKSt9_Any_data[_ZNSt17_Function_handlerIFvvEZN4juce24ChoiceParameterComponentC4ERNS1_14AudioProcessorERNS1_23AudioProcessorParameterEEUlvE_E9_M_invokeERKSt9_Any_data]+0xba): undefined reference to `juce::ComboBox::getText() const'
/usr/bin/ld: GTS_artefacts/Release/libGTS_SharedCode.a(juce_audio_processors.cpp.o): in function `juce::PluginListComponent::TableModel::paintRowBackground(juce::Graphics&, int, int, int, bool)':
juce_audio_processors.cpp:(.text._ZN4juce19PluginListComponent10TableModel18paintRowBackgroundERNS_8GraphicsEiiib[_ZN4juce19PluginListComponent10TableModel18paintRowBackgroundERNS_8GraphicsEiiib]+0x31): undefined reference to `juce::Component::findColour(int, bool) const'
/usr/bin/ld: juce_audio_processors.cpp:(.text._ZN4juce19PluginListComponent10TableModel18paintRowBackgroundERNS_8GraphicsEiiib[_ZN4juce19PluginListComponent10TableModel18paintRowBackgroundERNS_8GraphicsEiiib]+0x74): undefined reference to `juce::Component::findColour(int, bool) const'
/usr/bin/ld: GTS_artefacts/Release/libGTS_SharedCode.a(juce_audio_processors.cpp.o): in function `non-virtual thunk to juce::ParameterDisplayComponent::audioProcessorChanged(juce::AudioProcessor*, juce::AudioProcessorListener::ChangeDetails const&)':
juce_audio_processors.cpp:(.text._ZN4juce25ParameterDisplayComponent21audioProcessorChangedEPNS_14AudioProcessorERKNS_22AudioProcessorListener13ChangeDetailsE[_ZN4juce25ParameterDisplayComponent21audioProcessorChangedEPNS_14AudioProcessorERKNS_22AudioProcessorListener13ChangeDetailsE]+0xb7): undefined reference to `juce::Label::setText(juce::String const&, juce::NotificationType)'
/usr/bin/ld: juce_audio_processors.cpp:(.text._ZN4juce25ParameterDisplayComponent21audioProcessorChangedEPNS_14AudioProcessorERKNS_22AudioProcessorListener13ChangeDetailsE[_ZN4juce25ParameterDisplayComponent21audioProcessorChangedEPNS_14AudioProcessorERKNS_22AudioProcessorListener13ChangeDetailsE]+0xdd): undefined reference to `juce::Label::setText(juce::String const&, juce::NotificationType)'
/usr/bin/ld: GTS_artefacts/Release/libGTS_SharedCode.a(juce_audio_processors.cpp.o): in function `juce::PluginListComponent::createMenuForRow(int) [clone .cold]':
juce_audio_processors.cpp:(.text.unlikely+0xc1c): undefined reference to `juce::PopupMenu::~PopupMenu()'
/usr/bin/ld: GTS_artefacts/Release/libGTS_SharedCode.a(juce_audio_processors.cpp.o): in function `juce::PluginListComponent::createOptionsMenu() [clone .cold]':
juce_audio_processors.cpp:(.text.unlikely+0xd6b): undefined reference to `juce::PopupMenu::~PopupMenu()'
/usr/bin/ld: GTS_artefacts/Release/libGTS_SharedCode.a(juce_audio_processors.cpp.o): in function `juce::PluginListComponent::PluginListComponent(juce::AudioPluginFormatManager&, juce::KnownPluginList&, juce::File const&, juce::PropertiesFile*, bool)::{lambda()#1}::operator()() const [clone .cold]':
juce_audio_processors.cpp:(.text.unlikely+0xeda): undefined reference to `juce::PopupMenu::~PopupMenu()'
/usr/bin/ld: GTS_artefacts/Release/libGTS_SharedCode.a(juce_audio_processors.cpp.o): in function `juce::GenericAudioProcessorEditor::GenericAudioProcessorEditor(juce::AudioProcessor&) [clone .cold]':
juce_audio_processors.cpp:(.text.unlikely+0x13e0): undefined reference to `juce::TreeView::~TreeView()'
/usr/bin/ld: juce_audio_processors.cpp:(.text.unlikely+0x1401): undefined reference to `juce::TreeViewItem::~TreeViewItem()'
/usr/bin/ld: GTS_artefacts/Release/libGTS_SharedCode.a(juce_audio_processors.cpp.o): in function `juce::PluginListComponent::PluginListComponent(juce::AudioPluginFormatManager&, juce::KnownPluginList&, juce::File const&, juce::PropertiesFile*, bool) [clone .cold]':
juce_audio_processors.cpp:(.text.unlikely+0x1439): undefined reference to `juce::ScopedMessageBox::~ScopedMessageBox()'
/usr/bin/ld: juce_audio_processors.cpp:(.text.unlikely+0x147c): undefined reference to `juce::TextButton::~TextButton()'
/usr/bin/ld: juce_audio_processors.cpp:(.text.unlikely+0x1484): undefined reference to `juce::TableListBox::~TableListBox()'
/usr/bin/ld: juce_audio_processors.cpp:(.text.unlikely+0x1497): undefined reference to `juce::Component::~Component()'
/usr/bin/ld: GTS_artefacts/Release/libGTS_SharedCode.a(juce_audio_processors.cpp.o): in function `non-virtual thunk to juce::SliderParameterComponent::handleNewParameterValue()':
juce_audio_processors.cpp:(.text._ZN4juce24SliderParameterComponent23handleNewParameterValueEv[_ZN4juce24SliderParameterComponent23handleNewParameterValueEv]+0x3e): undefined reference to `juce::Slider::setValue(double, juce::NotificationType)'
/usr/bin/ld: juce_audio_processors.cpp:(.text._ZN4juce24SliderParameterComponent23handleNewParameterValueEv[_ZN4juce24SliderParameterComponent23handleNewParameterValueEv]+0x5f): undefined reference to `juce::Label::setText(juce::String const&, juce::NotificationType)'
/usr/bin/ld: GTS_artefacts/Release/libGTS_SharedCode.a(juce_audio_processors.cpp.o): in function `juce::SliderParameterComponent::handleNewParameterValue()':
juce_audio_processors.cpp:(.text._ZN4juce24SliderParameterComponent23handleNewParameterValueEv[_ZN4juce24SliderParameterComponent23handleNewParameterValueEv]+0xf4): undefined reference to `juce::Slider::setValue(double, juce::NotificationType)'
/usr/bin/ld: juce_audio_processors.cpp:(.text._ZN4juce24SliderParameterComponent23handleNewParameterValueEv[_ZN4juce24SliderParameterComponent23handleNewParameterValueEv]+0x118): undefined reference to `juce::Label::setText(juce::String const&, juce::NotificationType)'
/usr/bin/ld: GTS_artefacts/Release/libGTS_SharedCode.a(juce_audio_processors.cpp.o): in function `std::_Function_handler<void (), juce::SliderParameterComponent::SliderParameterComponent(juce::AudioProcessor&, juce::AudioProcessorParameter&)::{lambda()#1}>::_M_invoke(std::_Any_data const&)':
juce_audio_processors.cpp:(.text._ZNSt17_Function_handlerIFvvEZN4juce24SliderParameterComponentC4ERNS1_14AudioProcessorERNS1_23AudioProcessorParameterEEUlvE_E9_M_invokeERKSt9_Any_data[_ZNSt17_Function_handlerIFvvEZN4juce24SliderParameterComponentC4ERNS1_14AudioProcessorERNS1_23AudioProcessorParameterEEUlvE_E9_M_invokeERKSt9_Any_data]+0x2a): undefined reference to `juce::Slider::getValue() const'
/usr/bin/ld: juce_audio_processors.cpp:(.text._ZNSt17_Function_handlerIFvvEZN4juce24SliderParameterComponentC4ERNS1_14AudioProcessorERNS1_23AudioProcessorParameterEEUlvE_E9_M_invokeERKSt9_Any_data[_ZNSt17_Function_handlerIFvvEZN4juce24SliderParameterComponentC4ERNS1_14AudioProcessorERNS1_23AudioProcessorParameterEEUlvE_E9_M_invokeERKSt9_Any_data]+0xed): undefined reference to `juce::Slider::getValue() const'
/usr/bin/ld: juce_audio_processors.cpp:(.text._ZNSt17_Function_handlerIFvvEZN4juce24SliderParameterComponentC4ERNS1_14AudioProcessorERNS1_23AudioProcessorParameterEEUlvE_E9_M_invokeERKSt9_Any_data[_ZNSt17_Function_handlerIFvvEZN4juce24SliderParameterComponentC4ERNS1_14AudioProcessorERNS1_23AudioProcessorParameterEEUlvE_E9_M_invokeERKSt9_Any_data]+0x11d): undefined reference to `juce::Label::setText(juce::String const&, juce::NotificationType)'
/usr/bin/ld: GTS_artefacts/Release/libGTS_SharedCode.a(juce_audio_processors.cpp.o): in function `juce::AudioProcessorEditor::AudioProcessorEditorListener::componentParentHierarchyChanged(juce::Component&)':
juce_audio_processors.cpp:(.text._ZN4juce20AudioProcessorEditor28AudioProcessorEditorListener31componentParentHierarchyChangedERNS_9ComponentE[_ZN4juce20AudioProcessorEditor28AudioProcessorEditorListener31componentParentHierarchyChangedERNS_9ComponentE]+0xd): undefined reference to `juce::Component::isOnDesktop() const'
/usr/bin/ld: juce_audio_processors.cpp:(.text._ZN4juce20AudioProcessorEditor28AudioProcessorEditorListener31componentParentHierarchyChangedERNS_9ComponentE[_ZN4juce20AudioProcessorEditor28AudioProcessorEditorListener31componentParentHierarchyChangedERNS_9ComponentE]+0x24): undefined reference to `juce::Component::getPeer() const'
/usr/bin/ld: juce_audio_processors.cpp:(.text._ZN4juce20AudioProcessorEditor28AudioProcessorEditorListener31componentParentHierarchyChangedERNS_9ComponentE[_ZN4juce20AudioProcessorEditor28AudioProcessorEditorListener31componentParentHierarchyChangedERNS_9ComponentE]+0x39): undefined reference to `juce::ComponentPeer::setConstrainer(juce::ComponentBoundsConstrainer*)'
/usr/bin/ld: GTS_artefacts/Release/libGTS_SharedCode.a(juce_audio_processors.cpp.o): in function `non-virtual thunk to juce::SwitchParameterComponent::~SwitchParameterComponent()':
juce_audio_processors.cpp:(.text._ZN4juce24SwitchParameterComponentD2Ev[_ZN4juce24SwitchParameterComponentD5Ev]+0xb8): undefined reference to `juce::Component::~Component()'
/usr/bin/ld: GTS_artefacts/Release/libGTS_SharedCode.a(juce_audio_processors.cpp.o): in function `non-virtual thunk to juce::SwitchParameterComponent::~SwitchParameterComponent()':
juce_audio_processors.cpp:(.text._ZN4juce24SwitchParameterComponentD2Ev[_ZN4juce24SwitchParameterComponentD5Ev]+0x187): undefined reference to `juce::Component::~Component()'
/usr/bin/ld: GTS_artefacts/Release/libGTS_SharedCode.a(juce_audio_processors.cpp.o): in function `non-virtual thunk to juce::SwitchParameterComponent::~SwitchParameterComponent()':
juce_audio_processors.cpp:(.text._ZN4juce24SwitchParameterComponentD2Ev[_ZN4juce24SwitchParameterComponentD5Ev]+0x258): undefined reference to `juce::Component::~Component()'
/usr/bin/ld: GTS_artefacts/Release/libGTS_SharedCode.a(juce_audio_processors.cpp.o): in function `juce::SwitchParameterComponent::~SwitchParameterComponent()':
juce_audio_processors.cpp:(.text._ZN4juce24SwitchParameterComponentD2Ev[_ZN4juce24SwitchParameterComponentD5Ev]+0x339): undefined reference to `juce::Component::~Component()'
/usr/bin/ld: GTS_artefacts/Release/libGTS_SharedCode.a(juce_audio_processors.cpp.o): in function `juce::SwitchParameterComponent::~SwitchParameterComponent()':
juce_audio_processors.cpp:(.text._ZN4juce24SwitchParameterComponentD0Ev[_ZN4juce24SwitchParameterComponentD5Ev]+0xc8): undefined reference to `juce::Component::~Component()'
/usr/bin/ld: GTS_artefacts/Release/libGTS_SharedCode.a(juce_audio_processors.cpp.o):juce_audio_processors.cpp:(.text._ZN4juce24SwitchParameterComponentD0Ev[_ZN4juce24SwitchParameterComponentD5Ev]+0x1bf): more undefined references to `juce::Component::~Component()' follow
/usr/bin/ld: GTS_artefacts/Release/libGTS_SharedCode.a(juce_audio_processors.cpp.o): in function `juce::ParameterDisplayComponent::mouseDown(juce::MouseEvent const&)':
juce_audio_processors.cpp:(.text._ZN4juce25ParameterDisplayComponent9mouseDownERKNS_10MouseEventE[_ZN4juce25ParameterDisplayComponent9mouseDownERKNS_10MouseEventE]+0x7d): undefined reference to `juce::PopupMenu::Options::Options()'
/usr/bin/ld: juce_audio_processors.cpp:(.text._ZN4juce25ParameterDisplayComponent9mouseDownERKNS_10MouseEventE[_ZN4juce25ParameterDisplayComponent9mouseDownERKNS_10MouseEventE]+0x93): undefined reference to `juce::PopupMenu::Options::withTargetComponent(juce::Component*) const'
/usr/bin/ld: juce_audio_processors.cpp:(.text._ZN4juce25ParameterDisplayComponent9mouseDownERKNS_10MouseEventE[_ZN4juce25ParameterDisplayComponent9mouseDownERKNS_10MouseEventE]+0xa6): undefined reference to `juce::PopupMenu::Options::withMousePosition() const'
/usr/bin/ld: juce_audio_processors.cpp:(.text._ZN4juce25ParameterDisplayComponent9mouseDownERKNS_10MouseEventE[_ZN4juce25ParameterDisplayComponent9mouseDownERKNS_10MouseEventE]+0xb1): undefined reference to `juce::PopupMenu::showMenuAsync(juce::PopupMenu::Options const&)'
/usr/bin/ld: juce_audio_processors.cpp:(.text._ZN4juce25ParameterDisplayComponent9mouseDownERKNS_10MouseEventE[_ZN4juce25ParameterDisplayComponent9mouseDownERKNS_10MouseEventE]+0xd1): undefined reference to `juce::PopupMenu::~PopupMenu()'
/usr/bin/ld: juce_audio_processors.cpp:(.text._ZN4juce25ParameterDisplayComponent9mouseDownERKNS_10MouseEventE[_ZN4juce25ParameterDisplayComponent9mouseDownERKNS_10MouseEventE]+0x127): undefined reference to `juce::PopupMenu::~PopupMenu()'
/usr/bin/ld: GTS_artefacts/Release/libGTS_SharedCode.a(juce_audio_processors.cpp.o): in function `juce::ParameterGroupItem::ParameterGroupItem(juce::AudioProcessorEditor&, juce::AudioProcessorParameterGroup const&)':
juce_audio_processors.cpp:(.text._ZN4juce18ParameterGroupItemC2ERNS_20AudioProcessorEditorERKNS_28AudioProcessorParameterGroupE[_ZN4juce18ParameterGroupItemC5ERNS_20AudioProcessorEditorERKNS_28AudioProcessorParameterGroupE]+0x2d): undefined reference to `juce::TreeViewItem::TreeViewItem()'
/usr/bin/ld: juce_audio_processors.cpp:(.text._ZN4juce18ParameterGroupItemC2ERNS_20AudioProcessorEditorERKNS_28AudioProcessorParameterGroupE[_ZN4juce18ParameterGroupItemC5ERNS_20AudioProcessorEditorERKNS_28AudioProcessorParameterGroupE]+0xa0): undefined reference to `juce::TreeViewItem::getNumSubItems() const'
/usr/bin/ld: juce_audio_processors.cpp:(.text._ZN4juce18ParameterGroupItemC2ERNS_20AudioProcessorEditorERKNS_28AudioProcessorParameterGroupE[_ZN4juce18ParameterGroupItemC5ERNS_20AudioProcessorEditorERKNS_28AudioProcessorParameterGroupE]+0xc5): undefined reference to `juce::TreeViewItem::~TreeViewItem()'
/usr/bin/ld: juce_audio_processors.cpp:(.text._ZN4juce18ParameterGroupItemC2ERNS_20AudioProcessorEditorERKNS_28AudioProcessorParameterGroupE[_ZN4juce18ParameterGroupItemC5ERNS_20AudioProcessorEditorERKNS_28AudioProcessorParameterGroupE]+0x11d): undefined reference to `juce::TreeViewItem::TreeViewItem()'
/usr/bin/ld: juce_audio_processors.cpp:(.text._ZN4juce18ParameterGroupItemC2ERNS_20AudioProcessorEditorERKNS_28AudioProcessorParameterGroupE[_ZN4juce18ParameterGroupItemC5ERNS_20AudioProcessorEditorERKNS_28AudioProcessorParameterGroupE]+0x144): undefined reference to `juce::TreeViewItem::addSubItem(juce::TreeViewItem*, int)'
/usr/bin/ld: juce_audio_processors.cpp:(.text._ZN4juce18ParameterGroupItemC2ERNS_20AudioProcessorEditorERKNS_28AudioProcessorParameterGroupE[_ZN4juce18ParameterGroupItemC5ERNS_20AudioProcessorEditorERKNS_28AudioProcessorParameterGroupE]+0x15c): undefined reference to `juce::TreeViewItem::addSubItem(juce::TreeViewItem*, int)'
/usr/bin/ld: juce_audio_processors.cpp:(.text._ZN4juce18ParameterGroupItemC2ERNS_20AudioProcessorEditorERKNS_28AudioProcessorParameterGroupE[_ZN4juce18ParameterGroupItemC5ERNS_20AudioProcessorEditorERKNS_28AudioProcessorParameterGroupE]+0x1aa): undefined reference to `juce::TreeViewItem::~TreeViewItem()'
/usr/bin/ld: GTS_artefacts/Release/libGTS_SharedCode.a(juce_audio_processors.cpp.o): in function `juce::GenericAudioProcessorEditor::Pimpl::getNumIndents(juce::TreeViewItem const&)':
juce_audio_processors.cpp:(.text._ZN4juce27GenericAudioProcessorEditor5Pimpl13getNumIndentsERKNS_12TreeViewItemE[_ZN4juce27GenericAudioProcessorEditor5Pimpl13getNumIndentsERKNS_12TreeViewItemE]+0x1f): undefined reference to `juce::TreeViewItem::getNumSubItems() const'
/usr/bin/ld: juce_audio_processors.cpp:(.text._ZN4juce27GenericAudioProcessorEditor5Pimpl13getNumIndentsERKNS_12TreeViewItemE[_ZN4juce27GenericAudioProcessorEditor5Pimpl13getNumIndentsERKNS_12TreeViewItemE]+0x35): undefined reference to `juce::TreeViewItem::getSubItem(int) const'
/usr/bin/ld: juce_audio_processors.cpp:(.text._ZN4juce27GenericAudioProcessorEditor5Pimpl13getNumIndentsERKNS_12TreeViewItemE[_ZN4juce27GenericAudioProcessorEditor5Pimpl13getNumIndentsERKNS_12TreeViewItemE]+0x5b): undefined reference to `juce::TreeViewItem::getNumSubItems() const'
/usr/bin/ld: juce_audio_processors.cpp:(.text._ZN4juce27GenericAudioProcessorEditor5Pimpl13getNumIndentsERKNS_12TreeViewItemE[_ZN4juce27GenericAudioProcessorEditor5Pimpl13getNumIndentsERKNS_12TreeViewItemE]+0x79): undefined reference to `juce::TreeViewItem::getSubItem(int) const'
/usr/bin/ld: juce_audio_processors.cpp:(.text._ZN4juce27GenericAudioProcessorEditor5Pimpl13getNumIndentsERKNS_12TreeViewItemE[_ZN4juce27GenericAudioProcessorEditor5Pimpl13getNumIndentsERKNS_12TreeViewItemE]+0x8c): undefined reference to `juce::TreeViewItem::getNumSubItems() const'
/usr/bin/ld: juce_audio_processors.cpp:(.text._ZN4juce27GenericAudioProcessorEditor5Pimpl13getNumIndentsERKNS_12TreeViewItemE[_ZN4juce27GenericAudioProcessorEditor5Pimpl13getNumIndentsERKNS_12TreeViewItemE]+0xaa): undefined reference to `juce::TreeViewItem::getSubItem(int) const'
/usr/bin/ld: juce_audio_processors.cpp:(.text._ZN4juce27GenericAudioProcessorEditor5Pimpl13getNumIndentsERKNS_12TreeViewItemE[_ZN4juce27GenericAudioProcessorEditor5Pimpl13getNumIndentsERKNS_12TreeViewItemE]+0xc1): undefined reference to `juce::TreeViewItem::getNumSubItems() const'
/usr/bin/ld: juce_audio_processors.cpp:(.text._ZN4juce27GenericAudioProcessorEditor5Pimpl13getNumIndentsERKNS_12TreeViewItemE[_ZN4juce27GenericAudioProcessorEditor5Pimpl13getNumIndentsERKNS_12TreeViewItemE]+0xdb): undefined reference to `juce::TreeViewItem::getSubItem(int) const'
/usr/bin/ld: juce_audio_processors.cpp:(.text._ZN4juce27GenericAudioProcessorEditor5Pimpl13getNumIndentsERKNS_12TreeViewItemE[_ZN4juce27GenericAudioProcessorEditor5Pimpl13getNumIndentsERKNS_12TreeViewItemE]+0xf6): undefined reference to `juce::TreeViewItem::getNumSubItems() const'
/usr/bin/ld: juce_audio_processors.cpp:(.text._ZN4juce27GenericAudioProcessorEditor5Pimpl13getNumIndentsERKNS_12TreeViewItemE[_ZN4juce27GenericAudioProcessorEditor5Pimpl13getNumIndentsERKNS_12TreeViewItemE]+0x110): undefined reference to `juce::TreeViewItem::getSubItem(int) const'
/usr/bin/ld: juce_audio_processors.cpp:(.text._ZN4juce27GenericAudioProcessorEditor5Pimpl13getNumIndentsERKNS_12TreeViewItemE[_ZN4juce27GenericAudioProcessorEditor5Pimpl13getNumIndentsERKNS_12TreeViewItemE]+0x11b): undefined reference to `juce::TreeViewItem::getNumSubItems() const'
/usr/bin/ld: juce_audio_processors.cpp:(.text._ZN4juce27GenericAudioProcessorEditor5Pimpl13getNumIndentsERKNS_12TreeViewItemE[_ZN4juce27GenericAudioProcessorEditor5Pimpl13getNumIndentsERKNS_12TreeViewItemE]+0x132): undefined reference to `juce::TreeViewItem::getSubItem(int) const'
/usr/bin/ld: juce_audio_processors.cpp:(.text._ZN4juce27GenericAudioProcessorEditor5Pimpl13getNumIndentsERKNS_12TreeViewItemE[_ZN4juce27GenericAudioProcessorEditor5Pimpl13getNumIndentsERKNS_12TreeViewItemE]+0x158): undefined reference to `juce::TreeViewItem::getNumSubItems() const'
/usr/bin/ld: juce_audio_processors.cpp:(.text._ZN4juce27GenericAudioProcessorEditor5Pimpl13getNumIndentsERKNS_12TreeViewItemE[_ZN4juce27GenericAudioProcessorEditor5Pimpl13getNumIndentsERKNS_12TreeViewItemE]+0x175): undefined reference to `juce::TreeViewItem::getSubItem(int) const'
/usr/bin/ld: juce_audio_processors.cpp:(.text._ZN4juce27GenericAudioProcessorEditor5Pimpl13getNumIndentsERKNS_12TreeViewItemE[_ZN4juce27GenericAudioProcessorEditor5Pimpl13getNumIndentsERKNS_12TreeViewItemE]+0x18e): undefined reference to `juce::TreeViewItem::getNumSubItems() const'
/usr/bin/ld: juce_audio_processors.cpp:(.text._ZN4juce27GenericAudioProcessorEditor5Pimpl13getNumIndentsERKNS_12TreeViewItemE[_ZN4juce27GenericAudioProcessorEditor5Pimpl13getNumIndentsERKNS_12TreeViewItemE]+0x1a3): undefined reference to `juce::TreeViewItem::getSubItem(int) const'
/usr/bin/ld: juce_audio_processors.cpp:(.text._ZN4juce27GenericAudioProcessorEditor5Pimpl13getNumIndentsERKNS_12TreeViewItemE[_ZN4juce27GenericAudioProcessorEditor5Pimpl13getNumIndentsERKNS_12TreeViewItemE]+0x1ae): undefined reference to `juce::TreeViewItem::getNumSubItems() const'
/usr/bin/ld: juce_audio_processors.cpp:(.text._ZN4juce27GenericAudioProcessorEditor5Pimpl13getNumIndentsERKNS_12TreeViewItemE[_ZN4juce27GenericAudioProcessorEditor5Pimpl13getNumIndentsERKNS_12TreeViewItemE]+0x1be): undefined reference to `juce::TreeViewItem::getSubItem(int) const'
/usr/bin/ld: juce_audio_processors.cpp:(.text._ZN4juce27GenericAudioProcessorEditor5Pimpl13getNumIndentsERKNS_12TreeViewItemE[_ZN4juce27GenericAudioProcessorEditor5Pimpl13getNumIndentsERKNS_12TreeViewItemE]+0x1da): undefined reference to `juce::TreeViewItem::getNumSubItems() const'
/usr/bin/ld: juce_audio_processors.cpp:(.text._ZN4juce27GenericAudioProcessorEditor5Pimpl13getNumIndentsERKNS_12TreeViewItemE[_ZN4juce27GenericAudioProcessorEditor5Pimpl13getNumIndentsERKNS_12TreeViewItemE]+0x1f8): undefined reference to `juce::TreeViewItem::getNumSubItems() const'
/usr/bin/ld: juce_audio_processors.cpp:(.text._ZN4juce27GenericAudioProcessorEditor5Pimpl13getNumIndentsERKNS_12TreeViewItemE[_ZN4juce27GenericAudioProcessorEditor5Pimpl13getNumIndentsERKNS_12TreeViewItemE]+0x224): undefined reference to `juce::TreeViewItem::getNumSubItems() const'
/usr/bin/ld: juce_audio_processors.cpp:(.text._ZN4juce27GenericAudioProcessorEditor5Pimpl13getNumIndentsERKNS_12TreeViewItemE[_ZN4juce27GenericAudioProcessorEditor5Pimpl13getNumIndentsERKNS_12TreeViewItemE]+0x252): undefined reference to `juce::TreeViewItem::getNumSubItems() const'
/usr/bin/ld: juce_audio_processors.cpp:(.text._ZN4juce27GenericAudioProcessorEditor5Pimpl13getNumIndentsERKNS_12TreeViewItemE[_ZN4juce27GenericAudioProcessorEditor5Pimpl13getNumIndentsERKNS_12TreeViewItemE]+0x272): undefined reference to `juce::TreeViewItem::getNumSubItems() const'
/usr/bin/ld: GTS_artefacts/Release/libGTS_SharedCode.a(juce_audio_processors.cpp.o):juce_audio_processors.cpp:(.text._ZN4juce27GenericAudioProcessorEditor5Pimpl13getNumIndentsERKNS_12TreeViewItemE[_ZN4juce27GenericAudioProcessorEditor5Pimpl13getNumIndentsERKNS_12TreeViewItemE]+0x2a1): more undefined references to `juce::TreeViewItem::getNumSubItems() const' follow
/usr/bin/ld: GTS_artefacts/Release/libGTS_SharedCode.a(juce_audio_processors.cpp.o): in function `juce::PluginTreeUtils::addToMenu(juce::KnownPluginList::PluginTree const&, juce::PopupMenu&, juce::Array<juce::PluginDescription, juce::DummyCriticalSection, 0> const&, juce::String const&)':
juce_audio_processors.cpp:(.text._ZN4juce15PluginTreeUtils9addToMenuERKNS_15KnownPluginList10PluginTreeERNS_9PopupMenuERKNS_5ArrayINS_17PluginDescriptionENS_20DummyCriticalSectionELi0EEERKNS_6StringE[_ZN4juce15PluginTreeUtils9addToMenuERKNS_15KnownPluginList10PluginTreeERNS_9PopupMenuERKNS_5ArrayINS_17PluginDescriptionENS_20DummyCriticalSectionELi0EEERKNS_6StringE]+0xc8): undefined reference to `juce::PopupMenu::PopupMenu(juce::PopupMenu const&)'
/usr/bin/ld: juce_audio_processors.cpp:(.text._ZN4juce15PluginTreeUtils9addToMenuERKNS_15KnownPluginList10PluginTreeERNS_9PopupMenuERKNS_5ArrayINS_17PluginDescriptionENS_20DummyCriticalSectionELi0EEERKNS_6StringE[_ZN4juce15PluginTreeUtils9addToMenuERKNS_15KnownPluginList10PluginTreeERNS_9PopupMenuERKNS_5ArrayINS_17PluginDescriptionENS_20DummyCriticalSectionELi0EEERKNS_6StringE]+0xff): undefined reference to `juce::PopupMenu::addSubMenu(juce::String, juce::PopupMenu, bool, std::unique_ptr<juce::Drawable, std::default_delete<juce::Drawable> >, bool, int)'
/usr/bin/ld: juce_audio_processors.cpp:(.text._ZN4juce15PluginTreeUtils9addToMenuERKNS_15KnownPluginList10PluginTreeERNS_9PopupMenuERKNS_5ArrayINS_17PluginDescriptionENS_20DummyCriticalSectionELi0EEERKNS_6StringE[_ZN4juce15PluginTreeUtils9addToMenuERKNS_15KnownPluginList10PluginTreeERNS_9PopupMenuERKNS_5ArrayINS_17PluginDescriptionENS_20DummyCriticalSectionELi0EEERKNS_6StringE]+0x111): undefined reference to `juce::PopupMenu::~PopupMenu()'
/usr/bin/ld: juce_audio_processors.cpp:(.text._ZN4juce15PluginTreeUtils9addToMenuERKNS_15KnownPluginList10PluginTreeERNS_9PopupMenuERKNS_5ArrayINS_17PluginDescriptionENS_20DummyCriticalSectionELi0EEERKNS_6StringE[_ZN4juce15PluginTreeUtils9addToMenuERKNS_15KnownPluginList10PluginTreeERNS_9PopupMenuERKNS_5ArrayINS_17PluginDescriptionENS_20DummyCriticalSectionELi0EEERKNS_6StringE]+0x130): undefined reference to `juce::PopupMenu::~PopupMenu()'
/usr/bin/ld: juce_audio_processors.cpp:(.text._ZN4juce15PluginTreeUtils9addToMenuERKNS_15KnownPluginList10PluginTreeERNS_9PopupMenuERKNS_5ArrayINS_17PluginDescriptionENS_20DummyCriticalSectionELi0EEERKNS_6StringE[_ZN4juce15PluginTreeUtils9addToMenuERKNS_15KnownPluginList10PluginTreeERNS_9PopupMenuERKNS_5ArrayINS_17PluginDescriptionENS_20DummyCriticalSectionELi0EEERKNS_6StringE]+0x274): undefined reference to `juce::PopupMenu::addItem(int, juce::String, bool, bool)'
/usr/bin/ld: juce_audio_processors.cpp:(.text._ZN4juce15PluginTreeUtils9addToMenuERKNS_15KnownPluginList10PluginTreeERNS_9PopupMenuERKNS_5ArrayINS_17PluginDescriptionENS_20DummyCriticalSectionELi0EEERKNS_6StringE[_ZN4juce15PluginTreeUtils9addToMenuERKNS_15KnownPluginList10PluginTreeERNS_9PopupMenuERKNS_5ArrayINS_17PluginDescriptionENS_20DummyCriticalSectionELi0EEERKNS_6StringE]+0x37d): undefined reference to `juce::PopupMenu::~PopupMenu()'
/usr/bin/ld: juce_audio_processors.cpp:(.text._ZN4juce15PluginTreeUtils9addToMenuERKNS_15KnownPluginList10PluginTreeERNS_9PopupMenuERKNS_5ArrayINS_17PluginDescriptionENS_20DummyCriticalSectionELi0EEERKNS_6StringE[_ZN4juce15PluginTreeUtils9addToMenuERKNS_15KnownPluginList10PluginTreeERNS_9PopupMenuERKNS_5ArrayINS_17PluginDescriptionENS_20DummyCriticalSectionELi0EEERKNS_6StringE]+0x398): undefined reference to `juce::PopupMenu::~PopupMenu()'
/usr/bin/ld: GTS_artefacts/Release/libGTS_SharedCode.a(juce_audio_processors.cpp.o): in function `juce::PopupMenu::Item::~Item()':
juce_audio_processors.cpp:(.text._ZN4juce9PopupMenu4ItemD2Ev[_ZN4juce9PopupMenu4ItemD5Ev]+0x53): undefined reference to `juce::PopupMenu::~PopupMenu()'
/usr/bin/ld: GTS_artefacts/Release/libGTS_SharedCode.a(juce_audio_processors.cpp.o): in function `juce::SwitchParameterComponent::SwitchParameterComponent(juce::AudioProcessor&, juce::AudioProcessorParameter&)':
juce_audio_processors.cpp:(.text._ZN4juce24SwitchParameterComponentC2ERNS_14AudioProcessorERNS_23AudioProcessorParameterE[_ZN4juce24SwitchParameterComponentC5ERNS_14AudioProcessorERNS_23AudioProcessorParameterE]+0x33): undefined reference to `juce::Component::Component()'
/usr/bin/ld: juce_audio_processors.cpp:(.text._ZN4juce24SwitchParameterComponentC2ERNS_14AudioProcessorERNS_23AudioProcessorParameterE[_ZN4juce24SwitchParameterComponentC5ERNS_14AudioProcessorERNS_23AudioProcessorParameterE]+0x140): undefined reference to `juce::TextButton::TextButton()'
/usr/bin/ld: juce_audio_processors.cpp:(.text._ZN4juce24SwitchParameterComponentC2ERNS_14AudioProcessorERNS_23AudioProcessorParameterE[_ZN4juce24SwitchParameterComponentC5ERNS_14AudioProcessorERNS_23AudioProcessorParameterE]+0x14f): undefined reference to `juce::TextButton::TextButton()'
/usr/bin/ld: juce_audio_processors.cpp:(.text._ZN4juce24SwitchParameterComponentC2ERNS_14AudioProcessorERNS_23AudioProcessorParameterE[_ZN4juce24SwitchParameterComponentC5ERNS_14AudioProcessorERNS_23AudioProcessorParameterE]+0x161): undefined reference to `juce::Button::setRadioGroupId(int, juce::NotificationType)'
/usr/bin/ld: juce_audio_processors.cpp:(.text._ZN4juce24SwitchParameterComponentC2ERNS_14AudioProcessorERNS_23AudioProcessorParameterE[_ZN4juce24SwitchParameterComponentC5ERNS_14AudioProcessorERNS_23AudioProcessorParameterE]+0x16e): undefined reference to `juce::Button::setClickingTogglesState(bool)'
/usr/bin/ld: juce_audio_processors.cpp:(.text._ZN4juce24SwitchParameterComponentC2ERNS_14AudioProcessorERNS_23AudioProcessorParameterE[_ZN4juce24SwitchParameterComponentC5ERNS_14AudioProcessorERNS_23AudioProcessorParameterE]+0x180): undefined reference to `juce::Button::setRadioGroupId(int, juce::NotificationType)'
/usr/bin/ld: juce_audio_processors.cpp:(.text._ZN4juce24SwitchParameterComponentC2ERNS_14AudioProcessorERNS_23AudioProcessorParameterE[_ZN4juce24SwitchParameterComponentC5ERNS_14AudioProcessorERNS_23AudioProcessorParameterE]+0x192): undefined reference to `juce::Button::setClickingTogglesState(bool)'
/usr/bin/ld: juce_audio_processors.cpp:(.text._ZN4juce24SwitchParameterComponentC2ERNS_14AudioProcessorERNS_23AudioProcessorParameterE[_ZN4juce24SwitchParameterComponentC5ERNS_14AudioProcessorERNS_23AudioProcessorParameterE]+0x1b6): undefined reference to `juce::Button::setButtonText(juce::String const&)'
/usr/bin/ld: juce_audio_processors.cpp:(.text._ZN4juce24SwitchParameterComponentC2ERNS_14AudioProcessorERNS_23AudioProcessorParameterE[_ZN4juce24SwitchParameterComponentC5ERNS_14AudioProcessorERNS_23AudioProcessorParameterE]+0x1e6): undefined reference to `juce::Button::setButtonText(juce::String const&)'
/usr/bin/ld: juce_audio_processors.cpp:(.text._ZN4juce24SwitchParameterComponentC2ERNS_14AudioProcessorERNS_23AudioProcessorParameterE[_ZN4juce24SwitchParameterComponentC5ERNS_14AudioProcessorERNS_23AudioProcessorParameterE]+0x1fb): undefined reference to `juce::Button::setConnectedEdges(int)'
/usr/bin/ld: juce_audio_processors.cpp:(.text._ZN4juce24SwitchParameterComponentC2ERNS_14AudioProcessorERNS_23AudioProcessorParameterE[_ZN4juce24SwitchParameterComponentC5ERNS_14AudioProcessorERNS_23AudioProcessorParameterE]+0x208): undefined reference to `juce::Button::setConnectedEdges(int)'
/usr/bin/ld: juce_audio_processors.cpp:(.text._ZN4juce24SwitchParameterComponentC2ERNS_14AudioProcessorERNS_23AudioProcessorParameterE[_ZN4juce24SwitchParameterComponentC5ERNS_14AudioProcessorERNS_23AudioProcessorParameterE]+0x217): undefined reference to `juce::Button::setToggleState(bool, juce::NotificationType)'
/usr/bin/ld: juce_audio_processors.cpp:(.text._ZN4juce24SwitchParameterComponentC2ERNS_14AudioProcessorERNS_23AudioProcessorParameterE[_ZN4juce24SwitchParameterComponentC5ERNS_14AudioProcessorERNS_23AudioProcessorParameterE]+0x2d3): undefined reference to `juce::Component::addAndMakeVisible(juce::Component&, int)'
/usr/bin/ld: juce_audio_processors.cpp:(.text._ZN4juce24SwitchParameterComponentC2ERNS_14AudioProcessorERNS_23AudioProcessorParameterE[_ZN4juce24SwitchParameterComponentC5ERNS_14AudioProcessorERNS_23AudioProcessorParameterE]+0x2e3): undefined reference to `juce::Component::addAndMakeVisible(juce::Component&, int)'
/usr/bin/ld: juce_audio_processors.cpp:(.text._ZN4juce24SwitchParameterComponentC2ERNS_14AudioProcessorERNS_23AudioProcessorParameterE[_ZN4juce24SwitchParameterComponentC5ERNS_14AudioProcessorERNS_23AudioProcessorParameterE]+0x31a): undefined reference to `juce::Button::setToggleState(bool, juce::NotificationType)'
/usr/bin/ld: juce_audio_processors.cpp:(.text._ZN4juce24SwitchParameterComponentC2ERNS_14AudioProcessorERNS_23AudioProcessorParameterE[_ZN4juce24SwitchParameterComponentC5ERNS_14AudioProcessorERNS_23AudioProcessorParameterE]+0x32c): undefined reference to `juce::Button::setToggleState(bool, juce::NotificationType)'
/usr/bin/ld: juce_audio_processors.cpp:(.text._ZN4juce24SwitchParameterComponentC2ERNS_14AudioProcessorERNS_23AudioProcessorParameterE[_ZN4juce24SwitchParameterComponentC5ERNS_14AudioProcessorERNS_23AudioProcessorParameterE]+0x365): undefined reference to `juce::TextButton::~TextButton()'
/usr/bin/ld: juce_audio_processors.cpp:(.text._ZN4juce24SwitchParameterComponentC2ERNS_14AudioProcessorERNS_23AudioProcessorParameterE[_ZN4juce24SwitchParameterComponentC5ERNS_14AudioProcessorERNS_23AudioProcessorParameterE]+0x3ae): undefined reference to `juce::Component::~Component()'
/usr/bin/ld: juce_audio_processors.cpp:(.text._ZN4juce24SwitchParameterComponentC2ERNS_14AudioProcessorERNS_23AudioProcessorParameterE[_ZN4juce24SwitchParameterComponentC5ERNS_14AudioProcessorERNS_23AudioProcessorParameterE]+0x3ec): undefined reference to `juce::Component::~Component()'
/usr/bin/ld: GTS_artefacts/Release/libGTS_SharedCode.a(juce_audio_processors.cpp.o): in function `juce::SwitchParameterComponent::handleNewParameterValue()':
juce_audio_processors.cpp:(.text._ZN4juce24SwitchParameterComponent23handleNewParameterValueEv[_ZN4juce24SwitchParameterComponent23handleNewParameterValueEv]+0x191): undefined reference to `juce::Button::setToggleState(bool, juce::NotificationType)'
/usr/bin/ld: GTS_artefacts/Release/libGTS_SharedCode.a(juce_audio_processors.cpp.o): in function `non-virtual thunk to juce::SwitchParameterComponent::handleNewParameterValue()':
juce_audio_processors.cpp:(.text._ZN4juce24SwitchParameterComponent23handleNewParameterValueEv[_ZN4juce24SwitchParameterComponent23handleNewParameterValueEv]+0x3c9): undefined reference to `juce::Button::setToggleState(bool, juce::NotificationType)'
/usr/bin/ld: GTS_artefacts/Release/libGTS_SharedCode.a(juce_audio_processors.cpp.o): in function `juce::SwitchParameterComponent::handleNewParameterValue()':
juce_audio_processors.cpp:(.text._ZN4juce24SwitchParameterComponent23handleNewParameterValueEv[_ZN4juce24SwitchParameterComponent23handleNewParameterValueEv]+0x1c1): undefined reference to `juce::Button::setToggleState(bool, juce::NotificationType)'
/usr/bin/ld: GTS_artefacts/Release/libGTS_SharedCode.a(juce_audio_processors.cpp.o): in function `non-virtual thunk to juce::SwitchParameterComponent::handleNewParameterValue()':
juce_audio_processors.cpp:(.text._ZN4juce24SwitchParameterComponent23handleNewParameterValueEv[_ZN4juce24SwitchParameterComponent23handleNewParameterValueEv]+0x3f6): undefined reference to `juce::Button::setToggleState(bool, juce::NotificationType)'
/usr/bin/ld: GTS_artefacts/Release/libGTS_SharedCode.a(juce_audio_processors.cpp.o): in function `juce::PluginListComponent::Scanner::startScan()':
juce_audio_processors.cpp:(.text._ZN4juce19PluginListComponent7Scanner9startScanEv[_ZN4juce19PluginListComponent7Scanner9startScanEv]+0x35): undefined reference to `juce::Component::setVisible(bool)'
/usr/bin/ld: juce_audio_processors.cpp:(.text._ZN4juce19PluginListComponent7Scanner9startScanEv[_ZN4juce19PluginListComponent7Scanner9startScanEv]+0x10e): undefined reference to `juce::KeyPress::escapeKey'
/usr/bin/ld: juce_audio_processors.cpp:(.text._ZN4juce19PluginListComponent7Scanner9startScanEv[_ZN4juce19PluginListComponent7Scanner9startScanEv]+0x140): undefined reference to `juce::KeyPress::KeyPress(int)'
/usr/bin/ld: juce_audio_processors.cpp:(.text._ZN4juce19PluginListComponent7Scanner9startScanEv[_ZN4juce19PluginListComponent7Scanner9startScanEv]+0x162): undefined reference to `juce::AlertWindow::addButton(juce::String const&, int, juce::KeyPress const&, juce::KeyPress const&)'
/usr/bin/ld: juce_audio_processors.cpp:(.text._ZN4juce19PluginListComponent7Scanner9startScanEv[_ZN4juce19PluginListComponent7Scanner9startScanEv]+0x181): undefined reference to `juce::AlertWindow::addProgressBarComponent(double&, std::optional<juce::ProgressBar::Style>)'
/usr/bin/ld: juce_audio_processors.cpp:(.text._ZN4juce19PluginListComponent7Scanner9startScanEv[_ZN4juce19PluginListComponent7Scanner9startScanEv]+0x1df): undefined reference to `juce::Component::enterModalState(bool, juce::ModalComponentManager::Callback*, bool)'
/usr/bin/ld: GTS_artefacts/Release/libGTS_SharedCode.a(juce_audio_processors.cpp.o): in function `juce::PluginListComponent::Scanner::warnUserAboutUnsuitablePaths()':
juce_audio_processors.cpp:(.text._ZN4juce19PluginListComponent7Scanner28warnUserAboutUnsuitablePathsEv[_ZN4juce19PluginListComponent7Scanner28warnUserAboutUnsuitablePathsEv]+0x2ff): undefined reference to `juce::MessageBoxOptions::makeOptionsOkCancel(juce::MessageBoxIconType, juce::String const&, juce::String const&, juce::String const&, juce::String const&, juce::Component*)'
/usr/bin/ld: juce_audio_processors.cpp:(.text._ZN4juce19PluginListComponent7Scanner28warnUserAboutUnsuitablePathsEv[_ZN4juce19PluginListComponent7Scanner28warnUserAboutUnsuitablePathsEv]+0x396): undefined reference to `juce::AlertWindow::showScopedAsync(juce::MessageBoxOptions const&, std::function<void (int)>)'
/usr/bin/ld: juce_audio_processors.cpp:(.text._ZN4juce19PluginListComponent7Scanner28warnUserAboutUnsuitablePathsEv[_ZN4juce19PluginListComponent7Scanner28warnUserAboutUnsuitablePathsEv]+0x3a8): undefined reference to `juce::ScopedMessageBox::operator=(juce::ScopedMessageBox&&)'
/usr/bin/ld: juce_audio_processors.cpp:(.text._ZN4juce19PluginListComponent7Scanner28warnUserAboutUnsuitablePathsEv[_ZN4juce19PluginListComponent7Scanner28warnUserAboutUnsuitablePathsEv]+0x3b0): undefined reference to `juce::ScopedMessageBox::~ScopedMessageBox()'
/usr/bin/ld: GTS_artefacts/Release/libGTS_SharedCode.a(juce_audio_processors.cpp.o): in function `juce::PluginListComponent::TableModel::paintCell(juce::Graphics&, int, int, int, int, bool)':
juce_audio_processors.cpp:(.text._ZN4juce19PluginListComponent10TableModel9paintCellERNS_8GraphicsEiiiib[_ZN4juce19PluginListComponent10TableModel9paintCellERNS_8GraphicsEiiiib]+0xba): undefined reference to `juce::Component::findColour(int, bool) const'
/usr/bin/ld: juce_audio_processors.cpp:(.text._ZN4juce19PluginListComponent10TableModel9paintCellERNS_8GraphicsEiiiib[_ZN4juce19PluginListComponent10TableModel9paintCellERNS_8GraphicsEiiiib]+0x130): undefined reference to `juce::Component::withDefaultMetrics(juce::FontOptions) const'
/usr/bin/ld: GTS_artefacts/Release/libGTS_SharedCode.a(juce_audio_processors.cpp.o): in function `juce::PluginListComponent::TableModel::cellClicked(int, int, juce::MouseEvent const&)':
juce_audio_processors.cpp:(.text._ZN4juce19PluginListComponent10TableModel11cellClickedEiiRKNS_10MouseEventE[_ZN4juce19PluginListComponent10TableModel11cellClickedEiiRKNS_10MouseEventE]+0x31): undefined reference to `juce::TableListBoxModel::cellClicked(int, int, juce::MouseEvent const&)'
/usr/bin/ld: juce_audio_processors.cpp:(.text._ZN4juce19PluginListComponent10TableModel11cellClickedEiiRKNS_10MouseEventE[_ZN4juce19PluginListComponent10TableModel11cellClickedEiiRKNS_10MouseEventE]+0xda): undefined reference to `juce::PopupMenu::Options::Options()'
/usr/bin/ld: juce_audio_processors.cpp:(.text._ZN4juce19PluginListComponent10TableModel11cellClickedEiiRKNS_10MouseEventE[_ZN4juce19PluginListComponent10TableModel11cellClickedEiiRKNS_10MouseEventE]+0xef): undefined reference to `juce::PopupMenu::Options::withTargetComponent(juce::Component*) const'
/usr/bin/ld: juce_audio_processors.cpp:(.text._ZN4juce19PluginListComponent10TableModel11cellClickedEiiRKNS_10MouseEventE[_ZN4juce19PluginListComponent10TableModel11cellClickedEiiRKNS_10MouseEventE]+0x102): undefined reference to `juce::PopupMenu::Options::withMousePosition() const'
/usr/bin/ld: juce_audio_processors.cpp:(.text._ZN4juce19PluginListComponent10TableModel11cellClickedEiiRKNS_10MouseEventE[_ZN4juce19PluginListComponent10TableModel11cellClickedEiiRKNS_10MouseEventE]+0x119): undefined reference to `juce::PopupMenu::Options::withDeletionCheck(juce::Component&) const'
/usr/bin/ld: juce_audio_processors.cpp:(.text._ZN4juce19PluginListComponent10TableModel11cellClickedEiiRKNS_10MouseEventE[_ZN4juce19PluginListComponent10TableModel11cellClickedEiiRKNS_10MouseEventE]+0x124): undefined reference to `juce::PopupMenu::showMenuAsync(juce::PopupMenu::Options const&)'
/usr/bin/ld: juce_audio_processors.cpp:(.text._ZN4juce19PluginListComponent10TableModel11cellClickedEiiRKNS_10MouseEventE[_ZN4juce19PluginListComponent10TableModel11cellClickedEiiRKNS_10MouseEventE]+0x14c): undefined reference to `juce::PopupMenu::~PopupMenu()'
/usr/bin/ld: juce_audio_processors.cpp:(.text._ZN4juce19PluginListComponent10TableModel11cellClickedEiiRKNS_10MouseEventE[_ZN4juce19PluginListComponent10TableModel11cellClickedEiiRKNS_10MouseEventE]+0x179): undefined reference to `juce::PopupMenu::~PopupMenu()'
/usr/bin/ld: GTS_artefacts/Release/libGTS_SharedCode.a(juce_audio_processors.cpp.o): in function `juce::PluginListComponent::Scanner::timerCallback()':
juce_audio_processors.cpp:(.text._ZN4juce19PluginListComponent7Scanner13timerCallbackEv[_ZN4juce19PluginListComponent7Scanner13timerCallbackEv]+0x101): undefined reference to `juce::AlertWindow::setMessage(juce::String const&)'
/usr/bin/ld: GTS_artefacts/Release/libGTS_SharedCode.a(juce_audio_processors.cpp.o): in function `juce::GenericAudioProcessorEditor::Pimpl::Pimpl(juce::AudioProcessorEditor&)':
juce_audio_processors.cpp:(.text._ZN4juce27GenericAudioProcessorEditor5PimplC2ERNS_20AudioProcessorEditorE[_ZN4juce27GenericAudioProcessorEditor5PimplC5ERNS_20AudioProcessorEditorE]+0x279): undefined reference to `juce::TreeView::TreeView(juce::String const&)'
/usr/bin/ld: juce_audio_processors.cpp:(.text._ZN4juce27GenericAudioProcessorEditor5PimplC2ERNS_20AudioProcessorEditorE[_ZN4juce27GenericAudioProcessorEditor5PimplC5ERNS_20AudioProcessorEditorE]+0x28e): undefined reference to `juce::TreeViewItem::getNumSubItems() const'
/usr/bin/ld: juce_audio_processors.cpp:(.text._ZN4juce27GenericAudioProcessorEditor5PimplC2ERNS_20AudioProcessorEditorE[_ZN4juce27GenericAudioProcessorEditor5PimplC5ERNS_20AudioProcessorEditorE]+0x29c): undefined reference to `juce::TreeViewItem::getSubItem(int) const'
/usr/bin/ld: juce_audio_processors.cpp:(.text._ZN4juce27GenericAudioProcessorEditor5PimplC2ERNS_20AudioProcessorEditorE[_ZN4juce27GenericAudioProcessorEditor5PimplC5ERNS_20AudioProcessorEditorE]+0x2b9): undefined reference to `juce::TreeViewItem::getNumSubItems() const'
/usr/bin/ld: juce_audio_processors.cpp:(.text._ZN4juce27GenericAudioProcessorEditor5PimplC2ERNS_20AudioProcessorEditorE[_ZN4juce27GenericAudioProcessorEditor5PimplC5ERNS_20AudioProcessorEditorE]+0x2c5): undefined reference to `juce::TreeView::getIndentSize()'
/usr/bin/ld: juce_audio_processors.cpp:(.text._ZN4juce27GenericAudioProcessorEditor5PimplC2ERNS_20AudioProcessorEditorE[_ZN4juce27GenericAudioProcessorEditor5PimplC5ERNS_20AudioProcessorEditorE]+0x2dc): undefined reference to `juce::Component::setSize(int, int)'
/usr/bin/ld: juce_audio_processors.cpp:(.text._ZN4juce27GenericAudioProcessorEditor5PimplC2ERNS_20AudioProcessorEditorE[_ZN4juce27GenericAudioProcessorEditor5PimplC5ERNS_20AudioProcessorEditorE]+0x2e9): undefined reference to `juce::TreeView::setDefaultOpenness(bool)'
/usr/bin/ld: juce_audio_processors.cpp:(.text._ZN4juce27GenericAudioProcessorEditor5PimplC2ERNS_20AudioProcessorEditorE[_ZN4juce27GenericAudioProcessorEditor5PimplC5ERNS_20AudioProcessorEditorE]+0x2f3): undefined reference to `juce::TreeView::setRootItemVisible(bool)'
/usr/bin/ld: juce_audio_processors.cpp:(.text._ZN4juce27GenericAudioProcessorEditor5PimplC2ERNS_20AudioProcessorEditorE[_ZN4juce27GenericAudioProcessorEditor5PimplC5ERNS_20AudioProcessorEditorE]+0x2fe): undefined reference to `juce::TreeView::setRootItem(juce::TreeViewItem*)'
/usr/bin/ld: juce_audio_processors.cpp:(.text._ZN4juce27GenericAudioProcessorEditor5PimplC2ERNS_20AudioProcessorEditorE[_ZN4juce27GenericAudioProcessorEditor5PimplC5ERNS_20AudioProcessorEditorE]+0x3dd): undefined reference to `juce::TreeView::~TreeView()'
/usr/bin/ld: juce_audio_processors.cpp:(.text._ZN4juce27GenericAudioProcessorEditor5PimplC2ERNS_20AudioProcessorEditorE[_ZN4juce27GenericAudioProcessorEditor5PimplC5ERNS_20AudioProcessorEditorE]+0x3fc): undefined reference to `juce::TreeViewItem::~TreeViewItem()'
/usr/bin/ld: GTS_artefacts/Release/libGTS_SharedCode.a(juce_audio_processors.cpp.o): in function `juce::ParameterDisplayComponent::~ParameterDisplayComponent()':
juce_audio_processors.cpp:(.text._ZN4juce25ParameterDisplayComponentD2Ev[_ZN4juce25ParameterDisplayComponentD5Ev]+0x80): undefined reference to `juce::Label::~Label()'
/usr/bin/ld: juce_audio_processors.cpp:(.text._ZN4juce25ParameterDisplayComponentD2Ev[_ZN4juce25ParameterDisplayComponentD5Ev]+0x8c): undefined reference to `juce::Label::~Label()'
/usr/bin/ld: GTS_artefacts/Release/libGTS_SharedCode.a(juce_audio_processors.cpp.o): in function `non-virtual thunk to juce::ParameterDisplayComponent::~ParameterDisplayComponent()':
juce_audio_processors.cpp:(.text._ZN4juce25ParameterDisplayComponentD2Ev[_ZN4juce25ParameterDisplayComponentD5Ev]+0x128): undefined reference to `juce::Label::~Label()'
/usr/bin/ld: juce_audio_processors.cpp:(.text._ZN4juce25ParameterDisplayComponentD2Ev[_ZN4juce25ParameterDisplayComponentD5Ev]+0x131): undefined reference to `juce::Label::~Label()'
/usr/bin/ld: GTS_artefacts/Release/libGTS_SharedCode.a(juce_audio_processors.cpp.o): in function `non-virtual thunk to juce::ParameterDisplayComponent::~ParameterDisplayComponent()':
juce_audio_processors.cpp:(.text._ZN4juce25ParameterDisplayComponentD2Ev[_ZN4juce25ParameterDisplayComponentD5Ev]+0x1cb): undefined reference to `juce::Label::~Label()'
/usr/bin/ld: GTS_artefacts/Release/libGTS_SharedCode.a(juce_audio_processors.cpp.o):juce_audio_processors.cpp:(.text._ZN4juce25ParameterDisplayComponentD2Ev[_ZN4juce25ParameterDisplayComponentD5Ev]+0x1d4): more undefined references to `juce::Label::~Label()' follow
/usr/bin/ld: GTS_artefacts/Release/libGTS_SharedCode.a(juce_audio_processors.cpp.o): in function `juce::ParameterDisplayComponent::~ParameterDisplayComponent()':
juce_audio_processors.cpp:(.text._ZN4juce25ParameterDisplayComponentD2Ev[_ZN4juce25ParameterDisplayComponentD5Ev]+0xa2): undefined reference to `juce::Component::~Component()'
/usr/bin/ld: GTS_artefacts/Release/libGTS_SharedCode.a(juce_audio_processors.cpp.o): in function `non-virtual thunk to juce::ParameterDisplayComponent::~ParameterDisplayComponent()':
juce_audio_processors.cpp:(.text._ZN4juce25ParameterDisplayComponentD2Ev[_ZN4juce25ParameterDisplayComponentD5Ev]+0x147): undefined reference to `juce::Component::~Component()'
/usr/bin/ld: GTS_artefacts/Release/libGTS_SharedCode.a(juce_audio_processors.cpp.o): in function `non-virtual thunk to juce::ParameterDisplayComponent::~ParameterDisplayComponent()':
juce_audio_processors.cpp:(.text._ZN4juce25ParameterDisplayComponentD2Ev[_ZN4juce25ParameterDisplayComponentD5Ev]+0x1e8): undefined reference to `juce::Component::~Component()'
/usr/bin/ld: GTS_artefacts/Release/libGTS_SharedCode.a(juce_audio_processors.cpp.o): in function `juce::ParameterDisplayComponent::~ParameterDisplayComponent()':
juce_audio_processors.cpp:(.text._ZN4juce25ParameterDisplayComponentD0Ev[_ZN4juce25ParameterDisplayComponentD5Ev]+0x80): undefined reference to `juce::Label::~Label()'
/usr/bin/ld: juce_audio_processors.cpp:(.text._ZN4juce25ParameterDisplayComponentD0Ev[_ZN4juce25ParameterDisplayComponentD5Ev]+0x8c): undefined reference to `juce::Label::~Label()'
/usr/bin/ld: juce_audio_processors.cpp:(.text._ZN4juce25ParameterDisplayComponentD0Ev[_ZN4juce25ParameterDisplayComponentD5Ev]+0x9c): undefined reference to `juce::Component::~Component()'
/usr/bin/ld: GTS_artefacts/Release/libGTS_SharedCode.a(juce_audio_processors.cpp.o): in function `non-virtual thunk to juce::ParameterDisplayComponent::~ParameterDisplayComponent()':
juce_audio_processors.cpp:(.text._ZN4juce25ParameterDisplayComponentD0Ev[_ZN4juce25ParameterDisplayComponentD5Ev]+0x138): undefined reference to `juce::Label::~Label()'
/usr/bin/ld: juce_audio_processors.cpp:(.text._ZN4juce25ParameterDisplayComponentD0Ev[_ZN4juce25ParameterDisplayComponentD5Ev]+0x141): undefined reference to `juce::Label::~Label()'
/usr/bin/ld: juce_audio_processors.cpp:(.text._ZN4juce25ParameterDisplayComponentD0Ev[_ZN4juce25ParameterDisplayComponentD5Ev]+0x151): undefined reference to `juce::Component::~Component()'
/usr/bin/ld: GTS_artefacts/Release/libGTS_SharedCode.a(juce_audio_processors.cpp.o): in function `non-virtual thunk to juce::ParameterDisplayComponent::~ParameterDisplayComponent()':
juce_audio_processors.cpp:(.text._ZN4juce25ParameterDisplayComponentD0Ev[_ZN4juce25ParameterDisplayComponentD5Ev]+0x1eb): undefined reference to `juce::Label::~Label()'
/usr/bin/ld: juce_audio_processors.cpp:(.text._ZN4juce25ParameterDisplayComponentD0Ev[_ZN4juce25ParameterDisplayComponentD5Ev]+0x1f4): undefined reference to `juce::Label::~Label()'
/usr/bin/ld: juce_audio_processors.cpp:(.text._ZN4juce25ParameterDisplayComponentD0Ev[_ZN4juce25ParameterDisplayComponentD5Ev]+0x204): undefined reference to `juce::Component::~Component()'
/usr/bin/ld: GTS_artefacts/Release/libGTS_SharedCode.a(juce_audio_processors.cpp.o): in function `juce::BooleanParameterComponent::~BooleanParameterComponent()':
juce_audio_processors.cpp:(.text._ZN4juce25BooleanParameterComponentD2Ev[_ZN4juce25BooleanParameterComponentD5Ev]+0x45): undefined reference to `juce::ToggleButton::~ToggleButton()'
/usr/bin/ld: GTS_artefacts/Release/libGTS_SharedCode.a(juce_audio_processors.cpp.o): in function `non-virtual thunk to juce::BooleanParameterComponent::~BooleanParameterComponent()':
juce_audio_processors.cpp:(.text._ZN4juce25BooleanParameterComponentD2Ev[_ZN4juce25BooleanParameterComponentD5Ev]+0x112): undefined reference to `juce::ToggleButton::~ToggleButton()'
/usr/bin/ld: GTS_artefacts/Release/libGTS_SharedCode.a(juce_audio_processors.cpp.o): in function `non-virtual thunk to juce::BooleanParameterComponent::~BooleanParameterComponent()':
juce_audio_processors.cpp:(.text._ZN4juce25BooleanParameterComponentD2Ev[_ZN4juce25BooleanParameterComponentD5Ev]+0x1d2): undefined reference to `juce::ToggleButton::~ToggleButton()'
/usr/bin/ld: GTS_artefacts/Release/libGTS_SharedCode.a(juce_audio_processors.cpp.o): in function `non-virtual thunk to juce::BooleanParameterComponent::~BooleanParameterComponent()':
juce_audio_processors.cpp:(.text._ZN4juce25BooleanParameterComponentD2Ev[_ZN4juce25BooleanParameterComponentD5Ev]+0x292): undefined reference to `juce::ToggleButton::~ToggleButton()'
/usr/bin/ld: GTS_artefacts/Release/libGTS_SharedCode.a(juce_audio_processors.cpp.o): in function `juce::BooleanParameterComponent::~BooleanParameterComponent()':
juce_audio_processors.cpp:(.text._ZN4juce25BooleanParameterComponentD2Ev[_ZN4juce25BooleanParameterComponentD5Ev]+0xaf): undefined reference to `juce::Component::~Component()'
/usr/bin/ld: GTS_artefacts/Release/libGTS_SharedCode.a(juce_audio_processors.cpp.o): in function `non-virtual thunk to juce::BooleanParameterComponent::~BooleanParameterComponent()':
juce_audio_processors.cpp:(.text._ZN4juce25BooleanParameterComponentD2Ev[_ZN4juce25BooleanParameterComponentD5Ev]+0x171): undefined reference to `juce::Component::~Component()'
/usr/bin/ld: GTS_artefacts/Release/libGTS_SharedCode.a(juce_audio_processors.cpp.o): in function `non-virtual thunk to juce::BooleanParameterComponent::~BooleanParameterComponent()':
juce_audio_processors.cpp:(.text._ZN4juce25BooleanParameterComponentD2Ev[_ZN4juce25BooleanParameterComponentD5Ev]+0x230): undefined reference to `juce::Component::~Component()'
/usr/bin/ld: GTS_artefacts/Release/libGTS_SharedCode.a(juce_audio_processors.cpp.o): in function `non-virtual thunk to juce::BooleanParameterComponent::~BooleanParameterComponent()':
juce_audio_processors.cpp:(.text._ZN4juce25BooleanParameterComponentD2Ev[_ZN4juce25BooleanParameterComponentD5Ev]+0x2f1): undefined reference to `juce::Component::~Component()'
/usr/bin/ld: GTS_artefacts/Release/libGTS_SharedCode.a(juce_audio_processors.cpp.o): in function `juce::BooleanParameterComponent::~BooleanParameterComponent()':
juce_audio_processors.cpp:(.text._ZN4juce25BooleanParameterComponentD0Ev[_ZN4juce25BooleanParameterComponentD5Ev]+0x45): undefined reference to `juce::ToggleButton::~ToggleButton()'
/usr/bin/ld: juce_audio_processors.cpp:(.text._ZN4juce25BooleanParameterComponentD0Ev[_ZN4juce25BooleanParameterComponentD5Ev]+0xae): undefined reference to `juce::Component::~Component()'
/usr/bin/ld: GTS_artefacts/Release/libGTS_SharedCode.a(juce_audio_processors.cpp.o): in function `non-virtual thunk to juce::BooleanParameterComponent::~BooleanParameterComponent()':
juce_audio_processors.cpp:(.text._ZN4juce25BooleanParameterComponentD0Ev[_ZN4juce25BooleanParameterComponentD5Ev]+0x12e): undefined reference to `juce::ToggleButton::~ToggleButton()'
/usr/bin/ld: juce_audio_processors.cpp:(.text._ZN4juce25BooleanParameterComponentD0Ev[_ZN4juce25BooleanParameterComponentD5Ev]+0x187): undefined reference to `juce::Component::~Component()'
/usr/bin/ld: GTS_artefacts/Release/libGTS_SharedCode.a(juce_audio_processors.cpp.o): in function `non-virtual thunk to juce::BooleanParameterComponent::~BooleanParameterComponent()':
juce_audio_processors.cpp:(.text._ZN4juce25BooleanParameterComponentD0Ev[_ZN4juce25BooleanParameterComponentD5Ev]+0x1fe): undefined reference to `juce::ToggleButton::~ToggleButton()'
/usr/bin/ld: juce_audio_processors.cpp:(.text._ZN4juce25BooleanParameterComponentD0Ev[_ZN4juce25BooleanParameterComponentD5Ev]+0x258): undefined reference to `juce::Component::~Component()'
/usr/bin/ld: GTS_artefacts/Release/libGTS_SharedCode.a(juce_audio_processors.cpp.o): in function `non-virtual thunk to juce::BooleanParameterComponent::~BooleanParameterComponent()':
juce_audio_processors.cpp:(.text._ZN4juce25BooleanParameterComponentD0Ev[_ZN4juce25BooleanParameterComponentD5Ev]+0x2ce): undefined reference to `juce::ToggleButton::~ToggleButton()'
/usr/bin/ld: juce_audio_processors.cpp:(.text._ZN4juce25BooleanParameterComponentD0Ev[_ZN4juce25BooleanParameterComponentD5Ev]+0x328): undefined reference to `juce::Component::~Component()'
/usr/bin/ld: GTS_artefacts/Release/libGTS_SharedCode.a(juce_audio_processors.cpp.o): in function `juce::ChoiceParameterComponent::~ChoiceParameterComponent()':
juce_audio_processors.cpp:(.text._ZN4juce24ChoiceParameterComponentD2Ev[_ZN4juce24ChoiceParameterComponentD5Ev]+0x80): undefined reference to `juce::ComboBox::~ComboBox()'
/usr/bin/ld: GTS_artefacts/Release/libGTS_SharedCode.a(juce_audio_processors.cpp.o): in function `non-virtual thunk to juce::ChoiceParameterComponent::~ChoiceParameterComponent()':
juce_audio_processors.cpp:(.text._ZN4juce24ChoiceParameterComponentD2Ev[_ZN4juce24ChoiceParameterComponentD5Ev]+0x18d): undefined reference to `juce::ComboBox::~ComboBox()'
/usr/bin/ld: GTS_artefacts/Release/libGTS_SharedCode.a(juce_audio_processors.cpp.o): in function `non-virtual thunk to juce::ChoiceParameterComponent::~ChoiceParameterComponent()':
juce_audio_processors.cpp:(.text._ZN4juce24ChoiceParameterComponentD2Ev[_ZN4juce24ChoiceParameterComponentD5Ev]+0x28d): undefined reference to `juce::ComboBox::~ComboBox()'
/usr/bin/ld: GTS_artefacts/Release/libGTS_SharedCode.a(juce_audio_processors.cpp.o): in function `non-virtual thunk to juce::ChoiceParameterComponent::~ChoiceParameterComponent()':
juce_audio_processors.cpp:(.text._ZN4juce24ChoiceParameterComponentD2Ev[_ZN4juce24ChoiceParameterComponentD5Ev]+0x38d): undefined reference to `juce::ComboBox::~ComboBox()'
/usr/bin/ld: GTS_artefacts/Release/libGTS_SharedCode.a(juce_audio_processors.cpp.o): in function `juce::ChoiceParameterComponent::~ChoiceParameterComponent()':
juce_audio_processors.cpp:(.text._ZN4juce24ChoiceParameterComponentD2Ev[_ZN4juce24ChoiceParameterComponentD5Ev]+0xf0): undefined reference to `juce::Component::~Component()'
/usr/bin/ld: GTS_artefacts/Release/libGTS_SharedCode.a(juce_audio_processors.cpp.o): in function `non-virtual thunk to juce::ChoiceParameterComponent::~ChoiceParameterComponent()':
juce_audio_processors.cpp:(.text._ZN4juce24ChoiceParameterComponentD2Ev[_ZN4juce24ChoiceParameterComponentD5Ev]+0x1f1): undefined reference to `juce::Component::~Component()'
/usr/bin/ld: GTS_artefacts/Release/libGTS_SharedCode.a(juce_audio_processors.cpp.o): in function `non-virtual thunk to juce::ChoiceParameterComponent::~ChoiceParameterComponent()':
juce_audio_processors.cpp:(.text._ZN4juce24ChoiceParameterComponentD2Ev[_ZN4juce24ChoiceParameterComponentD5Ev]+0x2f0): undefined reference to `juce::Component::~Component()'
/usr/bin/ld: GTS_artefacts/Release/libGTS_SharedCode.a(juce_audio_processors.cpp.o): in function `non-virtual thunk to juce::ChoiceParameterComponent::~ChoiceParameterComponent()':
juce_audio_processors.cpp:(.text._ZN4juce24ChoiceParameterComponentD2Ev[_ZN4juce24ChoiceParameterComponentD5Ev]+0x3f1): undefined reference to `juce::Component::~Component()'
/usr/bin/ld: GTS_artefacts/Release/libGTS_SharedCode.a(juce_audio_processors.cpp.o): in function `juce::ChoiceParameterComponent::~ChoiceParameterComponent()':
juce_audio_processors.cpp:(.text._ZN4juce24ChoiceParameterComponentD0Ev[_ZN4juce24ChoiceParameterComponentD5Ev]+0x80): undefined reference to `juce::ComboBox::~ComboBox()'
/usr/bin/ld: juce_audio_processors.cpp:(.text._ZN4juce24ChoiceParameterComponentD0Ev[_ZN4juce24ChoiceParameterComponentD5Ev]+0xe9): undefined reference to `juce::Component::~Component()'
/usr/bin/ld: GTS_artefacts/Release/libGTS_SharedCode.a(juce_audio_processors.cpp.o): in function `non-virtual thunk to juce::ChoiceParameterComponent::~ChoiceParameterComponent()':
juce_audio_processors.cpp:(.text._ZN4juce24ChoiceParameterComponentD0Ev[_ZN4juce24ChoiceParameterComponentD5Ev]+0x1a5): undefined reference to `juce::ComboBox::~ComboBox()'
/usr/bin/ld: juce_audio_processors.cpp:(.text._ZN4juce24ChoiceParameterComponentD0Ev[_ZN4juce24ChoiceParameterComponentD5Ev]+0x1ff): undefined reference to `juce::Component::~Component()'
/usr/bin/ld: GTS_artefacts/Release/libGTS_SharedCode.a(juce_audio_processors.cpp.o): in function `non-virtual thunk to juce::ChoiceParameterComponent::~ChoiceParameterComponent()':
juce_audio_processors.cpp:(.text._ZN4juce24ChoiceParameterComponentD0Ev[_ZN4juce24ChoiceParameterComponentD5Ev]+0x2b5): undefined reference to `juce::ComboBox::~ComboBox()'
/usr/bin/ld: juce_audio_processors.cpp:(.text._ZN4juce24ChoiceParameterComponentD0Ev[_ZN4juce24ChoiceParameterComponentD5Ev]+0x30f): undefined reference to `juce::Component::~Component()'
/usr/bin/ld: GTS_artefacts/Release/libGTS_SharedCode.a(juce_audio_processors.cpp.o): in function `non-virtual thunk to juce::ChoiceParameterComponent::~ChoiceParameterComponent()':
juce_audio_processors.cpp:(.text._ZN4juce24ChoiceParameterComponentD0Ev[_ZN4juce24ChoiceParameterComponentD5Ev]+0x3c5): undefined reference to `juce::ComboBox::~ComboBox()'
/usr/bin/ld: juce_audio_processors.cpp:(.text._ZN4juce24ChoiceParameterComponentD0Ev[_ZN4juce24ChoiceParameterComponentD5Ev]+0x41f): undefined reference to `juce::Component::~Component()'
/usr/bin/ld: GTS_artefacts/Release/libGTS_SharedCode.a(juce_audio_processors.cpp.o): in function `juce::SliderParameterComponent::SliderParameterComponent(juce::AudioProcessor&, juce::AudioProcessorParameter&)':
juce_audio_processors.cpp:(.text._ZN4juce24SliderParameterComponentC2ERNS_14AudioProcessorERNS_23AudioProcessorParameterE[_ZN4juce24SliderParameterComponentC5ERNS_14AudioProcessorERNS_23AudioProcessorParameterE]+0x33): undefined reference to `juce::Component::Component()'
/usr/bin/ld: juce_audio_processors.cpp:(.text._ZN4juce24SliderParameterComponentC2ERNS_14AudioProcessorERNS_23AudioProcessorParameterE[_ZN4juce24SliderParameterComponentC5ERNS_14AudioProcessorERNS_23AudioProcessorParameterE]+0x144): undefined reference to `juce::Slider::Slider(juce::Slider::SliderStyle, juce::Slider::TextEntryBoxPosition)'
/usr/bin/ld: juce_audio_processors.cpp:(.text._ZN4juce24SliderParameterComponentC2ERNS_14AudioProcessorERNS_23AudioProcessorParameterE[_ZN4juce24SliderParameterComponentC5ERNS_14AudioProcessorERNS_23AudioProcessorParameterE]+0x173): undefined reference to `juce::Label::Label(juce::String const&, juce::String const&)'
/usr/bin/ld: juce_audio_processors.cpp:(.text._ZN4juce24SliderParameterComponentC2ERNS_14AudioProcessorERNS_23AudioProcessorParameterE[_ZN4juce24SliderParameterComponentC5ERNS_14AudioProcessorERNS_23AudioProcessorParameterE]+0x1dd): undefined reference to `juce::Slider::setRange(double, double, double)'
/usr/bin/ld: juce_audio_processors.cpp:(.text._ZN4juce24SliderParameterComponentC2ERNS_14AudioProcessorERNS_23AudioProcessorParameterE[_ZN4juce24SliderParameterComponentC5ERNS_14AudioProcessorERNS_23AudioProcessorParameterE]+0x1ea): undefined reference to `juce::ModifierKeys::ModifierKeys(int)'
/usr/bin/ld: juce_audio_processors.cpp:(.text._ZN4juce24SliderParameterComponentC2ERNS_14AudioProcessorERNS_23AudioProcessorParameterE[_ZN4juce24SliderParameterComponentC5ERNS_14AudioProcessorERNS_23AudioProcessorParameterE]+0x209): undefined reference to `juce::Slider::setDoubleClickReturnValue(bool, double, juce::ModifierKeys)'
/usr/bin/ld: juce_audio_processors.cpp:(.text._ZN4juce24SliderParameterComponentC2ERNS_14AudioProcessorERNS_23AudioProcessorParameterE[_ZN4juce24SliderParameterComponentC5ERNS_14AudioProcessorERNS_23AudioProcessorParameterE]+0x213): undefined reference to `juce::Slider::setScrollWheelEnabled(bool)'
/usr/bin/ld: juce_audio_processors.cpp:(.text._ZN4juce24SliderParameterComponentC2ERNS_14AudioProcessorERNS_23AudioProcessorParameterE[_ZN4juce24SliderParameterComponentC5ERNS_14AudioProcessorERNS_23AudioProcessorParameterE]+0x223): undefined reference to `juce::Component::addAndMakeVisible(juce::Component&, int)'
/usr/bin/ld: juce_audio_processors.cpp:(.text._ZN4juce24SliderParameterComponentC2ERNS_14AudioProcessorERNS_23AudioProcessorParameterE[_ZN4juce24SliderParameterComponentC5ERNS_14AudioProcessorERNS_23AudioProcessorParameterE]+0x232): undefined reference to `juce::Component::findColour(int, bool) const'
/usr/bin/ld: juce_audio_processors.cpp:(.text._ZN4juce24SliderParameterComponentC2ERNS_14AudioProcessorERNS_23AudioProcessorParameterE[_ZN4juce24SliderParameterComponentC5ERNS_14AudioProcessorERNS_23AudioProcessorParameterE]+0x241): undefined reference to `juce::Component::setColour(int, juce::Colour)'
/usr/bin/ld: juce_audio_processors.cpp:(.text._ZN4juce24SliderParameterComponentC2ERNS_14AudioProcessorERNS_23AudioProcessorParameterE[_ZN4juce24SliderParameterComponentC5ERNS_14AudioProcessorERNS_23AudioProcessorParameterE]+0x256): undefined reference to `juce::Label::setBorderSize(juce::BorderSize<int>)'
/usr/bin/ld: juce_audio_processors.cpp:(.text._ZN4juce24SliderParameterComponentC2ERNS_14AudioProcessorERNS_23AudioProcessorParameterE[_ZN4juce24SliderParameterComponentC5ERNS_14AudioProcessorERNS_23AudioProcessorParameterE]+0x263): undefined reference to `juce::Label::setJustificationType(juce::Justification)'
/usr/bin/ld: juce_audio_processors.cpp:(.text._ZN4juce24SliderParameterComponentC2ERNS_14AudioProcessorERNS_23AudioProcessorParameterE[_ZN4juce24SliderParameterComponentC5ERNS_14AudioProcessorERNS_23AudioProcessorParameterE]+0x273): undefined reference to `juce::Component::addAndMakeVisible(juce::Component&, int)'
/usr/bin/ld: juce_audio_processors.cpp:(.text._ZN4juce24SliderParameterComponentC2ERNS_14AudioProcessorERNS_23AudioProcessorParameterE[_ZN4juce24SliderParameterComponentC5ERNS_14AudioProcessorERNS_23AudioProcessorParameterE]+0x297): undefined reference to `juce::Slider::setValue(double, juce::NotificationType)'
/usr/bin/ld: juce_audio_processors.cpp:(.text._ZN4juce24SliderParameterComponentC2ERNS_14AudioProcessorERNS_23AudioProcessorParameterE[_ZN4juce24SliderParameterComponentC5ERNS_14AudioProcessorERNS_23AudioProcessorParameterE]+0x2b7): undefined reference to `juce::Label::setText(juce::String const&, juce::NotificationType)'
/usr/bin/ld: juce_audio_processors.cpp:(.text._ZN4juce24SliderParameterComponentC2ERNS_14AudioProcessorERNS_23AudioProcessorParameterE[_ZN4juce24SliderParameterComponentC5ERNS_14AudioProcessorERNS_23AudioProcessorParameterE]+0x454): undefined reference to `juce::Slider::setRange(double, double, double)'
/usr/bin/ld: juce_audio_processors.cpp:(.text._ZN4juce24SliderParameterComponentC2ERNS_14AudioProcessorERNS_23AudioProcessorParameterE[_ZN4juce24SliderParameterComponentC5ERNS_14AudioProcessorERNS_23AudioProcessorParameterE]+0x486): undefined reference to `juce::Slider::~Slider()'
/usr/bin/ld: juce_audio_processors.cpp:(.text._ZN4juce24SliderParameterComponentC2ERNS_14AudioProcessorERNS_23AudioProcessorParameterE[_ZN4juce24SliderParameterComponentC5ERNS_14AudioProcessorERNS_23AudioProcessorParameterE]+0x4cf): undefined reference to `juce::Component::~Component()'
/usr/bin/ld: juce_audio_processors.cpp:(.text._ZN4juce24SliderParameterComponentC2ERNS_14AudioProcessorERNS_23AudioProcessorParameterE[_ZN4juce24SliderParameterComponentC5ERNS_14AudioProcessorERNS_23AudioProcessorParameterE]+0x51f): undefined reference to `juce::Label::~Label()'
/usr/bin/ld: juce_audio_processors.cpp:(.text._ZN4juce24SliderParameterComponentC2ERNS_14AudioProcessorERNS_23AudioProcessorParameterE[_ZN4juce24SliderParameterComponentC5ERNS_14AudioProcessorERNS_23AudioProcessorParameterE]+0x53c): undefined reference to `juce::Component::~Component()'
/usr/bin/ld: GTS_artefacts/Release/libGTS_SharedCode.a(juce_audio_processors.cpp.o): in function `juce::ParameterDisplayComponent::createParameterComp(juce::AudioProcessor&) const':
juce_audio_processors.cpp:(.text._ZNK4juce25ParameterDisplayComponent19createParameterCompERNS_14AudioProcessorE[_ZNK4juce25ParameterDisplayComponent19createParameterCompERNS_14AudioProcessorE]+0x12b): undefined reference to `juce::Component::Component()'
/usr/bin/ld: juce_audio_processors.cpp:(.text._ZNK4juce25ParameterDisplayComponent19createParameterCompERNS_14AudioProcessorE[_ZNK4juce25ParameterDisplayComponent19createParameterCompERNS_14AudioProcessorE]+0x24b): undefined reference to `juce::ToggleButton::ToggleButton()'
/usr/bin/ld: juce_audio_processors.cpp:(.text._ZNK4juce25ParameterDisplayComponent19createParameterCompERNS_14AudioProcessorE[_ZNK4juce25ParameterDisplayComponent19createParameterCompERNS_14AudioProcessorE]+0x270): undefined reference to `juce::Button::setToggleState(bool, juce::NotificationType)'
/usr/bin/ld: juce_audio_processors.cpp:(.text._ZNK4juce25ParameterDisplayComponent19createParameterCompERNS_14AudioProcessorE[_ZNK4juce25ParameterDisplayComponent19createParameterCompERNS_14AudioProcessorE]+0x2fc): undefined reference to `juce::Component::addAndMakeVisible(juce::Component&, int)'
/usr/bin/ld: juce_audio_processors.cpp:(.text._ZNK4juce25ParameterDisplayComponent19createParameterCompERNS_14AudioProcessorE[_ZNK4juce25ParameterDisplayComponent19createParameterCompERNS_14AudioProcessorE]+0x325): undefined reference to `juce::Component::Component()'
/usr/bin/ld: juce_audio_processors.cpp:(.text._ZNK4juce25ParameterDisplayComponent19createParameterCompERNS_14AudioProcessorE[_ZNK4juce25ParameterDisplayComponent19createParameterCompERNS_14AudioProcessorE]+0x45f): undefined reference to `juce::ComboBox::ComboBox(juce::String const&)'
/usr/bin/ld: juce_audio_processors.cpp:(.text._ZNK4juce25ParameterDisplayComponent19createParameterCompERNS_14AudioProcessorE[_ZNK4juce25ParameterDisplayComponent19createParameterCompERNS_14AudioProcessorE]+0x493): undefined reference to `juce::ComboBox::addItemList(juce::StringArray const&, int)'
/usr/bin/ld: juce_audio_processors.cpp:(.text._ZNK4juce25ParameterDisplayComponent19createParameterCompERNS_14AudioProcessorE[_ZNK4juce25ParameterDisplayComponent19createParameterCompERNS_14AudioProcessorE]+0x527): undefined reference to `juce::Component::addAndMakeVisible(juce::Component&, int)'
/usr/bin/ld: juce_audio_processors.cpp:(.text._ZNK4juce25ParameterDisplayComponent19createParameterCompERNS_14AudioProcessorE[_ZNK4juce25ParameterDisplayComponent19createParameterCompERNS_14AudioProcessorE]+0x595): undefined reference to `juce::ToggleButton::~ToggleButton()'
/usr/bin/ld: juce_audio_processors.cpp:(.text._ZNK4juce25ParameterDisplayComponent19createParameterCompERNS_14AudioProcessorE[_ZNK4juce25ParameterDisplayComponent19createParameterCompERNS_14AudioProcessorE]+0x5e0): undefined reference to `juce::Component::~Component()'
/usr/bin/ld: juce_audio_processors.cpp:(.text._ZNK4juce25ParameterDisplayComponent19createParameterCompERNS_14AudioProcessorE[_ZNK4juce25ParameterDisplayComponent19createParameterCompERNS_14AudioProcessorE]+0x62b): undefined reference to `juce::ComboBox::~ComboBox()'
/usr/bin/ld: juce_audio_processors.cpp:(.text._ZNK4juce25ParameterDisplayComponent19createParameterCompERNS_14AudioProcessorE[_ZNK4juce25ParameterDisplayComponent19createParameterCompERNS_14AudioProcessorE]+0x676): undefined reference to `juce::Component::~Component()'
/usr/bin/ld: juce_audio_processors.cpp:(.text._ZNK4juce25ParameterDisplayComponent19createParameterCompERNS_14AudioProcessorE[_ZNK4juce25ParameterDisplayComponent19createParameterCompERNS_14AudioProcessorE]+0x71d): undefined reference to `juce::Component::~Component()'
/usr/bin/ld: juce_audio_processors.cpp:(.text._ZNK4juce25ParameterDisplayComponent19createParameterCompERNS_14AudioProcessorE[_ZNK4juce25ParameterDisplayComponent19createParameterCompERNS_14AudioProcessorE]+0x769): undefined reference to `juce::Component::~Component()'
/usr/bin/ld: GTS_artefacts/Release/libGTS_SharedCode.a(juce_audio_processors.cpp.o): in function `juce::ParamControlItem::createItemComponent()':
juce_audio_processors.cpp:(.text._ZN4juce16ParamControlItem19createItemComponentEv[_ZN4juce16ParamControlItem19createItemComponentEv]+0x3f): undefined reference to `juce::Component::Component()'
/usr/bin/ld: juce_audio_processors.cpp:(.text._ZN4juce16ParamControlItem19createItemComponentEv[_ZN4juce16ParamControlItem19createItemComponentEv]+0xd6): undefined reference to `juce::Label::Label(juce::String const&, juce::String const&)'
/usr/bin/ld: juce_audio_processors.cpp:(.text._ZN4juce16ParamControlItem19createItemComponentEv[_ZN4juce16ParamControlItem19createItemComponentEv]+0x10b): undefined reference to `juce::Label::Label(juce::String const&, juce::String const&)'
/usr/bin/ld: juce_audio_processors.cpp:(.text._ZN4juce16ParamControlItem19createItemComponentEv[_ZN4juce16ParamControlItem19createItemComponentEv]+0x164): undefined reference to `juce::Label::setText(juce::String const&, juce::NotificationType)'
/usr/bin/ld: juce_audio_processors.cpp:(.text._ZN4juce16ParamControlItem19createItemComponentEv[_ZN4juce16ParamControlItem19createItemComponentEv]+0x179): undefined reference to `juce::Label::setJustificationType(juce::Justification)'
/usr/bin/ld: juce_audio_processors.cpp:(.text._ZN4juce16ParamControlItem19createItemComponentEv[_ZN4juce16ParamControlItem19createItemComponentEv]+0x185): undefined reference to `juce::Component::setInterceptsMouseClicks(bool, bool)'
/usr/bin/ld: juce_audio_processors.cpp:(.text._ZN4juce16ParamControlItem19createItemComponentEv[_ZN4juce16ParamControlItem19createItemComponentEv]+0x195): undefined reference to `juce::Component::addAndMakeVisible(juce::Component&, int)'
/usr/bin/ld: juce_audio_processors.cpp:(.text._ZN4juce16ParamControlItem19createItemComponentEv[_ZN4juce16ParamControlItem19createItemComponentEv]+0x1b2): undefined reference to `juce::Label::setText(juce::String const&, juce::NotificationType)'
/usr/bin/ld: juce_audio_processors.cpp:(.text._ZN4juce16ParamControlItem19createItemComponentEv[_ZN4juce16ParamControlItem19createItemComponentEv]+0x1c6): undefined reference to `juce::Component::setInterceptsMouseClicks(bool, bool)'
/usr/bin/ld: juce_audio_processors.cpp:(.text._ZN4juce16ParamControlItem19createItemComponentEv[_ZN4juce16ParamControlItem19createItemComponentEv]+0x1d6): undefined reference to `juce::Component::addAndMakeVisible(juce::Component&, int)'
/usr/bin/ld: juce_audio_processors.cpp:(.text._ZN4juce16ParamControlItem19createItemComponentEv[_ZN4juce16ParamControlItem19createItemComponentEv]+0x221): undefined reference to `juce::Component::addAndMakeVisible(juce::Component&, int)'
/usr/bin/ld: juce_audio_processors.cpp:(.text._ZN4juce16ParamControlItem19createItemComponentEv[_ZN4juce16ParamControlItem19createItemComponentEv]+0x233): undefined reference to `juce::Component::setSize(int, int)'
/usr/bin/ld: juce_audio_processors.cpp:(.text._ZN4juce16ParamControlItem19createItemComponentEv[_ZN4juce16ParamControlItem19createItemComponentEv]+0x27b): undefined reference to `juce::Label::~Label()'
/usr/bin/ld: juce_audio_processors.cpp:(.text._ZN4juce16ParamControlItem19createItemComponentEv[_ZN4juce16ParamControlItem19createItemComponentEv]+0x283): undefined reference to `juce::Label::~Label()'
/usr/bin/ld: juce_audio_processors.cpp:(.text._ZN4juce16ParamControlItem19createItemComponentEv[_ZN4juce16ParamControlItem19createItemComponentEv]+0x295): undefined reference to `juce::Component::~Component()'
/usr/bin/ld: GTS_artefacts/Release/libGTS_SharedCode.a(juce_audio_processors.cpp.o): in function `juce::SliderParameterComponent::~SliderParameterComponent()':
juce_audio_processors.cpp:(.text._ZN4juce24SliderParameterComponentD2Ev[_ZN4juce24SliderParameterComponentD5Ev]+0x4b): undefined reference to `juce::Label::~Label()'
/usr/bin/ld: juce_audio_processors.cpp:(.text._ZN4juce24SliderParameterComponentD2Ev[_ZN4juce24SliderParameterComponentD5Ev]+0x57): undefined reference to `juce::Slider::~Slider()'
/usr/bin/ld: GTS_artefacts/Release/libGTS_SharedCode.a(juce_audio_processors.cpp.o): in function `non-virtual thunk to juce::SliderParameterComponent::~SliderParameterComponent()':
juce_audio_processors.cpp:(.text._ZN4juce24SliderParameterComponentD2Ev[_ZN4juce24SliderParameterComponentD5Ev]+0x12b): undefined reference to `juce::Label::~Label()'
/usr/bin/ld: juce_audio_processors.cpp:(.text._ZN4juce24SliderParameterComponentD2Ev[_ZN4juce24SliderParameterComponentD5Ev]+0x134): undefined reference to `juce::Slider::~Slider()'
/usr/bin/ld: GTS_artefacts/Release/libGTS_SharedCode.a(juce_audio_processors.cpp.o): in function `non-virtual thunk to juce::SliderParameterComponent::~SliderParameterComponent()':
juce_audio_processors.cpp:(.text._ZN4juce24SliderParameterComponentD2Ev[_ZN4juce24SliderParameterComponentD5Ev]+0x1fb): undefined reference to `juce::Label::~Label()'
/usr/bin/ld: juce_audio_processors.cpp:(.text._ZN4juce24SliderParameterComponentD2Ev[_ZN4juce24SliderParameterComponentD5Ev]+0x204): undefined reference to `juce::Slider::~Slider()'
/usr/bin/ld: GTS_artefacts/Release/libGTS_SharedCode.a(juce_audio_processors.cpp.o): in function `non-virtual thunk to juce::SliderParameterComponent::~SliderParameterComponent()':
juce_audio_processors.cpp:(.text._ZN4juce24SliderParameterComponentD2Ev[_ZN4juce24SliderParameterComponentD5Ev]+0x2cb): undefined reference to `juce::Label::~Label()'
/usr/bin/ld: juce_audio_processors.cpp:(.text._ZN4juce24SliderParameterComponentD2Ev[_ZN4juce24SliderParameterComponentD5Ev]+0x2d4): undefined reference to `juce::Slider::~Slider()'
/usr/bin/ld: GTS_artefacts/Release/libGTS_SharedCode.a(juce_audio_processors.cpp.o): in function `juce::SliderParameterComponent::~SliderParameterComponent()':
juce_audio_processors.cpp:(.text._ZN4juce24SliderParameterComponentD2Ev[_ZN4juce24SliderParameterComponentD5Ev]+0xc1): undefined reference to `juce::Component::~Component()'
/usr/bin/ld: GTS_artefacts/Release/libGTS_SharedCode.a(juce_audio_processors.cpp.o): in function `non-virtual thunk to juce::SliderParameterComponent::~SliderParameterComponent()':
juce_audio_processors.cpp:(.text._ZN4juce24SliderParameterComponentD2Ev[_ZN4juce24SliderParameterComponentD5Ev]+0x192): undefined reference to `juce::Component::~Component()'
/usr/bin/ld: GTS_artefacts/Release/libGTS_SharedCode.a(juce_audio_processors.cpp.o): in function `non-virtual thunk to juce::SliderParameterComponent::~SliderParameterComponent()':
juce_audio_processors.cpp:(.text._ZN4juce24SliderParameterComponentD2Ev[_ZN4juce24SliderParameterComponentD5Ev]+0x263): undefined reference to `juce::Component::~Component()'
/usr/bin/ld: GTS_artefacts/Release/libGTS_SharedCode.a(juce_audio_processors.cpp.o): in function `non-virtual thunk to juce::SliderParameterComponent::~SliderParameterComponent()':
juce_audio_processors.cpp:(.text._ZN4juce24SliderParameterComponentD2Ev[_ZN4juce24SliderParameterComponentD5Ev]+0x333): undefined reference to `juce::Component::~Component()'
/usr/bin/ld: GTS_artefacts/Release/libGTS_SharedCode.a(juce_audio_processors.cpp.o): in function `juce::SliderParameterComponent::~SliderParameterComponent()':
juce_audio_processors.cpp:(.text._ZN4juce24SliderParameterComponentD0Ev[_ZN4juce24SliderParameterComponentD5Ev]+0x4b): undefined reference to `juce::Label::~Label()'
/usr/bin/ld: juce_audio_processors.cpp:(.text._ZN4juce24SliderParameterComponentD0Ev[_ZN4juce24SliderParameterComponentD5Ev]+0x57): undefined reference to `juce::Slider::~Slider()'
/usr/bin/ld: juce_audio_processors.cpp:(.text._ZN4juce24SliderParameterComponentD0Ev[_ZN4juce24SliderParameterComponentD5Ev]+0xc0): undefined reference to `juce::Component::~Component()'
/usr/bin/ld: GTS_artefacts/Release/libGTS_SharedCode.a(juce_audio_processors.cpp.o): in function `non-virtual thunk to juce::SliderParameterComponent::~SliderParameterComponent()':
juce_audio_processors.cpp:(.text._ZN4juce24SliderParameterComponentD0Ev[_ZN4juce24SliderParameterComponentD5Ev]+0x147): undefined reference to `juce::Label::~Label()'
/usr/bin/ld: juce_audio_processors.cpp:(.text._ZN4juce24SliderParameterComponentD0Ev[_ZN4juce24SliderParameterComponentD5Ev]+0x150): undefined reference to `juce::Slider::~Slider()'
/usr/bin/ld: juce_audio_processors.cpp:(.text._ZN4juce24SliderParameterComponentD0Ev[_ZN4juce24SliderParameterComponentD5Ev]+0x1aa): undefined reference to `juce::Component::~Component()'
/usr/bin/ld: GTS_artefacts/Release/libGTS_SharedCode.a(juce_audio_processors.cpp.o): in function `non-virtual thunk to juce::SliderParameterComponent::~SliderParameterComponent()':
juce_audio_processors.cpp:(.text._ZN4juce24SliderParameterComponentD0Ev[_ZN4juce24SliderParameterComponentD5Ev]+0x237): undefined reference to `juce::Label::~Label()'
/usr/bin/ld: juce_audio_processors.cpp:(.text._ZN4juce24SliderParameterComponentD0Ev[_ZN4juce24SliderParameterComponentD5Ev]+0x240): undefined reference to `juce::Slider::~Slider()'
/usr/bin/ld: juce_audio_processors.cpp:(.text._ZN4juce24SliderParameterComponentD0Ev[_ZN4juce24SliderParameterComponentD5Ev]+0x29a): undefined reference to `juce::Component::~Component()'
/usr/bin/ld: GTS_artefacts/Release/libGTS_SharedCode.a(juce_audio_processors.cpp.o): in function `non-virtual thunk to juce::SliderParameterComponent::~SliderParameterComponent()':
juce_audio_processors.cpp:(.text._ZN4juce24SliderParameterComponentD0Ev[_ZN4juce24SliderParameterComponentD5Ev]+0x327): undefined reference to `juce::Label::~Label()'
/usr/bin/ld: juce_audio_processors.cpp:(.text._ZN4juce24SliderParameterComponentD0Ev[_ZN4juce24SliderParameterComponentD5Ev]+0x330): undefined reference to `juce::Slider::~Slider()'
/usr/bin/ld: juce_audio_processors.cpp:(.text._ZN4juce24SliderParameterComponentD0Ev[_ZN4juce24SliderParameterComponentD5Ev]+0x389): undefined reference to `juce::Component::~Component()'
/usr/bin/ld: GTS_artefacts/Release/libGTS_SharedCode.a(juce_audio_processors.cpp.o): in function `juce::FileSearchPathListComponent::~FileSearchPathListComponent()':
juce_audio_processors.cpp:(.text._ZN4juce27FileSearchPathListComponentD2Ev[_ZN4juce27FileSearchPathListComponentD5Ev]+0x17): undefined reference to `vtable for juce::FileSearchPathListComponent'
/usr/bin/ld: juce_audio_processors.cpp:(.text._ZN4juce27FileSearchPathListComponentD2Ev[_ZN4juce27FileSearchPathListComponentD5Ev]+0x57): undefined reference to `juce::DrawableButton::~DrawableButton()'
/usr/bin/ld: juce_audio_processors.cpp:(.text._ZN4juce27FileSearchPathListComponentD2Ev[_ZN4juce27FileSearchPathListComponentD5Ev]+0x63): undefined reference to `juce::DrawableButton::~DrawableButton()'
/usr/bin/ld: juce_audio_processors.cpp:(.text._ZN4juce27FileSearchPathListComponentD2Ev[_ZN4juce27FileSearchPathListComponentD5Ev]+0x6f): undefined reference to `juce::TextButton::~TextButton()'
/usr/bin/ld: juce_audio_processors.cpp:(.text._ZN4juce27FileSearchPathListComponentD2Ev[_ZN4juce27FileSearchPathListComponentD5Ev]+0x7b): undefined reference to `juce::TextButton::~TextButton()'
/usr/bin/ld: juce_audio_processors.cpp:(.text._ZN4juce27FileSearchPathListComponentD2Ev[_ZN4juce27FileSearchPathListComponentD5Ev]+0x87): undefined reference to `juce::TextButton::~TextButton()'
/usr/bin/ld: juce_audio_processors.cpp:(.text._ZN4juce27FileSearchPathListComponentD2Ev[_ZN4juce27FileSearchPathListComponentD5Ev]+0x93): undefined reference to `juce::ListBox::~ListBox()'
/usr/bin/ld: juce_audio_processors.cpp:(.text._ZN4juce27FileSearchPathListComponentD2Ev[_ZN4juce27FileSearchPathListComponentD5Ev]+0xa7): undefined reference to `juce::FileChooser::~FileChooser()'
/usr/bin/ld: juce_audio_processors.cpp:(.text._ZN4juce27FileSearchPathListComponentD2Ev[_ZN4juce27FileSearchPathListComponentD5Ev]+0xfb): undefined reference to `vtable for juce::ListBoxModel'
/usr/bin/ld: GTS_artefacts/Release/libGTS_SharedCode.a(juce_audio_processors.cpp.o): in function `non-virtual thunk to juce::FileSearchPathListComponent::~FileSearchPathListComponent()':
juce_audio_processors.cpp:(.text._ZN4juce27FileSearchPathListComponentD2Ev[_ZN4juce27FileSearchPathListComponentD5Ev]+0x167): undefined reference to `vtable for juce::FileSearchPathListComponent'
/usr/bin/ld: juce_audio_processors.cpp:(.text._ZN4juce27FileSearchPathListComponentD2Ev[_ZN4juce27FileSearchPathListComponentD5Ev]+0x1a7): undefined reference to `juce::DrawableButton::~DrawableButton()'
/usr/bin/ld: juce_audio_processors.cpp:(.text._ZN4juce27FileSearchPathListComponentD2Ev[_ZN4juce27FileSearchPathListComponentD5Ev]+0x1b3): undefined reference to `juce::DrawableButton::~DrawableButton()'
/usr/bin/ld: juce_audio_processors.cpp:(.text._ZN4juce27FileSearchPathListComponentD2Ev[_ZN4juce27FileSearchPathListComponentD5Ev]+0x1bf): undefined reference to `juce::TextButton::~TextButton()'
/usr/bin/ld: juce_audio_processors.cpp:(.text._ZN4juce27FileSearchPathListComponentD2Ev[_ZN4juce27FileSearchPathListComponentD5Ev]+0x1cb): undefined reference to `juce::TextButton::~TextButton()'
/usr/bin/ld: juce_audio_processors.cpp:(.text._ZN4juce27FileSearchPathListComponentD2Ev[_ZN4juce27FileSearchPathListComponentD5Ev]+0x1d7): undefined reference to `juce::TextButton::~TextButton()'
/usr/bin/ld: juce_audio_processors.cpp:(.text._ZN4juce27FileSearchPathListComponentD2Ev[_ZN4juce27FileSearchPathListComponentD5Ev]+0x1e0): undefined reference to `juce::ListBox::~ListBox()'
/usr/bin/ld: juce_audio_processors.cpp:(.text._ZN4juce27FileSearchPathListComponentD2Ev[_ZN4juce27FileSearchPathListComponentD5Ev]+0x1f1): undefined reference to `juce::FileChooser::~FileChooser()'
/usr/bin/ld: juce_audio_processors.cpp:(.text._ZN4juce27FileSearchPathListComponentD2Ev[_ZN4juce27FileSearchPathListComponentD5Ev]+0x23a): undefined reference to `vtable for juce::ListBoxModel'
/usr/bin/ld: GTS_artefacts/Release/libGTS_SharedCode.a(juce_audio_processors.cpp.o): in function `non-virtual thunk to juce::FileSearchPathListComponent::~FileSearchPathListComponent()':
juce_audio_processors.cpp:(.text._ZN4juce27FileSearchPathListComponentD2Ev[_ZN4juce27FileSearchPathListComponentD5Ev]+0x297): undefined reference to `vtable for juce::FileSearchPathListComponent'
/usr/bin/ld: juce_audio_processors.cpp:(.text._ZN4juce27FileSearchPathListComponentD2Ev[_ZN4juce27FileSearchPathListComponentD5Ev]+0x2d7): undefined reference to `juce::DrawableButton::~DrawableButton()'
/usr/bin/ld: juce_audio_processors.cpp:(.text._ZN4juce27FileSearchPathListComponentD2Ev[_ZN4juce27FileSearchPathListComponentD5Ev]+0x2e3): undefined reference to `juce::DrawableButton::~DrawableButton()'
/usr/bin/ld: juce_audio_processors.cpp:(.text._ZN4juce27FileSearchPathListComponentD2Ev[_ZN4juce27FileSearchPathListComponentD5Ev]+0x2ef): undefined reference to `juce::TextButton::~TextButton()'
/usr/bin/ld: juce_audio_processors.cpp:(.text._ZN4juce27FileSearchPathListComponentD2Ev[_ZN4juce27FileSearchPathListComponentD5Ev]+0x2fb): undefined reference to `juce::TextButton::~TextButton()'
/usr/bin/ld: juce_audio_processors.cpp:(.text._ZN4juce27FileSearchPathListComponentD2Ev[_ZN4juce27FileSearchPathListComponentD5Ev]+0x307): undefined reference to `juce::TextButton::~TextButton()'
/usr/bin/ld: juce_audio_processors.cpp:(.text._ZN4juce27FileSearchPathListComponentD2Ev[_ZN4juce27FileSearchPathListComponentD5Ev]+0x310): undefined reference to `juce::ListBox::~ListBox()'
/usr/bin/ld: juce_audio_processors.cpp:(.text._ZN4juce27FileSearchPathListComponentD2Ev[_ZN4juce27FileSearchPathListComponentD5Ev]+0x321): undefined reference to `juce::FileChooser::~FileChooser()'
/usr/bin/ld: juce_audio_processors.cpp:(.text._ZN4juce27FileSearchPathListComponentD2Ev[_ZN4juce27FileSearchPathListComponentD5Ev]+0x36a): undefined reference to `vtable for juce::ListBoxModel'
/usr/bin/ld: GTS_artefacts/Release/libGTS_SharedCode.a(juce_audio_processors.cpp.o): in function `non-virtual thunk to juce::FileSearchPathListComponent::~FileSearchPathListComponent()':
juce_audio_processors.cpp:(.text._ZN4juce27FileSearchPathListComponentD2Ev[_ZN4juce27FileSearchPathListComponentD5Ev]+0x3c7): undefined reference to `vtable for juce::FileSearchPathListComponent'
/usr/bin/ld: juce_audio_processors.cpp:(.text._ZN4juce27FileSearchPathListComponentD2Ev[_ZN4juce27FileSearchPathListComponentD5Ev]+0x407): undefined reference to `juce::DrawableButton::~DrawableButton()'
/usr/bin/ld: juce_audio_processors.cpp:(.text._ZN4juce27FileSearchPathListComponentD2Ev[_ZN4juce27FileSearchPathListComponentD5Ev]+0x413): undefined reference to `juce::DrawableButton::~DrawableButton()'
/usr/bin/ld: juce_audio_processors.cpp:(.text._ZN4juce27FileSearchPathListComponentD2Ev[_ZN4juce27FileSearchPathListComponentD5Ev]+0x41f): undefined reference to `juce::TextButton::~TextButton()'
/usr/bin/ld: juce_audio_processors.cpp:(.text._ZN4juce27FileSearchPathListComponentD2Ev[_ZN4juce27FileSearchPathListComponentD5Ev]+0x42b): undefined reference to `juce::TextButton::~TextButton()'
/usr/bin/ld: juce_audio_processors.cpp:(.text._ZN4juce27FileSearchPathListComponentD2Ev[_ZN4juce27FileSearchPathListComponentD5Ev]+0x437): undefined reference to `juce::TextButton::~TextButton()'
/usr/bin/ld: juce_audio_processors.cpp:(.text._ZN4juce27FileSearchPathListComponentD2Ev[_ZN4juce27FileSearchPathListComponentD5Ev]+0x440): undefined reference to `juce::ListBox::~ListBox()'
/usr/bin/ld: juce_audio_processors.cpp:(.text._ZN4juce27FileSearchPathListComponentD2Ev[_ZN4juce27FileSearchPathListComponentD5Ev]+0x451): undefined reference to `juce::FileChooser::~FileChooser()'
/usr/bin/ld: juce_audio_processors.cpp:(.text._ZN4juce27FileSearchPathListComponentD2Ev[_ZN4juce27FileSearchPathListComponentD5Ev]+0x49a): undefined reference to `vtable for juce::ListBoxModel'
/usr/bin/ld: GTS_artefacts/Release/libGTS_SharedCode.a(juce_audio_processors.cpp.o): in function `juce::FileSearchPathListComponent::~FileSearchPathListComponent()':
juce_audio_processors.cpp:(.text._ZN4juce27FileSearchPathListComponentD2Ev[_ZN4juce27FileSearchPathListComponentD5Ev]+0x13f): undefined reference to `juce::Component::~Component()'
/usr/bin/ld: GTS_artefacts/Release/libGTS_SharedCode.a(juce_audio_processors.cpp.o): in function `non-virtual thunk to juce::FileSearchPathListComponent::~FileSearchPathListComponent()':
juce_audio_processors.cpp:(.text._ZN4juce27FileSearchPathListComponentD2Ev[_ZN4juce27FileSearchPathListComponentD5Ev]+0x275): undefined reference to `juce::Component::~Component()'
/usr/bin/ld: GTS_artefacts/Release/libGTS_SharedCode.a(juce_audio_processors.cpp.o): in function `non-virtual thunk to juce::FileSearchPathListComponent::~FileSearchPathListComponent()':
juce_audio_processors.cpp:(.text._ZN4juce27FileSearchPathListComponentD2Ev[_ZN4juce27FileSearchPathListComponentD5Ev]+0x3a5): undefined reference to `juce::Component::~Component()'
/usr/bin/ld: GTS_artefacts/Release/libGTS_SharedCode.a(juce_audio_processors.cpp.o): in function `non-virtual thunk to juce::FileSearchPathListComponent::~FileSearchPathListComponent()':
juce_audio_processors.cpp:(.text._ZN4juce27FileSearchPathListComponentD2Ev[_ZN4juce27FileSearchPathListComponentD5Ev]+0x4d6): undefined reference to `juce::Component::~Component()'
/usr/bin/ld: GTS_artefacts/Release/libGTS_SharedCode.a(juce_audio_processors.cpp.o): in function `juce::PluginListComponent::Scanner::~Scanner()':
juce_audio_processors.cpp:(.text._ZN4juce19PluginListComponent7ScannerD2Ev[_ZN4juce19PluginListComponent7ScannerD5Ev]+0x66): undefined reference to `juce::ScopedMessageBox::~ScopedMessageBox()'
/usr/bin/ld: juce_audio_processors.cpp:(.text._ZN4juce19PluginListComponent7ScannerD2Ev[_ZN4juce19PluginListComponent7ScannerD5Ev]+0xe3): undefined reference to `juce::AlertWindow::~AlertWindow()'
/usr/bin/ld: juce_audio_processors.cpp:(.text._ZN4juce19PluginListComponent7ScannerD2Ev[_ZN4juce19PluginListComponent7ScannerD5Ev]+0xec): undefined reference to `juce::AlertWindow::~AlertWindow()'
/usr/bin/ld: GTS_artefacts/Release/libGTS_SharedCode.a(juce_audio_processors.cpp.o): in function `juce::PluginListComponent::Scanner::Scanner(juce::PluginListComponent&, juce::AudioPluginFormat&, juce::StringArray const&, juce::PropertiesFile*, bool, int, juce::String const&, juce::String const&)':
juce_audio_processors.cpp:(.text._ZN4juce19PluginListComponent7ScannerC2ERS0_RNS_17AudioPluginFormatERKNS_11StringArrayEPNS_14PropertiesFileEbiRKNS_6StringESC_[_ZN4juce19PluginListComponent7ScannerC5ERS0_RNS_17AudioPluginFormatERKNS_11StringArrayEPNS_14PropertiesFileEbiRKNS_6StringESC_]+0xd8): undefined reference to `juce::AlertWindow::AlertWindow(juce::String const&, juce::String const&, juce::MessageBoxIconType, juce::Component*)'
/usr/bin/ld: juce_audio_processors.cpp:(.text._ZN4juce19PluginListComponent7ScannerC2ERS0_RNS_17AudioPluginFormatERKNS_11StringArrayEPNS_14PropertiesFileEbiRKNS_6StringESC_[_ZN4juce19PluginListComponent7ScannerC5ERS0_RNS_17AudioPluginFormatERKNS_11StringArrayEPNS_14PropertiesFileEbiRKNS_6StringESC_]+0x109): undefined reference to `juce::AlertWindow::AlertWindow(juce::String const&, juce::String const&, juce::MessageBoxIconType, juce::Component*)'
/usr/bin/ld: juce_audio_processors.cpp:(.text._ZN4juce19PluginListComponent7ScannerC2ERS0_RNS_17AudioPluginFormatERKNS_11StringArrayEPNS_14PropertiesFileEbiRKNS_6StringESC_[_ZN4juce19PluginListComponent7ScannerC5ERS0_RNS_17AudioPluginFormatERKNS_11StringArrayEPNS_14PropertiesFileEbiRKNS_6StringESC_]+0x11d): undefined reference to `juce::FileSearchPathListComponent::FileSearchPathListComponent()'
/usr/bin/ld: juce_audio_processors.cpp:(.text._ZN4juce19PluginListComponent7ScannerC2ERS0_RNS_17AudioPluginFormatERKNS_11StringArrayEPNS_14PropertiesFileEbiRKNS_6StringESC_[_ZN4juce19PluginListComponent7ScannerC5ERS0_RNS_17AudioPluginFormatERKNS_11StringArrayEPNS_14PropertiesFileEbiRKNS_6StringESC_]+0x1ba): undefined reference to `juce::ScopedMessageBox::ScopedMessageBox()'
/usr/bin/ld: juce_audio_processors.cpp:(.text._ZN4juce19PluginListComponent7ScannerC2ERS0_RNS_17AudioPluginFormatERKNS_11StringArrayEPNS_14PropertiesFileEbiRKNS_6StringESC_[_ZN4juce19PluginListComponent7ScannerC5ERS0_RNS_17AudioPluginFormatERKNS_11StringArrayEPNS_14PropertiesFileEbiRKNS_6StringESC_]+0x433): undefined reference to `juce::Component::setSize(int, int)'
/usr/bin/ld: juce_audio_processors.cpp:(.text._ZN4juce19PluginListComponent7ScannerC2ERS0_RNS_17AudioPluginFormatERKNS_11StringArrayEPNS_14PropertiesFileEbiRKNS_6StringESC_[_ZN4juce19PluginListComponent7ScannerC5ERS0_RNS_17AudioPluginFormatERKNS_11StringArrayEPNS_14PropertiesFileEbiRKNS_6StringESC_]+0x440): undefined reference to `juce::FileSearchPathListComponent::setPath(juce::FileSearchPath const&)'
/usr/bin/ld: juce_audio_processors.cpp:(.text._ZN4juce19PluginListComponent7ScannerC2ERS0_RNS_17AudioPluginFormatERKNS_11StringArrayEPNS_14PropertiesFileEbiRKNS_6StringESC_[_ZN4juce19PluginListComponent7ScannerC5ERS0_RNS_17AudioPluginFormatERKNS_11StringArrayEPNS_14PropertiesFileEbiRKNS_6StringESC_]+0x450): undefined reference to `juce::AlertWindow::addCustomComponent(juce::Component*)'
/usr/bin/ld: juce_audio_processors.cpp:(.text._ZN4juce19PluginListComponent7ScannerC2ERS0_RNS_17AudioPluginFormatERKNS_11StringArrayEPNS_14PropertiesFileEbiRKNS_6StringESC_[_ZN4juce19PluginListComponent7ScannerC5ERS0_RNS_17AudioPluginFormatERKNS_11StringArrayEPNS_14PropertiesFileEbiRKNS_6StringESC_]+0x457): undefined reference to `juce::KeyPress::returnKey'
/usr/bin/ld: juce_audio_processors.cpp:(.text._ZN4juce19PluginListComponent7ScannerC2ERS0_RNS_17AudioPluginFormatERKNS_11StringArrayEPNS_14PropertiesFileEbiRKNS_6StringESC_[_ZN4juce19PluginListComponent7ScannerC5ERS0_RNS_17AudioPluginFormatERKNS_11StringArrayEPNS_14PropertiesFileEbiRKNS_6StringESC_]+0x477): undefined reference to `juce::KeyPress::KeyPress(int)'
/usr/bin/ld: juce_audio_processors.cpp:(.text._ZN4juce19PluginListComponent7ScannerC2ERS0_RNS_17AudioPluginFormatERKNS_11StringArrayEPNS_14PropertiesFileEbiRKNS_6StringESC_[_ZN4juce19PluginListComponent7ScannerC5ERS0_RNS_17AudioPluginFormatERKNS_11StringArrayEPNS_14PropertiesFileEbiRKNS_6StringESC_]+0x4a1): undefined reference to `juce::AlertWindow::addButton(juce::String const&, int, juce::KeyPress const&, juce::KeyPress const&)'
/usr/bin/ld: juce_audio_processors.cpp:(.text._ZN4juce19PluginListComponent7ScannerC2ERS0_RNS_17AudioPluginFormatERKNS_11StringArrayEPNS_14PropertiesFileEbiRKNS_6StringESC_[_ZN4juce19PluginListComponent7ScannerC5ERS0_RNS_17AudioPluginFormatERKNS_11StringArrayEPNS_14PropertiesFileEbiRKNS_6StringESC_]+0x4b0): undefined reference to `juce::KeyPress::escapeKey'
/usr/bin/ld: juce_audio_processors.cpp:(.text._ZN4juce19PluginListComponent7ScannerC2ERS0_RNS_17AudioPluginFormatERKNS_11StringArrayEPNS_14PropertiesFileEbiRKNS_6StringESC_[_ZN4juce19PluginListComponent7ScannerC5ERS0_RNS_17AudioPluginFormatERKNS_11StringArrayEPNS_14PropertiesFileEbiRKNS_6StringESC_]+0x4cb): undefined reference to `juce::KeyPress::KeyPress(int)'
/usr/bin/ld: juce_audio_processors.cpp:(.text._ZN4juce19PluginListComponent7ScannerC2ERS0_RNS_17AudioPluginFormatERKNS_11StringArrayEPNS_14PropertiesFileEbiRKNS_6StringESC_[_ZN4juce19PluginListComponent7ScannerC5ERS0_RNS_17AudioPluginFormatERKNS_11StringArrayEPNS_14PropertiesFileEbiRKNS_6StringESC_]+0x4ed): undefined reference to `juce::AlertWindow::addButton(juce::String const&, int, juce::KeyPress const&, juce::KeyPress const&)'
/usr/bin/ld: juce_audio_processors.cpp:(.text._ZN4juce19PluginListComponent7ScannerC2ERS0_RNS_17AudioPluginFormatERKNS_11StringArrayEPNS_14PropertiesFileEbiRKNS_6StringESC_[_ZN4juce19PluginListComponent7ScannerC5ERS0_RNS_17AudioPluginFormatERKNS_11StringArrayEPNS_14PropertiesFileEbiRKNS_6StringESC_]+0x51f): undefined reference to `juce::Component::enterModalState(bool, juce::ModalComponentManager::Callback*, bool)'
/usr/bin/ld: juce_audio_processors.cpp:(.text._ZN4juce19PluginListComponent7ScannerC2ERS0_RNS_17AudioPluginFormatERKNS_11StringArrayEPNS_14PropertiesFileEbiRKNS_6StringESC_[_ZN4juce19PluginListComponent7ScannerC5ERS0_RNS_17AudioPluginFormatERKNS_11StringArrayEPNS_14PropertiesFileEbiRKNS_6StringESC_]+0x5bc): undefined reference to `juce::ScopedMessageBox::~ScopedMessageBox()'
/usr/bin/ld: juce_audio_processors.cpp:(.text._ZN4juce19PluginListComponent7ScannerC2ERS0_RNS_17AudioPluginFormatERKNS_11StringArrayEPNS_14PropertiesFileEbiRKNS_6StringESC_[_ZN4juce19PluginListComponent7ScannerC5ERS0_RNS_17AudioPluginFormatERKNS_11StringArrayEPNS_14PropertiesFileEbiRKNS_6StringESC_]+0x5f6): undefined reference to `juce::AlertWindow::~AlertWindow()'
/usr/bin/ld: juce_audio_processors.cpp:(.text._ZN4juce19PluginListComponent7ScannerC2ERS0_RNS_17AudioPluginFormatERKNS_11StringArrayEPNS_14PropertiesFileEbiRKNS_6StringESC_[_ZN4juce19PluginListComponent7ScannerC5ERS0_RNS_17AudioPluginFormatERKNS_11StringArrayEPNS_14PropertiesFileEbiRKNS_6StringESC_]+0x600): undefined reference to `juce::AlertWindow::~AlertWindow()'
/usr/bin/ld: GTS_artefacts/Release/libGTS_SharedCode.a(juce_audio_processors.cpp.o): in function `std::_Sp_counted_ptr_inplace<juce::PluginListComponent::Scanner, std::allocator<void>, (__gnu_cxx::_Lock_policy)2>::_M_dispose()':
juce_audio_processors.cpp:(.text._ZNSt23_Sp_counted_ptr_inplaceIN4juce19PluginListComponent7ScannerESaIvELN9__gnu_cxx12_Lock_policyE2EE10_M_disposeEv[_ZNSt23_Sp_counted_ptr_inplaceIN4juce19PluginListComponent7ScannerESaIvELN9__gnu_cxx12_Lock_policyE2EE10_M_disposeEv]+0x67): undefined reference to `juce::ScopedMessageBox::~ScopedMessageBox()'
/usr/bin/ld: juce_audio_processors.cpp:(.text._ZNSt23_Sp_counted_ptr_inplaceIN4juce19PluginListComponent7ScannerESaIvELN9__gnu_cxx12_Lock_policyE2EE10_M_disposeEv[_ZNSt23_Sp_counted_ptr_inplaceIN4juce19PluginListComponent7ScannerESaIvELN9__gnu_cxx12_Lock_policyE2EE10_M_disposeEv]+0xe4): undefined reference to `juce::AlertWindow::~AlertWindow()'
/usr/bin/ld: juce_audio_processors.cpp:(.text._ZNSt23_Sp_counted_ptr_inplaceIN4juce19PluginListComponent7ScannerESaIvELN9__gnu_cxx12_Lock_policyE2EE10_M_disposeEv[_ZNSt23_Sp_counted_ptr_inplaceIN4juce19PluginListComponent7ScannerESaIvELN9__gnu_cxx12_Lock_policyE2EE10_M_disposeEv]+0xed): undefined reference to `juce::AlertWindow::~AlertWindow()'
/usr/bin/ld: GTS_artefacts/Release/libGTS_SharedCode.a(juce_audio_processors.cpp.o): in function `juce::PluginListComponent::Scanner::~Scanner()':
juce_audio_processors.cpp:(.text._ZN4juce19PluginListComponent7ScannerD0Ev[_ZN4juce19PluginListComponent7ScannerD5Ev]+0x66): undefined reference to `juce::ScopedMessageBox::~ScopedMessageBox()'
/usr/bin/ld: juce_audio_processors.cpp:(.text._ZN4juce19PluginListComponent7ScannerD0Ev[_ZN4juce19PluginListComponent7ScannerD5Ev]+0xe3): undefined reference to `juce::AlertWindow::~AlertWindow()'
/usr/bin/ld: juce_audio_processors.cpp:(.text._ZN4juce19PluginListComponent7ScannerD0Ev[_ZN4juce19PluginListComponent7ScannerD5Ev]+0xec): undefined reference to `juce::AlertWindow::~AlertWindow()'
/usr/bin/ld: GTS_artefacts/Release/libGTS_SharedCode.a(juce_audio_processors.cpp.o): in function `juce::FileSearchPathListComponent::~FileSearchPathListComponent()':
juce_audio_processors.cpp:(.text._ZN4juce27FileSearchPathListComponentD0Ev[_ZN4juce27FileSearchPathListComponentD5Ev]+0x17): undefined reference to `vtable for juce::FileSearchPathListComponent'
/usr/bin/ld: juce_audio_processors.cpp:(.text._ZN4juce27FileSearchPathListComponentD0Ev[_ZN4juce27FileSearchPathListComponentD5Ev]+0x57): undefined reference to `juce::DrawableButton::~DrawableButton()'
/usr/bin/ld: juce_audio_processors.cpp:(.text._ZN4juce27FileSearchPathListComponentD0Ev[_ZN4juce27FileSearchPathListComponentD5Ev]+0x63): undefined reference to `juce::DrawableButton::~DrawableButton()'
/usr/bin/ld: juce_audio_processors.cpp:(.text._ZN4juce27FileSearchPathListComponentD0Ev[_ZN4juce27FileSearchPathListComponentD5Ev]+0x6f): undefined reference to `juce::TextButton::~TextButton()'
/usr/bin/ld: juce_audio_processors.cpp:(.text._ZN4juce27FileSearchPathListComponentD0Ev[_ZN4juce27FileSearchPathListComponentD5Ev]+0x7b): undefined reference to `juce::TextButton::~TextButton()'
/usr/bin/ld: juce_audio_processors.cpp:(.text._ZN4juce27FileSearchPathListComponentD0Ev[_ZN4juce27FileSearchPathListComponentD5Ev]+0x87): undefined reference to `juce::TextButton::~TextButton()'
/usr/bin/ld: juce_audio_processors.cpp:(.text._ZN4juce27FileSearchPathListComponentD0Ev[_ZN4juce27FileSearchPathListComponentD5Ev]+0x93): undefined reference to `juce::ListBox::~ListBox()'
/usr/bin/ld: juce_audio_processors.cpp:(.text._ZN4juce27FileSearchPathListComponentD0Ev[_ZN4juce27FileSearchPathListComponentD5Ev]+0xa7): undefined reference to `juce::FileChooser::~FileChooser()'
/usr/bin/ld: juce_audio_processors.cpp:(.text._ZN4juce27FileSearchPathListComponentD0Ev[_ZN4juce27FileSearchPathListComponentD5Ev]+0xfb): undefined reference to `vtable for juce::ListBoxModel'
/usr/bin/ld: juce_audio_processors.cpp:(.text._ZN4juce27FileSearchPathListComponentD0Ev[_ZN4juce27FileSearchPathListComponentD5Ev]+0x139): undefined reference to `juce::Component::~Component()'
/usr/bin/ld: GTS_artefacts/Release/libGTS_SharedCode.a(juce_audio_processors.cpp.o): in function `non-virtual thunk to juce::FileSearchPathListComponent::~FileSearchPathListComponent()':
juce_audio_processors.cpp:(.text._ZN4juce27FileSearchPathListComponentD0Ev[_ZN4juce27FileSearchPathListComponentD5Ev]+0x157): undefined reference to `vtable for juce::FileSearchPathListComponent'
/usr/bin/ld: juce_audio_processors.cpp:(.text._ZN4juce27FileSearchPathListComponentD0Ev[_ZN4juce27FileSearchPathListComponentD5Ev]+0x1ac): undefined reference to `juce::DrawableButton::~DrawableButton()'
/usr/bin/ld: juce_audio_processors.cpp:(.text._ZN4juce27FileSearchPathListComponentD0Ev[_ZN4juce27FileSearchPathListComponentD5Ev]+0x1b8): undefined reference to `juce::DrawableButton::~DrawableButton()'
/usr/bin/ld: juce_audio_processors.cpp:(.text._ZN4juce27FileSearchPathListComponentD0Ev[_ZN4juce27FileSearchPathListComponentD5Ev]+0x1c4): undefined reference to `juce::TextButton::~TextButton()'
/usr/bin/ld: juce_audio_processors.cpp:(.text._ZN4juce27FileSearchPathListComponentD0Ev[_ZN4juce27FileSearchPathListComponentD5Ev]+0x1d0): undefined reference to `juce::TextButton::~TextButton()'
/usr/bin/ld: juce_audio_processors.cpp:(.text._ZN4juce27FileSearchPathListComponentD0Ev[_ZN4juce27FileSearchPathListComponentD5Ev]+0x1dc): undefined reference to `juce::TextButton::~TextButton()'
/usr/bin/ld: juce_audio_processors.cpp:(.text._ZN4juce27FileSearchPathListComponentD0Ev[_ZN4juce27FileSearchPathListComponentD5Ev]+0x1e5): undefined reference to `juce::ListBox::~ListBox()'
/usr/bin/ld: juce_audio_processors.cpp:(.text._ZN4juce27FileSearchPathListComponentD0Ev[_ZN4juce27FileSearchPathListComponentD5Ev]+0x1f6): undefined reference to `juce::FileChooser::~FileChooser()'
/usr/bin/ld: juce_audio_processors.cpp:(.text._ZN4juce27FileSearchPathListComponentD0Ev[_ZN4juce27FileSearchPathListComponentD5Ev]+0x242): undefined reference to `vtable for juce::ListBoxModel'
/usr/bin/ld: juce_audio_processors.cpp:(.text._ZN4juce27FileSearchPathListComponentD0Ev[_ZN4juce27FileSearchPathListComponentD5Ev]+0x274): undefined reference to `juce::Component::~Component()'
/usr/bin/ld: GTS_artefacts/Release/libGTS_SharedCode.a(juce_audio_processors.cpp.o): in function `non-virtual thunk to juce::FileSearchPathListComponent::~FileSearchPathListComponent()':
juce_audio_processors.cpp:(.text._ZN4juce27FileSearchPathListComponentD0Ev[_ZN4juce27FileSearchPathListComponentD5Ev]+0x297): undefined reference to `vtable for juce::FileSearchPathListComponent'
/usr/bin/ld: juce_audio_processors.cpp:(.text._ZN4juce27FileSearchPathListComponentD0Ev[_ZN4juce27FileSearchPathListComponentD5Ev]+0x2ec): undefined reference to `juce::DrawableButton::~DrawableButton()'
/usr/bin/ld: juce_audio_processors.cpp:(.text._ZN4juce27FileSearchPathListComponentD0Ev[_ZN4juce27FileSearchPathListComponentD5Ev]+0x2f8): undefined reference to `juce::DrawableButton::~DrawableButton()'
/usr/bin/ld: juce_audio_processors.cpp:(.text._ZN4juce27FileSearchPathListComponentD0Ev[_ZN4juce27FileSearchPathListComponentD5Ev]+0x304): undefined reference to `juce::TextButton::~TextButton()'
/usr/bin/ld: juce_audio_processors.cpp:(.text._ZN4juce27FileSearchPathListComponentD0Ev[_ZN4juce27FileSearchPathListComponentD5Ev]+0x310): undefined reference to `juce::TextButton::~TextButton()'
/usr/bin/ld: juce_audio_processors.cpp:(.text._ZN4juce27FileSearchPathListComponentD0Ev[_ZN4juce27FileSearchPathListComponentD5Ev]+0x31c): undefined reference to `juce::TextButton::~TextButton()'
/usr/bin/ld: juce_audio_processors.cpp:(.text._ZN4juce27FileSearchPathListComponentD0Ev[_ZN4juce27FileSearchPathListComponentD5Ev]+0x325): undefined reference to `juce::ListBox::~ListBox()'
/usr/bin/ld: juce_audio_processors.cpp:(.text._ZN4juce27FileSearchPathListComponentD0Ev[_ZN4juce27FileSearchPathListComponentD5Ev]+0x336): undefined reference to `juce::FileChooser::~FileChooser()'
/usr/bin/ld: juce_audio_processors.cpp:(.text._ZN4juce27FileSearchPathListComponentD0Ev[_ZN4juce27FileSearchPathListComponentD5Ev]+0x382): undefined reference to `vtable for juce::ListBoxModel'
/usr/bin/ld: juce_audio_processors.cpp:(.text._ZN4juce27FileSearchPathListComponentD0Ev[_ZN4juce27FileSearchPathListComponentD5Ev]+0x3b3): undefined reference to `juce::Component::~Component()'
/usr/bin/ld: GTS_artefacts/Release/libGTS_SharedCode.a(juce_audio_processors.cpp.o): in function `non-virtual thunk to juce::FileSearchPathListComponent::~FileSearchPathListComponent()':
juce_audio_processors.cpp:(.text._ZN4juce27FileSearchPathListComponentD0Ev[_ZN4juce27FileSearchPathListComponentD5Ev]+0x3d7): undefined reference to `vtable for juce::FileSearchPathListComponent'
/usr/bin/ld: juce_audio_processors.cpp:(.text._ZN4juce27FileSearchPathListComponentD0Ev[_ZN4juce27FileSearchPathListComponentD5Ev]+0x42c): undefined reference to `juce::DrawableButton::~DrawableButton()'
/usr/bin/ld: juce_audio_processors.cpp:(.text._ZN4juce27FileSearchPathListComponentD0Ev[_ZN4juce27FileSearchPathListComponentD5Ev]+0x438): undefined reference to `juce::DrawableButton::~DrawableButton()'
/usr/bin/ld: juce_audio_processors.cpp:(.text._ZN4juce27FileSearchPathListComponentD0Ev[_ZN4juce27FileSearchPathListComponentD5Ev]+0x444): undefined reference to `juce::TextButton::~TextButton()'
/usr/bin/ld: juce_audio_processors.cpp:(.text._ZN4juce27FileSearchPathListComponentD0Ev[_ZN4juce27FileSearchPathListComponentD5Ev]+0x450): undefined reference to `juce::TextButton::~TextButton()'
/usr/bin/ld: juce_audio_processors.cpp:(.text._ZN4juce27FileSearchPathListComponentD0Ev[_ZN4juce27FileSearchPathListComponentD5Ev]+0x45c): undefined reference to `juce::TextButton::~TextButton()'
/usr/bin/ld: juce_audio_processors.cpp:(.text._ZN4juce27FileSearchPathListComponentD0Ev[_ZN4juce27FileSearchPathListComponentD5Ev]+0x465): undefined reference to `juce::ListBox::~ListBox()'
/usr/bin/ld: juce_audio_processors.cpp:(.text._ZN4juce27FileSearchPathListComponentD0Ev[_ZN4juce27FileSearchPathListComponentD5Ev]+0x476): undefined reference to `juce::FileChooser::~FileChooser()'
/usr/bin/ld: juce_audio_processors.cpp:(.text._ZN4juce27FileSearchPathListComponentD0Ev[_ZN4juce27FileSearchPathListComponentD5Ev]+0x4c2): undefined reference to `vtable for juce::ListBoxModel'
/usr/bin/ld: juce_audio_processors.cpp:(.text._ZN4juce27FileSearchPathListComponentD0Ev[_ZN4juce27FileSearchPathListComponentD5Ev]+0x4f3): undefined reference to `juce::Component::~Component()'
/usr/bin/ld: GTS_artefacts/Release/libGTS_SharedCode.a(juce_audio_processors.cpp.o):(.data.rel.ro._ZTIN4juce20AudioProcessorEditor28AudioProcessorEditorListenerE[_ZTIN4juce20AudioProcessorEditor28AudioProcessorEditorListenerE]+0x10): undefined reference to `typeinfo for juce::ComponentListener'
/usr/bin/ld: GTS_artefacts/Release/libGTS_SharedCode.a(juce_audio_processors.cpp.o):(.data.rel.ro._ZTIN4juce20AudioProcessorEditorE[_ZTIN4juce20AudioProcessorEditorE]+0x10): undefined reference to `typeinfo for juce::Component'
/usr/bin/ld: GTS_artefacts/Release/libGTS_SharedCode.a(juce_audio_processors.cpp.o):(.data.rel.ro._ZTIN4juce19PluginListComponentE[_ZTIN4juce19PluginListComponentE]+0x18): undefined reference to `typeinfo for juce::Component'
/usr/bin/ld: GTS_artefacts/Release/libGTS_SharedCode.a(juce_audio_processors.cpp.o):(.data.rel.ro._ZTIN4juce19PluginListComponentE[_ZTIN4juce19PluginListComponentE]+0x28): undefined reference to `typeinfo for juce::FileDragAndDropTarget'
/usr/bin/ld: GTS_artefacts/Release/libGTS_SharedCode.a(juce_audio_processors.cpp.o):(.data.rel.ro._ZTIN4juce18ParameterComponentE[_ZTIN4juce18ParameterComponentE]+0x18): undefined reference to `typeinfo for juce::Component'
/usr/bin/ld: GTS_artefacts/Release/libGTS_SharedCode.a(juce_audio_processors.cpp.o):(.data.rel.ro._ZTIN4juce25ParameterDisplayComponentE[_ZTIN4juce25ParameterDisplayComponentE]+0x18): undefined reference to `typeinfo for juce::Component'
/usr/bin/ld: GTS_artefacts/Release/libGTS_SharedCode.a(juce_audio_processors.cpp.o):(.data.rel.ro._ZTIN4juce16ParamControlItemE[_ZTIN4juce16ParamControlItemE]+0x10): undefined reference to `typeinfo for juce::TreeViewItem'
/usr/bin/ld: GTS_artefacts/Release/libGTS_SharedCode.a(juce_audio_processors.cpp.o):(.data.rel.ro._ZTIN4juce18ParameterGroupItemE[_ZTIN4juce18ParameterGroupItemE]+0x10): undefined reference to `typeinfo for juce::TreeViewItem'
/usr/bin/ld: GTS_artefacts/Release/libGTS_SharedCode.a(juce_audio_processors.cpp.o):(.data.rel.ro._ZTIN4juce19PluginListComponent10TableModelE[_ZTIN4juce19PluginListComponent10TableModelE]+0x10): undefined reference to `typeinfo for juce::TableListBoxModel'
/usr/bin/ld: GTS_artefacts/Release/libGTS_SharedCode.a(juce_audio_processors.cpp.o):(.data.rel.ro._ZTVN4juce20AudioProcessorEditor28AudioProcessorEditorListenerE[_ZTVN4juce20AudioProcessorEditor28AudioProcessorEditorListenerE]+0x28): undefined reference to `juce::ComponentListener::componentBroughtToFront(juce::Component&)'
/usr/bin/ld: GTS_artefacts/Release/libGTS_SharedCode.a(juce_audio_processors.cpp.o):(.data.rel.ro._ZTVN4juce20AudioProcessorEditor28AudioProcessorEditorListenerE[_ZTVN4juce20AudioProcessorEditor28AudioProcessorEditorListenerE]+0x30): undefined reference to `juce::ComponentListener::componentVisibilityChanged(juce::Component&)'
/usr/bin/ld: GTS_artefacts/Release/libGTS_SharedCode.a(juce_audio_processors.cpp.o):(.data.rel.ro._ZTVN4juce20AudioProcessorEditor28AudioProcessorEditorListenerE[_ZTVN4juce20AudioProcessorEditor28AudioProcessorEditorListenerE]+0x38): undefined reference to `juce::ComponentListener::componentChildrenChanged(juce::Component&)'
/usr/bin/ld: GTS_artefacts/Release/libGTS_SharedCode.a(juce_audio_processors.cpp.o):(.data.rel.ro._ZTVN4juce20AudioProcessorEditor28AudioProcessorEditorListenerE[_ZTVN4juce20AudioProcessorEditor28AudioProcessorEditorListenerE]+0x48): undefined reference to `juce::ComponentListener::componentNameChanged(juce::Component&)'
/usr/bin/ld: GTS_artefacts/Release/libGTS_SharedCode.a(juce_audio_processors.cpp.o):(.data.rel.ro._ZTVN4juce20AudioProcessorEditor28AudioProcessorEditorListenerE[_ZTVN4juce20AudioProcessorEditor28AudioProcessorEditorListenerE]+0x50): undefined reference to `juce::ComponentListener::componentBeingDeleted(juce::Component&)'
/usr/bin/ld: GTS_artefacts/Release/libGTS_SharedCode.a(juce_audio_processors.cpp.o):(.data.rel.ro._ZTVN4juce20AudioProcessorEditor28AudioProcessorEditorListenerE[_ZTVN4juce20AudioProcessorEditor28AudioProcessorEditorListenerE]+0x58): undefined reference to `juce::ComponentListener::componentEnablementChanged(juce::Component&)'
/usr/bin/ld: GTS_artefacts/Release/libGTS_SharedCode.a(juce_audio_processors.cpp.o):(.data.rel.ro._ZTVN4juce20AudioProcessorEditorE[_ZTVN4juce20AudioProcessorEditorE]+0x20): undefined reference to `juce::Component::mouseMove(juce::MouseEvent const&)'
/usr/bin/ld: GTS_artefacts/Release/libGTS_SharedCode.a(juce_audio_processors.cpp.o):(.data.rel.ro._ZTVN4juce20AudioProcessorEditorE[_ZTVN4juce20AudioProcessorEditorE]+0x28): undefined reference to `juce::Component::mouseEnter(juce::MouseEvent const&)'
/usr/bin/ld: GTS_artefacts/Release/libGTS_SharedCode.a(juce_audio_processors.cpp.o):(.data.rel.ro._ZTVN4juce20AudioProcessorEditorE[_ZTVN4juce20AudioProcessorEditorE]+0x30): undefined reference to `juce::Component::mouseExit(juce::MouseEvent const&)'
/usr/bin/ld: GTS_artefacts/Release/libGTS_SharedCode.a(juce_audio_processors.cpp.o):(.data.rel.ro._ZTVN4juce20AudioProcessorEditorE[_ZTVN4juce20AudioProcessorEditorE]+0x38): undefined reference to `juce::Component::mouseDown(juce::MouseEvent const&)'
/usr/bin/ld: GTS_artefacts/Release/libGTS_SharedCode.a(juce_audio_processors.cpp.o):(.data.rel.ro._ZTVN4juce20AudioProcessorEditorE[_ZTVN4juce20AudioProcessorEditorE]+0x40): undefined reference to `juce::Component::mouseDrag(juce::MouseEvent const&)'
/usr/bin/ld: GTS_artefacts/Release/libGTS_SharedCode.a(juce_audio_processors.cpp.o):(.data.rel.ro._ZTVN4juce20AudioProcessorEditorE[_ZTVN4juce20AudioProcessorEditorE]+0x48): undefined reference to `juce::Component::mouseUp(juce::MouseEvent const&)'
/usr/bin/ld: GTS_artefacts/Release/libGTS_SharedCode.a(juce_audio_processors.cpp.o):(.data.rel.ro._ZTVN4juce20AudioProcessorEditorE[_ZTVN4juce20AudioProcessorEditorE]+0x50): undefined reference to `juce::Component::mouseDoubleClick(juce::MouseEvent const&)'
/usr/bin/ld: GTS_artefacts/Release/libGTS_SharedCode.a(juce_audio_processors.cpp.o):(.data.rel.ro._ZTVN4juce20AudioProcessorEditorE[_ZTVN4juce20AudioProcessorEditorE]+0x58): undefined reference to `juce::Component::mouseWheelMove(juce::MouseEvent const&, juce::MouseWheelDetails const&)'
/usr/bin/ld: GTS_artefacts/Release/libGTS_SharedCode.a(juce_audio_processors.cpp.o):(.data.rel.ro._ZTVN4juce20AudioProcessorEditorE[_ZTVN4juce20AudioProcessorEditorE]+0x60): undefined reference to `juce::Component::mouseMagnify(juce::MouseEvent const&, float)'
/usr/bin/ld: GTS_artefacts/Release/libGTS_SharedCode.a(juce_audio_processors.cpp.o):(.data.rel.ro._ZTVN4juce20AudioProcessorEditorE[_ZTVN4juce20AudioProcessorEditorE]+0x68): undefined reference to `juce::Component::setName(juce::String const&)'
/usr/bin/ld: GTS_artefacts/Release/libGTS_SharedCode.a(juce_audio_processors.cpp.o):(.data.rel.ro._ZTVN4juce20AudioProcessorEditorE[_ZTVN4juce20AudioProcessorEditorE]+0x70): undefined reference to `juce::Component::setVisible(bool)'
/usr/bin/ld: GTS_artefacts/Release/libGTS_SharedCode.a(juce_audio_processors.cpp.o):(.data.rel.ro._ZTVN4juce20AudioProcessorEditorE[_ZTVN4juce20AudioProcessorEditorE]+0x78): undefined reference to `juce::Component::visibilityChanged()'
/usr/bin/ld: GTS_artefacts/Release/libGTS_SharedCode.a(juce_audio_processors.cpp.o):(.data.rel.ro._ZTVN4juce20AudioProcessorEditorE[_ZTVN4juce20AudioProcessorEditorE]+0x80): undefined reference to `juce::Component::addToDesktop(int, void*)'
/usr/bin/ld: GTS_artefacts/Release/libGTS_SharedCode.a(juce_audio_processors.cpp.o):(.data.rel.ro._ZTVN4juce20AudioProcessorEditorE[_ZTVN4juce20AudioProcessorEditorE]+0x88): undefined reference to `juce::Component::userTriedToCloseWindow()'
/usr/bin/ld: GTS_artefacts/Release/libGTS_SharedCode.a(juce_audio_processors.cpp.o):(.data.rel.ro._ZTVN4juce20AudioProcessorEditorE[_ZTVN4juce20AudioProcessorEditorE]+0x90): undefined reference to `juce::Component::minimisationStateChanged(bool)'
/usr/bin/ld: GTS_artefacts/Release/libGTS_SharedCode.a(juce_audio_processors.cpp.o):(.data.rel.ro._ZTVN4juce20AudioProcessorEditorE[_ZTVN4juce20AudioProcessorEditorE]+0x98): undefined reference to `juce::Component::getDesktopScaleFactor() const'
/usr/bin/ld: GTS_artefacts/Release/libGTS_SharedCode.a(juce_audio_processors.cpp.o):(.data.rel.ro._ZTVN4juce20AudioProcessorEditorE[_ZTVN4juce20AudioProcessorEditorE]+0xa0): undefined reference to `juce::Component::parentHierarchyChanged()'
/usr/bin/ld: GTS_artefacts/Release/libGTS_SharedCode.a(juce_audio_processors.cpp.o):(.data.rel.ro._ZTVN4juce20AudioProcessorEditorE[_ZTVN4juce20AudioProcessorEditorE]+0xa8): undefined reference to `juce::Component::childrenChanged()'
/usr/bin/ld: GTS_artefacts/Release/libGTS_SharedCode.a(juce_audio_processors.cpp.o):(.data.rel.ro._ZTVN4juce20AudioProcessorEditorE[_ZTVN4juce20AudioProcessorEditorE]+0xb0): undefined reference to `juce::Component::hitTest(int, int)'
/usr/bin/ld: GTS_artefacts/Release/libGTS_SharedCode.a(juce_audio_processors.cpp.o):(.data.rel.ro._ZTVN4juce20AudioProcessorEditorE[_ZTVN4juce20AudioProcessorEditorE]+0xd8): undefined reference to `juce::Component::lookAndFeelChanged()'
/usr/bin/ld: GTS_artefacts/Release/libGTS_SharedCode.a(juce_audio_processors.cpp.o):(.data.rel.ro._ZTVN4juce20AudioProcessorEditorE[_ZTVN4juce20AudioProcessorEditorE]+0xe0): undefined reference to `juce::Component::createFocusTraverser()'
/usr/bin/ld: GTS_artefacts/Release/libGTS_SharedCode.a(juce_audio_processors.cpp.o):(.data.rel.ro._ZTVN4juce20AudioProcessorEditorE[_ZTVN4juce20AudioProcessorEditorE]+0xe8): undefined reference to `juce::Component::createKeyboardFocusTraverser()'
/usr/bin/ld: GTS_artefacts/Release/libGTS_SharedCode.a(juce_audio_processors.cpp.o):(.data.rel.ro._ZTVN4juce20AudioProcessorEditorE[_ZTVN4juce20AudioProcessorEditorE]+0xf0): undefined reference to `juce::Component::enablementChanged()'
/usr/bin/ld: GTS_artefacts/Release/libGTS_SharedCode.a(juce_audio_processors.cpp.o):(.data.rel.ro._ZTVN4juce20AudioProcessorEditorE[_ZTVN4juce20AudioProcessorEditorE]+0xf8): undefined reference to `juce::Component::alphaChanged()'
/usr/bin/ld: GTS_artefacts/Release/libGTS_SharedCode.a(juce_audio_processors.cpp.o):(.data.rel.ro._ZTVN4juce20AudioProcessorEditorE[_ZTVN4juce20AudioProcessorEditorE]+0x100): undefined reference to `juce::Component::getMouseCursor()'
/usr/bin/ld: GTS_artefacts/Release/libGTS_SharedCode.a(juce_audio_processors.cpp.o):(.data.rel.ro._ZTVN4juce20AudioProcessorEditorE[_ZTVN4juce20AudioProcessorEditorE]+0x108): undefined reference to `juce::Component::paint(juce::Graphics&)'
/usr/bin/ld: GTS_artefacts/Release/libGTS_SharedCode.a(juce_audio_processors.cpp.o):(.data.rel.ro._ZTVN4juce20AudioProcessorEditorE[_ZTVN4juce20AudioProcessorEditorE]+0x110): undefined reference to `juce::Component::paintOverChildren(juce::Graphics&)'
/usr/bin/ld: GTS_artefacts/Release/libGTS_SharedCode.a(juce_audio_processors.cpp.o):(.data.rel.ro._ZTVN4juce20AudioProcessorEditorE[_ZTVN4juce20AudioProcessorEditorE]+0x118): undefined reference to `juce::Component::keyPressed(juce::KeyPress const&)'
/usr/bin/ld: GTS_artefacts/Release/libGTS_SharedCode.a(juce_audio_processors.cpp.o):(.data.rel.ro._ZTVN4juce20AudioProcessorEditorE[_ZTVN4juce20AudioProcessorEditorE]+0x120): undefined reference to `juce::Component::keyStateChanged(bool)'
/usr/bin/ld: GTS_artefacts/Release/libGTS_SharedCode.a(juce_audio_processors.cpp.o):(.data.rel.ro._ZTVN4juce20AudioProcessorEditorE[_ZTVN4juce20AudioProcessorEditorE]+0x128): undefined reference to `juce::Component::modifierKeysChanged(juce::ModifierKeys const&)'
/usr/bin/ld: GTS_artefacts/Release/libGTS_SharedCode.a(juce_audio_processors.cpp.o):(.data.rel.ro._ZTVN4juce20AudioProcessorEditorE[_ZTVN4juce20AudioProcessorEditorE]+0x130): undefined reference to `juce::Component::focusGained(juce::Component::FocusChangeType)'
/usr/bin/ld: GTS_artefacts/Release/libGTS_SharedCode.a(juce_audio_processors.cpp.o):(.data.rel.ro._ZTVN4juce20AudioProcessorEditorE[_ZTVN4juce20AudioProcessorEditorE]+0x138): undefined reference to `juce::Component::focusGainedWithDirection(juce::Component::FocusChangeType, juce::Component::FocusChangeDirection)'
/usr/bin/ld: GTS_artefacts/Release/libGTS_SharedCode.a(juce_audio_processors.cpp.o):(.data.rel.ro._ZTVN4juce20AudioProcessorEditorE[_ZTVN4juce20AudioProcessorEditorE]+0x140): undefined reference to `juce::Component::focusLost(juce::Component::FocusChangeType)'
/usr/bin/ld: GTS_artefacts/Release/libGTS_SharedCode.a(juce_audio_processors.cpp.o):(.data.rel.ro._ZTVN4juce20AudioProcessorEditorE[_ZTVN4juce20AudioProcessorEditorE]+0x148): undefined reference to `juce::Component::focusOfChildComponentChanged(juce::Component::FocusChangeType)'
/usr/bin/ld: GTS_artefacts/Release/libGTS_SharedCode.a(juce_audio_processors.cpp.o):(.data.rel.ro._ZTVN4juce20AudioProcessorEditorE[_ZTVN4juce20AudioProcessorEditorE]+0x150): undefined reference to `juce::Component::resized()'
/usr/bin/ld: GTS_artefacts/Release/libGTS_SharedCode.a(juce_audio_processors.cpp.o):(.data.rel.ro._ZTVN4juce20AudioProcessorEditorE[_ZTVN4juce20AudioProcessorEditorE]+0x158): undefined reference to `juce::Component::moved()'
/usr/bin/ld: GTS_artefacts/Release/libGTS_SharedCode.a(juce_audio_processors.cpp.o):(.data.rel.ro._ZTVN4juce20AudioProcessorEditorE[_ZTVN4juce20AudioProcessorEditorE]+0x160): undefined reference to `juce::Component::childBoundsChanged(juce::Component*)'
/usr/bin/ld: GTS_artefacts/Release/libGTS_SharedCode.a(juce_audio_processors.cpp.o):(.data.rel.ro._ZTVN4juce20AudioProcessorEditorE[_ZTVN4juce20AudioProcessorEditorE]+0x168): undefined reference to `juce::Component::parentSizeChanged()'
/usr/bin/ld: GTS_artefacts/Release/libGTS_SharedCode.a(juce_audio_processors.cpp.o):(.data.rel.ro._ZTVN4juce20AudioProcessorEditorE[_ZTVN4juce20AudioProcessorEditorE]+0x170): undefined reference to `juce::Component::broughtToFront()'
/usr/bin/ld: GTS_artefacts/Release/libGTS_SharedCode.a(juce_audio_processors.cpp.o):(.data.rel.ro._ZTVN4juce20AudioProcessorEditorE[_ZTVN4juce20AudioProcessorEditorE]+0x178): undefined reference to `juce::Component::handleCommandMessage(int)'
/usr/bin/ld: GTS_artefacts/Release/libGTS_SharedCode.a(juce_audio_processors.cpp.o):(.data.rel.ro._ZTVN4juce20AudioProcessorEditorE[_ZTVN4juce20AudioProcessorEditorE]+0x180): undefined reference to `juce::Component::canModalEventBeSentToComponent(juce::Component const*)'
/usr/bin/ld: GTS_artefacts/Release/libGTS_SharedCode.a(juce_audio_processors.cpp.o):(.data.rel.ro._ZTVN4juce20AudioProcessorEditorE[_ZTVN4juce20AudioProcessorEditorE]+0x188): undefined reference to `juce::Component::inputAttemptWhenModal()'
/usr/bin/ld: GTS_artefacts/Release/libGTS_SharedCode.a(juce_audio_processors.cpp.o):(.data.rel.ro._ZTVN4juce20AudioProcessorEditorE[_ZTVN4juce20AudioProcessorEditorE]+0x190): undefined reference to `juce::Component::colourChanged()'
/usr/bin/ld: GTS_artefacts/Release/libGTS_SharedCode.a(juce_audio_processors.cpp.o):(.data.rel.ro._ZTVN4juce20AudioProcessorEditorE[_ZTVN4juce20AudioProcessorEditorE]+0x198): undefined reference to `juce::Component::createAccessibilityHandler()'
/usr/bin/ld: GTS_artefacts/Release/libGTS_SharedCode.a(juce_audio_processors.cpp.o):(.data.rel.ro._ZTVN4juce18ParameterComponentE[_ZTVN4juce18ParameterComponentE]+0x20): undefined reference to `juce::Component::mouseMove(juce::MouseEvent const&)'
/usr/bin/ld: GTS_artefacts/Release/libGTS_SharedCode.a(juce_audio_processors.cpp.o):(.data.rel.ro._ZTVN4juce18ParameterComponentE[_ZTVN4juce18ParameterComponentE]+0x28): undefined reference to `juce::Component::mouseEnter(juce::MouseEvent const&)'
/usr/bin/ld: GTS_artefacts/Release/libGTS_SharedCode.a(juce_audio_processors.cpp.o):(.data.rel.ro._ZTVN4juce18ParameterComponentE[_ZTVN4juce18ParameterComponentE]+0x30): undefined reference to `juce::Component::mouseExit(juce::MouseEvent const&)'
/usr/bin/ld: GTS_artefacts/Release/libGTS_SharedCode.a(juce_audio_processors.cpp.o):(.data.rel.ro._ZTVN4juce18ParameterComponentE[_ZTVN4juce18ParameterComponentE]+0x38): undefined reference to `juce::Component::mouseDown(juce::MouseEvent const&)'
/usr/bin/ld: GTS_artefacts/Release/libGTS_SharedCode.a(juce_audio_processors.cpp.o):(.data.rel.ro._ZTVN4juce18ParameterComponentE[_ZTVN4juce18ParameterComponentE]+0x40): undefined reference to `juce::Component::mouseDrag(juce::MouseEvent const&)'
/usr/bin/ld: GTS_artefacts/Release/libGTS_SharedCode.a(juce_audio_processors.cpp.o):(.data.rel.ro._ZTVN4juce18ParameterComponentE[_ZTVN4juce18ParameterComponentE]+0x48): undefined reference to `juce::Component::mouseUp(juce::MouseEvent const&)'
/usr/bin/ld: GTS_artefacts/Release/libGTS_SharedCode.a(juce_audio_processors.cpp.o):(.data.rel.ro._ZTVN4juce18ParameterComponentE[_ZTVN4juce18ParameterComponentE]+0x50): undefined reference to `juce::Component::mouseDoubleClick(juce::MouseEvent const&)'
/usr/bin/ld: GTS_artefacts/Release/libGTS_SharedCode.a(juce_audio_processors.cpp.o):(.data.rel.ro._ZTVN4juce18ParameterComponentE[_ZTVN4juce18ParameterComponentE]+0x58): undefined reference to `juce::Component::mouseWheelMove(juce::MouseEvent const&, juce::MouseWheelDetails const&)'
/usr/bin/ld: GTS_artefacts/Release/libGTS_SharedCode.a(juce_audio_processors.cpp.o):(.data.rel.ro._ZTVN4juce18ParameterComponentE[_ZTVN4juce18ParameterComponentE]+0x60): undefined reference to `juce::Component::mouseMagnify(juce::MouseEvent const&, float)'
/usr/bin/ld: GTS_artefacts/Release/libGTS_SharedCode.a(juce_audio_processors.cpp.o):(.data.rel.ro._ZTVN4juce18ParameterComponentE[_ZTVN4juce18ParameterComponentE]+0x68): undefined reference to `juce::Component::setName(juce::String const&)'
/usr/bin/ld: GTS_artefacts/Release/libGTS_SharedCode.a(juce_audio_processors.cpp.o):(.data.rel.ro._ZTVN4juce18ParameterComponentE[_ZTVN4juce18ParameterComponentE]+0x70): undefined reference to `juce::Component::setVisible(bool)'
/usr/bin/ld: GTS_artefacts/Release/libGTS_SharedCode.a(juce_audio_processors.cpp.o):(.data.rel.ro._ZTVN4juce18ParameterComponentE[_ZTVN4juce18ParameterComponentE]+0x78): undefined reference to `juce::Component::visibilityChanged()'
/usr/bin/ld: GTS_artefacts/Release/libGTS_SharedCode.a(juce_audio_processors.cpp.o):(.data.rel.ro._ZTVN4juce18ParameterComponentE[_ZTVN4juce18ParameterComponentE]+0x80): undefined reference to `juce::Component::addToDesktop(int, void*)'
/usr/bin/ld: GTS_artefacts/Release/libGTS_SharedCode.a(juce_audio_processors.cpp.o):(.data.rel.ro._ZTVN4juce18ParameterComponentE[_ZTVN4juce18ParameterComponentE]+0x88): undefined reference to `juce::Component::userTriedToCloseWindow()'
/usr/bin/ld: GTS_artefacts/Release/libGTS_SharedCode.a(juce_audio_processors.cpp.o):(.data.rel.ro._ZTVN4juce18ParameterComponentE[_ZTVN4juce18ParameterComponentE]+0x90): undefined reference to `juce::Component::minimisationStateChanged(bool)'
/usr/bin/ld: GTS_artefacts/Release/libGTS_SharedCode.a(juce_audio_processors.cpp.o):(.data.rel.ro._ZTVN4juce18ParameterComponentE[_ZTVN4juce18ParameterComponentE]+0x98): undefined reference to `juce::Component::getDesktopScaleFactor() const'
/usr/bin/ld: GTS_artefacts/Release/libGTS_SharedCode.a(juce_audio_processors.cpp.o):(.data.rel.ro._ZTVN4juce18ParameterComponentE[_ZTVN4juce18ParameterComponentE]+0xa0): undefined reference to `juce::Component::parentHierarchyChanged()'
/usr/bin/ld: GTS_artefacts/Release/libGTS_SharedCode.a(juce_audio_processors.cpp.o):(.data.rel.ro._ZTVN4juce18ParameterComponentE[_ZTVN4juce18ParameterComponentE]+0xa8): undefined reference to `juce::Component::childrenChanged()'
/usr/bin/ld: GTS_artefacts/Release/libGTS_SharedCode.a(juce_audio_processors.cpp.o):(.data.rel.ro._ZTVN4juce18ParameterComponentE[_ZTVN4juce18ParameterComponentE]+0xb0): undefined reference to `juce::Component::hitTest(int, int)'
/usr/bin/ld: GTS_artefacts/Release/libGTS_SharedCode.a(juce_audio_processors.cpp.o):(.data.rel.ro._ZTVN4juce18ParameterComponentE[_ZTVN4juce18ParameterComponentE]+0xd8): undefined reference to `juce::Component::lookAndFeelChanged()'
/usr/bin/ld: GTS_artefacts/Release/libGTS_SharedCode.a(juce_audio_processors.cpp.o):(.data.rel.ro._ZTVN4juce18ParameterComponentE[_ZTVN4juce18ParameterComponentE]+0xe0): undefined reference to `juce::Component::createFocusTraverser()'
/usr/bin/ld: GTS_artefacts/Release/libGTS_SharedCode.a(juce_audio_processors.cpp.o):(.data.rel.ro._ZTVN4juce18ParameterComponentE[_ZTVN4juce18ParameterComponentE]+0xe8): undefined reference to `juce::Component::createKeyboardFocusTraverser()'
/usr/bin/ld: GTS_artefacts/Release/libGTS_SharedCode.a(juce_audio_processors.cpp.o):(.data.rel.ro._ZTVN4juce18ParameterComponentE[_ZTVN4juce18ParameterComponentE]+0xf0): undefined reference to `juce::Component::enablementChanged()'
/usr/bin/ld: GTS_artefacts/Release/libGTS_SharedCode.a(juce_audio_processors.cpp.o):(.data.rel.ro._ZTVN4juce18ParameterComponentE[_ZTVN4juce18ParameterComponentE]+0xf8): undefined reference to `juce::Component::alphaChanged()'
/usr/bin/ld: GTS_artefacts/Release/libGTS_SharedCode.a(juce_audio_processors.cpp.o):(.data.rel.ro._ZTVN4juce18ParameterComponentE[_ZTVN4juce18ParameterComponentE]+0x100): undefined reference to `juce::Component::getMouseCursor()'
/usr/bin/ld: GTS_artefacts/Release/libGTS_SharedCode.a(juce_audio_processors.cpp.o):(.data.rel.ro._ZTVN4juce18ParameterComponentE[_ZTVN4juce18ParameterComponentE]+0x108): undefined reference to `juce::Component::paint(juce::Graphics&)'
/usr/bin/ld: GTS_artefacts/Release/libGTS_SharedCode.a(juce_audio_processors.cpp.o):(.data.rel.ro._ZTVN4juce18ParameterComponentE[_ZTVN4juce18ParameterComponentE]+0x110): undefined reference to `juce::Component::paintOverChildren(juce::Graphics&)'
/usr/bin/ld: GTS_artefacts/Release/libGTS_SharedCode.a(juce_audio_processors.cpp.o):(.data.rel.ro._ZTVN4juce18ParameterComponentE[_ZTVN4juce18ParameterComponentE]+0x118): undefined reference to `juce::Component::keyPressed(juce::KeyPress const&)'
/usr/bin/ld: GTS_artefacts/Release/libGTS_SharedCode.a(juce_audio_processors.cpp.o):(.data.rel.ro._ZTVN4juce18ParameterComponentE[_ZTVN4juce18ParameterComponentE]+0x120): undefined reference to `juce::Component::keyStateChanged(bool)'
/usr/bin/ld: GTS_artefacts/Release/libGTS_SharedCode.a(juce_audio_processors.cpp.o):(.data.rel.ro._ZTVN4juce18ParameterComponentE[_ZTVN4juce18ParameterComponentE]+0x128): undefined reference to `juce::Component::modifierKeysChanged(juce::ModifierKeys const&)'
/usr/bin/ld: GTS_artefacts/Release/libGTS_SharedCode.a(juce_audio_processors.cpp.o):(.data.rel.ro._ZTVN4juce18ParameterComponentE[_ZTVN4juce18ParameterComponentE]+0x130): undefined reference to `juce::Component::focusGained(juce::Component::FocusChangeType)'
/usr/bin/ld: GTS_artefacts/Release/libGTS_SharedCode.a(juce_audio_processors.cpp.o):(.data.rel.ro._ZTVN4juce18ParameterComponentE[_ZTVN4juce18ParameterComponentE]+0x138): undefined reference to `juce::Component::focusGainedWithDirection(juce::Component::FocusChangeType, juce::Component::FocusChangeDirection)'
/usr/bin/ld: GTS_artefacts/Release/libGTS_SharedCode.a(juce_audio_processors.cpp.o):(.data.rel.ro._ZTVN4juce18ParameterComponentE[_ZTVN4juce18ParameterComponentE]+0x140): undefined reference to `juce::Component::focusLost(juce::Component::FocusChangeType)'
/usr/bin/ld: GTS_artefacts/Release/libGTS_SharedCode.a(juce_audio_processors.cpp.o):(.data.rel.ro._ZTVN4juce18ParameterComponentE[_ZTVN4juce18ParameterComponentE]+0x148): undefined reference to `juce::Component::focusOfChildComponentChanged(juce::Component::FocusChangeType)'
/usr/bin/ld: GTS_artefacts/Release/libGTS_SharedCode.a(juce_audio_processors.cpp.o):(.data.rel.ro._ZTVN4juce18ParameterComponentE[_ZTVN4juce18ParameterComponentE]+0x150): undefined reference to `juce::Component::resized()'
/usr/bin/ld: GTS_artefacts/Release/libGTS_SharedCode.a(juce_audio_processors.cpp.o):(.data.rel.ro._ZTVN4juce18ParameterComponentE[_ZTVN4juce18ParameterComponentE]+0x158): undefined reference to `juce::Component::moved()'
/usr/bin/ld: GTS_artefacts/Release/libGTS_SharedCode.a(juce_audio_processors.cpp.o):(.data.rel.ro._ZTVN4juce18ParameterComponentE[_ZTVN4juce18ParameterComponentE]+0x160): undefined reference to `juce::Component::childBoundsChanged(juce::Component*)'
/usr/bin/ld: GTS_artefacts/Release/libGTS_SharedCode.a(juce_audio_processors.cpp.o):(.data.rel.ro._ZTVN4juce18ParameterComponentE[_ZTVN4juce18ParameterComponentE]+0x168): undefined reference to `juce::Component::parentSizeChanged()'
/usr/bin/ld: GTS_artefacts/Release/libGTS_SharedCode.a(juce_audio_processors.cpp.o):(.data.rel.ro._ZTVN4juce18ParameterComponentE[_ZTVN4juce18ParameterComponentE]+0x170): undefined reference to `juce::Component::broughtToFront()'
/usr/bin/ld: GTS_artefacts/Release/libGTS_SharedCode.a(juce_audio_processors.cpp.o):(.data.rel.ro._ZTVN4juce18ParameterComponentE[_ZTVN4juce18ParameterComponentE]+0x178): undefined reference to `juce::Component::handleCommandMessage(int)'
/usr/bin/ld: GTS_artefacts/Release/libGTS_SharedCode.a(juce_audio_processors.cpp.o):(.data.rel.ro._ZTVN4juce18ParameterComponentE[_ZTVN4juce18ParameterComponentE]+0x180): undefined reference to `juce::Component::canModalEventBeSentToComponent(juce::Component const*)'
/usr/bin/ld: GTS_artefacts/Release/libGTS_SharedCode.a(juce_audio_processors.cpp.o):(.data.rel.ro._ZTVN4juce18ParameterComponentE[_ZTVN4juce18ParameterComponentE]+0x188): undefined reference to `juce::Component::inputAttemptWhenModal()'
/usr/bin/ld: GTS_artefacts/Release/libGTS_SharedCode.a(juce_audio_processors.cpp.o):(.data.rel.ro._ZTVN4juce18ParameterComponentE[_ZTVN4juce18ParameterComponentE]+0x190): undefined reference to `juce::Component::colourChanged()'
/usr/bin/ld: GTS_artefacts/Release/libGTS_SharedCode.a(juce_audio_processors.cpp.o):(.data.rel.ro._ZTVN4juce18ParameterComponentE[_ZTVN4juce18ParameterComponentE]+0x198): undefined reference to `juce::Component::createAccessibilityHandler()'
/usr/bin/ld: GTS_artefacts/Release/libGTS_SharedCode.a(juce_audio_processors.cpp.o):(.data.rel.ro._ZTVN4juce18ParameterComponentE[_ZTVN4juce18ParameterComponentE]+0x1a0): undefined reference to `juce::Component::createNewPeer(int, void*)'
/usr/bin/ld: GTS_artefacts/Release/libGTS_SharedCode.a(juce_audio_processors.cpp.o):(.data.rel.ro._ZTVN4juce25BooleanParameterComponentE[_ZTVN4juce25BooleanParameterComponentE]+0x20): undefined reference to `juce::Component::mouseMove(juce::MouseEvent const&)'
/usr/bin/ld: GTS_artefacts/Release/libGTS_SharedCode.a(juce_audio_processors.cpp.o):(.data.rel.ro._ZTVN4juce25BooleanParameterComponentE[_ZTVN4juce25BooleanParameterComponentE]+0x28): undefined reference to `juce::Component::mouseEnter(juce::MouseEvent const&)'
/usr/bin/ld: GTS_artefacts/Release/libGTS_SharedCode.a(juce_audio_processors.cpp.o):(.data.rel.ro._ZTVN4juce25BooleanParameterComponentE[_ZTVN4juce25BooleanParameterComponentE]+0x30): undefined reference to `juce::Component::mouseExit(juce::MouseEvent const&)'
/usr/bin/ld: GTS_artefacts/Release/libGTS_SharedCode.a(juce_audio_processors.cpp.o):(.data.rel.ro._ZTVN4juce25BooleanParameterComponentE[_ZTVN4juce25BooleanParameterComponentE]+0x38): undefined reference to `juce::Component::mouseDown(juce::MouseEvent const&)'
/usr/bin/ld: GTS_artefacts/Release/libGTS_SharedCode.a(juce_audio_processors.cpp.o):(.data.rel.ro._ZTVN4juce25BooleanParameterComponentE[_ZTVN4juce25BooleanParameterComponentE]+0x40): undefined reference to `juce::Component::mouseDrag(juce::MouseEvent const&)'
/usr/bin/ld: GTS_artefacts/Release/libGTS_SharedCode.a(juce_audio_processors.cpp.o):(.data.rel.ro._ZTVN4juce25BooleanParameterComponentE[_ZTVN4juce25BooleanParameterComponentE]+0x48): undefined reference to `juce::Component::mouseUp(juce::MouseEvent const&)'
/usr/bin/ld: GTS_artefacts/Release/libGTS_SharedCode.a(juce_audio_processors.cpp.o):(.data.rel.ro._ZTVN4juce25BooleanParameterComponentE[_ZTVN4juce25BooleanParameterComponentE]+0x50): undefined reference to `juce::Component::mouseDoubleClick(juce::MouseEvent const&)'
/usr/bin/ld: GTS_artefacts/Release/libGTS_SharedCode.a(juce_audio_processors.cpp.o):(.data.rel.ro._ZTVN4juce25BooleanParameterComponentE[_ZTVN4juce25BooleanParameterComponentE]+0x58): undefined reference to `juce::Component::mouseWheelMove(juce::MouseEvent const&, juce::MouseWheelDetails const&)'
/usr/bin/ld: GTS_artefacts/Release/libGTS_SharedCode.a(juce_audio_processors.cpp.o):(.data.rel.ro._ZTVN4juce25BooleanParameterComponentE[_ZTVN4juce25BooleanParameterComponentE]+0x60): undefined reference to `juce::Component::mouseMagnify(juce::MouseEvent const&, float)'
/usr/bin/ld: GTS_artefacts/Release/libGTS_SharedCode.a(juce_audio_processors.cpp.o):(.data.rel.ro._ZTVN4juce25BooleanParameterComponentE[_ZTVN4juce25BooleanParameterComponentE]+0x68): undefined reference to `juce::Component::setName(juce::String const&)'
/usr/bin/ld: GTS_artefacts/Release/libGTS_SharedCode.a(juce_audio_processors.cpp.o):(.data.rel.ro._ZTVN4juce25BooleanParameterComponentE[_ZTVN4juce25BooleanParameterComponentE]+0x70): undefined reference to `juce::Component::setVisible(bool)'
/usr/bin/ld: GTS_artefacts/Release/libGTS_SharedCode.a(juce_audio_processors.cpp.o):(.data.rel.ro._ZTVN4juce25BooleanParameterComponentE[_ZTVN4juce25BooleanParameterComponentE]+0x78): undefined reference to `juce::Component::visibilityChanged()'
/usr/bin/ld: GTS_artefacts/Release/libGTS_SharedCode.a(juce_audio_processors.cpp.o):(.data.rel.ro._ZTVN4juce25BooleanParameterComponentE[_ZTVN4juce25BooleanParameterComponentE]+0x80): undefined reference to `juce::Component::addToDesktop(int, void*)'
/usr/bin/ld: GTS_artefacts/Release/libGTS_SharedCode.a(juce_audio_processors.cpp.o):(.data.rel.ro._ZTVN4juce25BooleanParameterComponentE[_ZTVN4juce25BooleanParameterComponentE]+0x88): undefined reference to `juce::Component::userTriedToCloseWindow()'
/usr/bin/ld: GTS_artefacts/Release/libGTS_SharedCode.a(juce_audio_processors.cpp.o):(.data.rel.ro._ZTVN4juce25BooleanParameterComponentE[_ZTVN4juce25BooleanParameterComponentE]+0x90): undefined reference to `juce::Component::minimisationStateChanged(bool)'
/usr/bin/ld: GTS_artefacts/Release/libGTS_SharedCode.a(juce_audio_processors.cpp.o):(.data.rel.ro._ZTVN4juce25BooleanParameterComponentE[_ZTVN4juce25BooleanParameterComponentE]+0x98): undefined reference to `juce::Component::getDesktopScaleFactor() const'
/usr/bin/ld: GTS_artefacts/Release/libGTS_SharedCode.a(juce_audio_processors.cpp.o):(.data.rel.ro._ZTVN4juce25BooleanParameterComponentE[_ZTVN4juce25BooleanParameterComponentE]+0xa0): undefined reference to `juce::Component::parentHierarchyChanged()'
/usr/bin/ld: GTS_artefacts/Release/libGTS_SharedCode.a(juce_audio_processors.cpp.o):(.data.rel.ro._ZTVN4juce25BooleanParameterComponentE[_ZTVN4juce25BooleanParameterComponentE]+0xa8): undefined reference to `juce::Component::childrenChanged()'
/usr/bin/ld: GTS_artefacts/Release/libGTS_SharedCode.a(juce_audio_processors.cpp.o):(.data.rel.ro._ZTVN4juce25BooleanParameterComponentE[_ZTVN4juce25BooleanParameterComponentE]+0xb0): undefined reference to `juce::Component::hitTest(int, int)'
/usr/bin/ld: GTS_artefacts/Release/libGTS_SharedCode.a(juce_audio_processors.cpp.o):(.data.rel.ro._ZTVN4juce25BooleanParameterComponentE[_ZTVN4juce25BooleanParameterComponentE]+0xd8): undefined reference to `juce::Component::lookAndFeelChanged()'
/usr/bin/ld: GTS_artefacts/Release/libGTS_SharedCode.a(juce_audio_processors.cpp.o):(.data.rel.ro._ZTVN4juce25BooleanParameterComponentE[_ZTVN4juce25BooleanParameterComponentE]+0xe0): undefined reference to `juce::Component::createFocusTraverser()'
/usr/bin/ld: GTS_artefacts/Release/libGTS_SharedCode.a(juce_audio_processors.cpp.o):(.data.rel.ro._ZTVN4juce25BooleanParameterComponentE[_ZTVN4juce25BooleanParameterComponentE]+0xe8): undefined reference to `juce::Component::createKeyboardFocusTraverser()'
/usr/bin/ld: GTS_artefacts/Release/libGTS_SharedCode.a(juce_audio_processors.cpp.o):(.data.rel.ro._ZTVN4juce25BooleanParameterComponentE[_ZTVN4juce25BooleanParameterComponentE]+0xf0): undefined reference to `juce::Component::enablementChanged()'
/usr/bin/ld: GTS_artefacts/Release/libGTS_SharedCode.a(juce_audio_processors.cpp.o):(.data.rel.ro._ZTVN4juce25BooleanParameterComponentE[_ZTVN4juce25BooleanParameterComponentE]+0xf8): undefined reference to `juce::Component::alphaChanged()'
/usr/bin/ld: GTS_artefacts/Release/libGTS_SharedCode.a(juce_audio_processors.cpp.o):(.data.rel.ro._ZTVN4juce25BooleanParameterComponentE[_ZTVN4juce25BooleanParameterComponentE]+0x100): undefined reference to `juce::Component::getMouseCursor()'
/usr/bin/ld: GTS_artefacts/Release/libGTS_SharedCode.a(juce_audio_processors.cpp.o):(.data.rel.ro._ZTVN4juce25BooleanParameterComponentE[_ZTVN4juce25BooleanParameterComponentE]+0x110): undefined reference to `juce::Component::paintOverChildren(juce::Graphics&)'
/usr/bin/ld: GTS_artefacts/Release/libGTS_SharedCode.a(juce_audio_processors.cpp.o):(.data.rel.ro._ZTVN4juce25BooleanParameterComponentE[_ZTVN4juce25BooleanParameterComponentE]+0x118): undefined reference to `juce::Component::keyPressed(juce::KeyPress const&)'
/usr/bin/ld: GTS_artefacts/Release/libGTS_SharedCode.a(juce_audio_processors.cpp.o):(.data.rel.ro._ZTVN4juce25BooleanParameterComponentE[_ZTVN4juce25BooleanParameterComponentE]+0x120): undefined reference to `juce::Component::keyStateChanged(bool)'
/usr/bin/ld: GTS_artefacts/Release/libGTS_SharedCode.a(juce_audio_processors.cpp.o):(.data.rel.ro._ZTVN4juce25BooleanParameterComponentE[_ZTVN4juce25BooleanParameterComponentE]+0x128): undefined reference to `juce::Component::modifierKeysChanged(juce::ModifierKeys const&)'
/usr/bin/ld: GTS_artefacts/Release/libGTS_SharedCode.a(juce_audio_processors.cpp.o):(.data.rel.ro._ZTVN4juce25BooleanParameterComponentE[_ZTVN4juce25BooleanParameterComponentE]+0x130): undefined reference to `juce::Component::focusGained(juce::Component::FocusChangeType)'
/usr/bin/ld: GTS_artefacts/Release/libGTS_SharedCode.a(juce_audio_processors.cpp.o):(.data.rel.ro._ZTVN4juce25BooleanParameterComponentE[_ZTVN4juce25BooleanParameterComponentE]+0x138): undefined reference to `juce::Component::focusGainedWithDirection(juce::Component::FocusChangeType, juce::Component::FocusChangeDirection)'
/usr/bin/ld: GTS_artefacts/Release/libGTS_SharedCode.a(juce_audio_processors.cpp.o):(.data.rel.ro._ZTVN4juce25BooleanParameterComponentE[_ZTVN4juce25BooleanParameterComponentE]+0x140): undefined reference to `juce::Component::focusLost(juce::Component::FocusChangeType)'
/usr/bin/ld: GTS_artefacts/Release/libGTS_SharedCode.a(juce_audio_processors.cpp.o):(.data.rel.ro._ZTVN4juce25BooleanParameterComponentE[_ZTVN4juce25BooleanParameterComponentE]+0x148): undefined reference to `juce::Component::focusOfChildComponentChanged(juce::Component::FocusChangeType)'
/usr/bin/ld: GTS_artefacts/Release/libGTS_SharedCode.a(juce_audio_processors.cpp.o):(.data.rel.ro._ZTVN4juce25BooleanParameterComponentE[_ZTVN4juce25BooleanParameterComponentE]+0x158): undefined reference to `juce::Component::moved()'
/usr/bin/ld: GTS_artefacts/Release/libGTS_SharedCode.a(juce_audio_processors.cpp.o):(.data.rel.ro._ZTVN4juce25BooleanParameterComponentE[_ZTVN4juce25BooleanParameterComponentE]+0x160): undefined reference to `juce::Component::childBoundsChanged(juce::Component*)'
/usr/bin/ld: GTS_artefacts/Release/libGTS_SharedCode.a(juce_audio_processors.cpp.o):(.data.rel.ro._ZTVN4juce25BooleanParameterComponentE[_ZTVN4juce25BooleanParameterComponentE]+0x168): undefined reference to `juce::Component::parentSizeChanged()'
/usr/bin/ld: GTS_artefacts/Release/libGTS_SharedCode.a(juce_audio_processors.cpp.o):(.data.rel.ro._ZTVN4juce25BooleanParameterComponentE[_ZTVN4juce25BooleanParameterComponentE]+0x170): undefined reference to `juce::Component::broughtToFront()'
/usr/bin/ld: GTS_artefacts/Release/libGTS_SharedCode.a(juce_audio_processors.cpp.o):(.data.rel.ro._ZTVN4juce25BooleanParameterComponentE[_ZTVN4juce25BooleanParameterComponentE]+0x178): undefined reference to `juce::Component::handleCommandMessage(int)'
/usr/bin/ld: GTS_artefacts/Release/libGTS_SharedCode.a(juce_audio_processors.cpp.o):(.data.rel.ro._ZTVN4juce25BooleanParameterComponentE[_ZTVN4juce25BooleanParameterComponentE]+0x180): undefined reference to `juce::Component::canModalEventBeSentToComponent(juce::Component const*)'
/usr/bin/ld: GTS_artefacts/Release/libGTS_SharedCode.a(juce_audio_processors.cpp.o):(.data.rel.ro._ZTVN4juce25BooleanParameterComponentE[_ZTVN4juce25BooleanParameterComponentE]+0x188): undefined reference to `juce::Component::inputAttemptWhenModal()'
/usr/bin/ld: GTS_artefacts/Release/libGTS_SharedCode.a(juce_audio_processors.cpp.o):(.data.rel.ro._ZTVN4juce25BooleanParameterComponentE[_ZTVN4juce25BooleanParameterComponentE]+0x190): undefined reference to `juce::Component::colourChanged()'
/usr/bin/ld: GTS_artefacts/Release/libGTS_SharedCode.a(juce_audio_processors.cpp.o):(.data.rel.ro._ZTVN4juce25BooleanParameterComponentE[_ZTVN4juce25BooleanParameterComponentE]+0x198): undefined reference to `juce::Component::createAccessibilityHandler()'
/usr/bin/ld: GTS_artefacts/Release/libGTS_SharedCode.a(juce_audio_processors.cpp.o):(.data.rel.ro._ZTVN4juce25BooleanParameterComponentE[_ZTVN4juce25BooleanParameterComponentE]+0x1a0): undefined reference to `juce::Component::createNewPeer(int, void*)'
/usr/bin/ld: GTS_artefacts/Release/libGTS_SharedCode.a(juce_audio_processors.cpp.o):(.data.rel.ro._ZTVN4juce24SwitchParameterComponentE[_ZTVN4juce24SwitchParameterComponentE]+0x20): undefined reference to `juce::Component::mouseMove(juce::MouseEvent const&)'
/usr/bin/ld: GTS_artefacts/Release/libGTS_SharedCode.a(juce_audio_processors.cpp.o):(.data.rel.ro._ZTVN4juce24SwitchParameterComponentE[_ZTVN4juce24SwitchParameterComponentE]+0x28): undefined reference to `juce::Component::mouseEnter(juce::MouseEvent const&)'
/usr/bin/ld: GTS_artefacts/Release/libGTS_SharedCode.a(juce_audio_processors.cpp.o):(.data.rel.ro._ZTVN4juce24SwitchParameterComponentE[_ZTVN4juce24SwitchParameterComponentE]+0x30): undefined reference to `juce::Component::mouseExit(juce::MouseEvent const&)'
/usr/bin/ld: GTS_artefacts/Release/libGTS_SharedCode.a(juce_audio_processors.cpp.o):(.data.rel.ro._ZTVN4juce24SwitchParameterComponentE[_ZTVN4juce24SwitchParameterComponentE]+0x38): undefined reference to `juce::Component::mouseDown(juce::MouseEvent const&)'
/usr/bin/ld: GTS_artefacts/Release/libGTS_SharedCode.a(juce_audio_processors.cpp.o):(.data.rel.ro._ZTVN4juce24SwitchParameterComponentE[_ZTVN4juce24SwitchParameterComponentE]+0x40): undefined reference to `juce::Component::mouseDrag(juce::MouseEvent const&)'
/usr/bin/ld: GTS_artefacts/Release/libGTS_SharedCode.a(juce_audio_processors.cpp.o):(.data.rel.ro._ZTVN4juce24SwitchParameterComponentE[_ZTVN4juce24SwitchParameterComponentE]+0x48): undefined reference to `juce::Component::mouseUp(juce::MouseEvent const&)'
/usr/bin/ld: GTS_artefacts/Release/libGTS_SharedCode.a(juce_audio_processors.cpp.o):(.data.rel.ro._ZTVN4juce24SwitchParameterComponentE[_ZTVN4juce24SwitchParameterComponentE]+0x50): undefined reference to `juce::Component::mouseDoubleClick(juce::MouseEvent const&)'
/usr/bin/ld: GTS_artefacts/Release/libGTS_SharedCode.a(juce_audio_processors.cpp.o):(.data.rel.ro._ZTVN4juce24SwitchParameterComponentE[_ZTVN4juce24SwitchParameterComponentE]+0x58): undefined reference to `juce::Component::mouseWheelMove(juce::MouseEvent const&, juce::MouseWheelDetails const&)'
/usr/bin/ld: GTS_artefacts/Release/libGTS_SharedCode.a(juce_audio_processors.cpp.o):(.data.rel.ro._ZTVN4juce24SwitchParameterComponentE[_ZTVN4juce24SwitchParameterComponentE]+0x60): undefined reference to `juce::Component::mouseMagnify(juce::MouseEvent const&, float)'
/usr/bin/ld: GTS_artefacts/Release/libGTS_SharedCode.a(juce_audio_processors.cpp.o):(.data.rel.ro._ZTVN4juce24SwitchParameterComponentE[_ZTVN4juce24SwitchParameterComponentE]+0x68): undefined reference to `juce::Component::setName(juce::String const&)'
/usr/bin/ld: GTS_artefacts/Release/libGTS_SharedCode.a(juce_audio_processors.cpp.o):(.data.rel.ro._ZTVN4juce24SwitchParameterComponentE[_ZTVN4juce24SwitchParameterComponentE]+0x70): undefined reference to `juce::Component::setVisible(bool)'
/usr/bin/ld: GTS_artefacts/Release/libGTS_SharedCode.a(juce_audio_processors.cpp.o):(.data.rel.ro._ZTVN4juce24SwitchParameterComponentE[_ZTVN4juce24SwitchParameterComponentE]+0x78): undefined reference to `juce::Component::visibilityChanged()'
/usr/bin/ld: GTS_artefacts/Release/libGTS_SharedCode.a(juce_audio_processors.cpp.o):(.data.rel.ro._ZTVN4juce24SwitchParameterComponentE[_ZTVN4juce24SwitchParameterComponentE]+0x80): undefined reference to `juce::Component::addToDesktop(int, void*)'
/usr/bin/ld: GTS_artefacts/Release/libGTS_SharedCode.a(juce_audio_processors.cpp.o):(.data.rel.ro._ZTVN4juce24SwitchParameterComponentE[_ZTVN4juce24SwitchParameterComponentE]+0x88): undefined reference to `juce::Component::userTriedToCloseWindow()'
/usr/bin/ld: GTS_artefacts/Release/libGTS_SharedCode.a(juce_audio_processors.cpp.o):(.data.rel.ro._ZTVN4juce24SwitchParameterComponentE[_ZTVN4juce24SwitchParameterComponentE]+0x90): undefined reference to `juce::Component::minimisationStateChanged(bool)'
/usr/bin/ld: GTS_artefacts/Release/libGTS_SharedCode.a(juce_audio_processors.cpp.o):(.data.rel.ro._ZTVN4juce24SwitchParameterComponentE[_ZTVN4juce24SwitchParameterComponentE]+0x98): undefined reference to `juce::Component::getDesktopScaleFactor() const'
/usr/bin/ld: GTS_artefacts/Release/libGTS_SharedCode.a(juce_audio_processors.cpp.o):(.data.rel.ro._ZTVN4juce24SwitchParameterComponentE[_ZTVN4juce24SwitchParameterComponentE]+0xa0): undefined reference to `juce::Component::parentHierarchyChanged()'
/usr/bin/ld: GTS_artefacts/Release/libGTS_SharedCode.a(juce_audio_processors.cpp.o):(.data.rel.ro._ZTVN4juce24SwitchParameterComponentE[_ZTVN4juce24SwitchParameterComponentE]+0xa8): undefined reference to `juce::Component::childrenChanged()'
/usr/bin/ld: GTS_artefacts/Release/libGTS_SharedCode.a(juce_audio_processors.cpp.o):(.data.rel.ro._ZTVN4juce24SwitchParameterComponentE[_ZTVN4juce24SwitchParameterComponentE]+0xb0): undefined reference to `juce::Component::hitTest(int, int)'
/usr/bin/ld: GTS_artefacts/Release/libGTS_SharedCode.a(juce_audio_processors.cpp.o):(.data.rel.ro._ZTVN4juce24SwitchParameterComponentE[_ZTVN4juce24SwitchParameterComponentE]+0xd8): undefined reference to `juce::Component::lookAndFeelChanged()'
/usr/bin/ld: GTS_artefacts/Release/libGTS_SharedCode.a(juce_audio_processors.cpp.o):(.data.rel.ro._ZTVN4juce24SwitchParameterComponentE[_ZTVN4juce24SwitchParameterComponentE]+0xe0): undefined reference to `juce::Component::createFocusTraverser()'
/usr/bin/ld: GTS_artefacts/Release/libGTS_SharedCode.a(juce_audio_processors.cpp.o):(.data.rel.ro._ZTVN4juce24SwitchParameterComponentE[_ZTVN4juce24SwitchParameterComponentE]+0xe8): undefined reference to `juce::Component::createKeyboardFocusTraverser()'
/usr/bin/ld: GTS_artefacts/Release/libGTS_SharedCode.a(juce_audio_processors.cpp.o):(.data.rel.ro._ZTVN4juce24SwitchParameterComponentE[_ZTVN4juce24SwitchParameterComponentE]+0xf0): undefined reference to `juce::Component::enablementChanged()'
/usr/bin/ld: GTS_artefacts/Release/libGTS_SharedCode.a(juce_audio_processors.cpp.o):(.data.rel.ro._ZTVN4juce24SwitchParameterComponentE[_ZTVN4juce24SwitchParameterComponentE]+0xf8): undefined reference to `juce::Component::alphaChanged()'
/usr/bin/ld: GTS_artefacts/Release/libGTS_SharedCode.a(juce_audio_processors.cpp.o):(.data.rel.ro._ZTVN4juce24SwitchParameterComponentE[_ZTVN4juce24SwitchParameterComponentE]+0x100): undefined reference to `juce::Component::getMouseCursor()'
/usr/bin/ld: GTS_artefacts/Release/libGTS_SharedCode.a(juce_audio_processors.cpp.o):(.data.rel.ro._ZTVN4juce24SwitchParameterComponentE[_ZTVN4juce24SwitchParameterComponentE]+0x110): undefined reference to `juce::Component::paintOverChildren(juce::Graphics&)'
/usr/bin/ld: GTS_artefacts/Release/libGTS_SharedCode.a(juce_audio_processors.cpp.o):(.data.rel.ro._ZTVN4juce24SwitchParameterComponentE[_ZTVN4juce24SwitchParameterComponentE]+0x118): undefined reference to `juce::Component::keyPressed(juce::KeyPress const&)'
/usr/bin/ld: GTS_artefacts/Release/libGTS_SharedCode.a(juce_audio_processors.cpp.o):(.data.rel.ro._ZTVN4juce24SwitchParameterComponentE[_ZTVN4juce24SwitchParameterComponentE]+0x120): undefined reference to `juce::Component::keyStateChanged(bool)'
/usr/bin/ld: GTS_artefacts/Release/libGTS_SharedCode.a(juce_audio_processors.cpp.o):(.data.rel.ro._ZTVN4juce24SwitchParameterComponentE[_ZTVN4juce24SwitchParameterComponentE]+0x128): undefined reference to `juce::Component::modifierKeysChanged(juce::ModifierKeys const&)'
/usr/bin/ld: GTS_artefacts/Release/libGTS_SharedCode.a(juce_audio_processors.cpp.o):(.data.rel.ro._ZTVN4juce24SwitchParameterComponentE[_ZTVN4juce24SwitchParameterComponentE]+0x130): undefined reference to `juce::Component::focusGained(juce::Component::FocusChangeType)'
/usr/bin/ld: GTS_artefacts/Release/libGTS_SharedCode.a(juce_audio_processors.cpp.o):(.data.rel.ro._ZTVN4juce24SwitchParameterComponentE[_ZTVN4juce24SwitchParameterComponentE]+0x138): undefined reference to `juce::Component::focusGainedWithDirection(juce::Component::FocusChangeType, juce::Component::FocusChangeDirection)'
/usr/bin/ld: GTS_artefacts/Release/libGTS_SharedCode.a(juce_audio_processors.cpp.o):(.data.rel.ro._ZTVN4juce24SwitchParameterComponentE[_ZTVN4juce24SwitchParameterComponentE]+0x140): undefined reference to `juce::Component::focusLost(juce::Component::FocusChangeType)'
/usr/bin/ld: GTS_artefacts/Release/libGTS_SharedCode.a(juce_audio_processors.cpp.o):(.data.rel.ro._ZTVN4juce24SwitchParameterComponentE[_ZTVN4juce24SwitchParameterComponentE]+0x148): undefined reference to `juce::Component::focusOfChildComponentChanged(juce::Component::FocusChangeType)'
/usr/bin/ld: GTS_artefacts/Release/libGTS_SharedCode.a(juce_audio_processors.cpp.o):(.data.rel.ro._ZTVN4juce24SwitchParameterComponentE[_ZTVN4juce24SwitchParameterComponentE]+0x158): undefined reference to `juce::Component::moved()'
/usr/bin/ld: GTS_artefacts/Release/libGTS_SharedCode.a(juce_audio_processors.cpp.o):(.data.rel.ro._ZTVN4juce24SwitchParameterComponentE[_ZTVN4juce24SwitchParameterComponentE]+0x160): undefined reference to `juce::Component::childBoundsChanged(juce::Component*)'
/usr/bin/ld: GTS_artefacts/Release/libGTS_SharedCode.a(juce_audio_processors.cpp.o):(.data.rel.ro._ZTVN4juce24SwitchParameterComponentE[_ZTVN4juce24SwitchParameterComponentE]+0x168): undefined reference to `juce::Component::parentSizeChanged()'
/usr/bin/ld: GTS_artefacts/Release/libGTS_SharedCode.a(juce_audio_processors.cpp.o):(.data.rel.ro._ZTVN4juce24SwitchParameterComponentE[_ZTVN4juce24SwitchParameterComponentE]+0x170): undefined reference to `juce::Component::broughtToFront()'
/usr/bin/ld: GTS_artefacts/Release/libGTS_SharedCode.a(juce_audio_processors.cpp.o):(.data.rel.ro._ZTVN4juce24SwitchParameterComponentE[_ZTVN4juce24SwitchParameterComponentE]+0x178): undefined reference to `juce::Component::handleCommandMessage(int)'
/usr/bin/ld: GTS_artefacts/Release/libGTS_SharedCode.a(juce_audio_processors.cpp.o):(.data.rel.ro._ZTVN4juce24SwitchParameterComponentE[_ZTVN4juce24SwitchParameterComponentE]+0x180): undefined reference to `juce::Component::canModalEventBeSentToComponent(juce::Component const*)'
/usr/bin/ld: GTS_artefacts/Release/libGTS_SharedCode.a(juce_audio_processors.cpp.o):(.data.rel.ro._ZTVN4juce24SwitchParameterComponentE[_ZTVN4juce24SwitchParameterComponentE]+0x188): undefined reference to `juce::Component::inputAttemptWhenModal()'
/usr/bin/ld: GTS_artefacts/Release/libGTS_SharedCode.a(juce_audio_processors.cpp.o):(.data.rel.ro._ZTVN4juce24SwitchParameterComponentE[_ZTVN4juce24SwitchParameterComponentE]+0x190): undefined reference to `juce::Component::colourChanged()'
/usr/bin/ld: GTS_artefacts/Release/libGTS_SharedCode.a(juce_audio_processors.cpp.o):(.data.rel.ro._ZTVN4juce24SwitchParameterComponentE[_ZTVN4juce24SwitchParameterComponentE]+0x198): undefined reference to `juce::Component::createAccessibilityHandler()'
/usr/bin/ld: GTS_artefacts/Release/libGTS_SharedCode.a(juce_audio_processors.cpp.o):(.data.rel.ro._ZTVN4juce24SwitchParameterComponentE[_ZTVN4juce24SwitchParameterComponentE]+0x1a0): undefined reference to `juce::Component::createNewPeer(int, void*)'
/usr/bin/ld: GTS_artefacts/Release/libGTS_SharedCode.a(juce_audio_processors.cpp.o):(.data.rel.ro._ZTVN4juce24ChoiceParameterComponentE[_ZTVN4juce24ChoiceParameterComponentE]+0x20): undefined reference to `juce::Component::mouseMove(juce::MouseEvent const&)'
/usr/bin/ld: GTS_artefacts/Release/libGTS_SharedCode.a(juce_audio_processors.cpp.o):(.data.rel.ro._ZTVN4juce24ChoiceParameterComponentE[_ZTVN4juce24ChoiceParameterComponentE]+0x28): undefined reference to `juce::Component::mouseEnter(juce::MouseEvent const&)'
/usr/bin/ld: GTS_artefacts/Release/libGTS_SharedCode.a(juce_audio_processors.cpp.o):(.data.rel.ro._ZTVN4juce24ChoiceParameterComponentE[_ZTVN4juce24ChoiceParameterComponentE]+0x30): undefined reference to `juce::Component::mouseExit(juce::MouseEvent const&)'
/usr/bin/ld: GTS_artefacts/Release/libGTS_SharedCode.a(juce_audio_processors.cpp.o):(.data.rel.ro._ZTVN4juce24ChoiceParameterComponentE[_ZTVN4juce24ChoiceParameterComponentE]+0x38): undefined reference to `juce::Component::mouseDown(juce::MouseEvent const&)'
/usr/bin/ld: GTS_artefacts/Release/libGTS_SharedCode.a(juce_audio_processors.cpp.o):(.data.rel.ro._ZTVN4juce24ChoiceParameterComponentE[_ZTVN4juce24ChoiceParameterComponentE]+0x40): undefined reference to `juce::Component::mouseDrag(juce::MouseEvent const&)'
/usr/bin/ld: GTS_artefacts/Release/libGTS_SharedCode.a(juce_audio_processors.cpp.o):(.data.rel.ro._ZTVN4juce24ChoiceParameterComponentE[_ZTVN4juce24ChoiceParameterComponentE]+0x48): undefined reference to `juce::Component::mouseUp(juce::MouseEvent const&)'
/usr/bin/ld: GTS_artefacts/Release/libGTS_SharedCode.a(juce_audio_processors.cpp.o):(.data.rel.ro._ZTVN4juce24ChoiceParameterComponentE[_ZTVN4juce24ChoiceParameterComponentE]+0x50): undefined reference to `juce::Component::mouseDoubleClick(juce::MouseEvent const&)'
/usr/bin/ld: GTS_artefacts/Release/libGTS_SharedCode.a(juce_audio_processors.cpp.o):(.data.rel.ro._ZTVN4juce24ChoiceParameterComponentE[_ZTVN4juce24ChoiceParameterComponentE]+0x58): undefined reference to `juce::Component::mouseWheelMove(juce::MouseEvent const&, juce::MouseWheelDetails const&)'
/usr/bin/ld: GTS_artefacts/Release/libGTS_SharedCode.a(juce_audio_processors.cpp.o):(.data.rel.ro._ZTVN4juce24ChoiceParameterComponentE[_ZTVN4juce24ChoiceParameterComponentE]+0x60): undefined reference to `juce::Component::mouseMagnify(juce::MouseEvent const&, float)'
/usr/bin/ld: GTS_artefacts/Release/libGTS_SharedCode.a(juce_audio_processors.cpp.o):(.data.rel.ro._ZTVN4juce24ChoiceParameterComponentE[_ZTVN4juce24ChoiceParameterComponentE]+0x68): undefined reference to `juce::Component::setName(juce::String const&)'
/usr/bin/ld: GTS_artefacts/Release/libGTS_SharedCode.a(juce_audio_processors.cpp.o):(.data.rel.ro._ZTVN4juce24ChoiceParameterComponentE[_ZTVN4juce24ChoiceParameterComponentE]+0x70): undefined reference to `juce::Component::setVisible(bool)'
/usr/bin/ld: GTS_artefacts/Release/libGTS_SharedCode.a(juce_audio_processors.cpp.o):(.data.rel.ro._ZTVN4juce24ChoiceParameterComponentE[_ZTVN4juce24ChoiceParameterComponentE]+0x78): undefined reference to `juce::Component::visibilityChanged()'
/usr/bin/ld: GTS_artefacts/Release/libGTS_SharedCode.a(juce_audio_processors.cpp.o):(.data.rel.ro._ZTVN4juce24ChoiceParameterComponentE[_ZTVN4juce24ChoiceParameterComponentE]+0x80): undefined reference to `juce::Component::addToDesktop(int, void*)'
/usr/bin/ld: GTS_artefacts/Release/libGTS_SharedCode.a(juce_audio_processors.cpp.o):(.data.rel.ro._ZTVN4juce24ChoiceParameterComponentE[_ZTVN4juce24ChoiceParameterComponentE]+0x88): undefined reference to `juce::Component::userTriedToCloseWindow()'
/usr/bin/ld: GTS_artefacts/Release/libGTS_SharedCode.a(juce_audio_processors.cpp.o):(.data.rel.ro._ZTVN4juce24ChoiceParameterComponentE[_ZTVN4juce24ChoiceParameterComponentE]+0x90): undefined reference to `juce::Component::minimisationStateChanged(bool)'
/usr/bin/ld: GTS_artefacts/Release/libGTS_SharedCode.a(juce_audio_processors.cpp.o):(.data.rel.ro._ZTVN4juce24ChoiceParameterComponentE[_ZTVN4juce24ChoiceParameterComponentE]+0x98): undefined reference to `juce::Component::getDesktopScaleFactor() const'
/usr/bin/ld: GTS_artefacts/Release/libGTS_SharedCode.a(juce_audio_processors.cpp.o):(.data.rel.ro._ZTVN4juce24ChoiceParameterComponentE[_ZTVN4juce24ChoiceParameterComponentE]+0xa0): undefined reference to `juce::Component::parentHierarchyChanged()'
/usr/bin/ld: GTS_artefacts/Release/libGTS_SharedCode.a(juce_audio_processors.cpp.o):(.data.rel.ro._ZTVN4juce24ChoiceParameterComponentE[_ZTVN4juce24ChoiceParameterComponentE]+0xa8): undefined reference to `juce::Component::childrenChanged()'
/usr/bin/ld: GTS_artefacts/Release/libGTS_SharedCode.a(juce_audio_processors.cpp.o):(.data.rel.ro._ZTVN4juce24ChoiceParameterComponentE[_ZTVN4juce24ChoiceParameterComponentE]+0xb0): undefined reference to `juce::Component::hitTest(int, int)'
/usr/bin/ld: GTS_artefacts/Release/libGTS_SharedCode.a(juce_audio_processors.cpp.o):(.data.rel.ro._ZTVN4juce24ChoiceParameterComponentE[_ZTVN4juce24ChoiceParameterComponentE]+0xd8): undefined reference to `juce::Component::lookAndFeelChanged()'
/usr/bin/ld: GTS_artefacts/Release/libGTS_SharedCode.a(juce_audio_processors.cpp.o):(.data.rel.ro._ZTVN4juce24ChoiceParameterComponentE[_ZTVN4juce24ChoiceParameterComponentE]+0xe0): undefined reference to `juce::Component::createFocusTraverser()'
/usr/bin/ld: GTS_artefacts/Release/libGTS_SharedCode.a(juce_audio_processors.cpp.o):(.data.rel.ro._ZTVN4juce24ChoiceParameterComponentE[_ZTVN4juce24ChoiceParameterComponentE]+0xe8): undefined reference to `juce::Component::createKeyboardFocusTraverser()'
/usr/bin/ld: GTS_artefacts/Release/libGTS_SharedCode.a(juce_audio_processors.cpp.o):(.data.rel.ro._ZTVN4juce24ChoiceParameterComponentE[_ZTVN4juce24ChoiceParameterComponentE]+0xf0): undefined reference to `juce::Component::enablementChanged()'
/usr/bin/ld: GTS_artefacts/Release/libGTS_SharedCode.a(juce_audio_processors.cpp.o):(.data.rel.ro._ZTVN4juce24ChoiceParameterComponentE[_ZTVN4juce24ChoiceParameterComponentE]+0xf8): undefined reference to `juce::Component::alphaChanged()'
/usr/bin/ld: GTS_artefacts/Release/libGTS_SharedCode.a(juce_audio_processors.cpp.o):(.data.rel.ro._ZTVN4juce24ChoiceParameterComponentE[_ZTVN4juce24ChoiceParameterComponentE]+0x100): undefined reference to `juce::Component::getMouseCursor()'
/usr/bin/ld: GTS_artefacts/Release/libGTS_SharedCode.a(juce_audio_processors.cpp.o):(.data.rel.ro._ZTVN4juce24ChoiceParameterComponentE[_ZTVN4juce24ChoiceParameterComponentE]+0x110): undefined reference to `juce::Component::paintOverChildren(juce::Graphics&)'
/usr/bin/ld: GTS_artefacts/Release/libGTS_SharedCode.a(juce_audio_processors.cpp.o):(.data.rel.ro._ZTVN4juce24ChoiceParameterComponentE[_ZTVN4juce24ChoiceParameterComponentE]+0x118): undefined reference to `juce::Component::keyPressed(juce::KeyPress const&)'
/usr/bin/ld: GTS_artefacts/Release/libGTS_SharedCode.a(juce_audio_processors.cpp.o):(.data.rel.ro._ZTVN4juce24ChoiceParameterComponentE[_ZTVN4juce24ChoiceParameterComponentE]+0x120): undefined reference to `juce::Component::keyStateChanged(bool)'
/usr/bin/ld: GTS_artefacts/Release/libGTS_SharedCode.a(juce_audio_processors.cpp.o):(.data.rel.ro._ZTVN4juce24ChoiceParameterComponentE[_ZTVN4juce24ChoiceParameterComponentE]+0x128): undefined reference to `juce::Component::modifierKeysChanged(juce::ModifierKeys const&)'
/usr/bin/ld: GTS_artefacts/Release/libGTS_SharedCode.a(juce_audio_processors.cpp.o):(.data.rel.ro._ZTVN4juce24ChoiceParameterComponentE[_ZTVN4juce24ChoiceParameterComponentE]+0x130): undefined reference to `juce::Component::focusGained(juce::Component::FocusChangeType)'
/usr/bin/ld: GTS_artefacts/Release/libGTS_SharedCode.a(juce_audio_processors.cpp.o):(.data.rel.ro._ZTVN4juce24ChoiceParameterComponentE[_ZTVN4juce24ChoiceParameterComponentE]+0x138): undefined reference to `juce::Component::focusGainedWithDirection(juce::Component::FocusChangeType, juce::Component::FocusChangeDirection)'
/usr/bin/ld: GTS_artefacts/Release/libGTS_SharedCode.a(juce_audio_processors.cpp.o):(.data.rel.ro._ZTVN4juce24ChoiceParameterComponentE[_ZTVN4juce24ChoiceParameterComponentE]+0x140): undefined reference to `juce::Component::focusLost(juce::Component::FocusChangeType)'
/usr/bin/ld: GTS_artefacts/Release/libGTS_SharedCode.a(juce_audio_processors.cpp.o):(.data.rel.ro._ZTVN4juce24ChoiceParameterComponentE[_ZTVN4juce24ChoiceParameterComponentE]+0x148): undefined reference to `juce::Component::focusOfChildComponentChanged(juce::Component::FocusChangeType)'
/usr/bin/ld: GTS_artefacts/Release/libGTS_SharedCode.a(juce_audio_processors.cpp.o):(.data.rel.ro._ZTVN4juce24ChoiceParameterComponentE[_ZTVN4juce24ChoiceParameterComponentE]+0x158): undefined reference to `juce::Component::moved()'
/usr/bin/ld: GTS_artefacts/Release/libGTS_SharedCode.a(juce_audio_processors.cpp.o):(.data.rel.ro._ZTVN4juce24ChoiceParameterComponentE[_ZTVN4juce24ChoiceParameterComponentE]+0x160): undefined reference to `juce::Component::childBoundsChanged(juce::Component*)'
/usr/bin/ld: GTS_artefacts/Release/libGTS_SharedCode.a(juce_audio_processors.cpp.o):(.data.rel.ro._ZTVN4juce24ChoiceParameterComponentE[_ZTVN4juce24ChoiceParameterComponentE]+0x168): undefined reference to `juce::Component::parentSizeChanged()'
/usr/bin/ld: GTS_artefacts/Release/libGTS_SharedCode.a(juce_audio_processors.cpp.o):(.data.rel.ro._ZTVN4juce24ChoiceParameterComponentE[_ZTVN4juce24ChoiceParameterComponentE]+0x170): undefined reference to `juce::Component::broughtToFront()'
/usr/bin/ld: GTS_artefacts/Release/libGTS_SharedCode.a(juce_audio_processors.cpp.o):(.data.rel.ro._ZTVN4juce24ChoiceParameterComponentE[_ZTVN4juce24ChoiceParameterComponentE]+0x178): undefined reference to `juce::Component::handleCommandMessage(int)'
/usr/bin/ld: GTS_artefacts/Release/libGTS_SharedCode.a(juce_audio_processors.cpp.o):(.data.rel.ro._ZTVN4juce24ChoiceParameterComponentE[_ZTVN4juce24ChoiceParameterComponentE]+0x180): undefined reference to `juce::Component::canModalEventBeSentToComponent(juce::Component const*)'
/usr/bin/ld: GTS_artefacts/Release/libGTS_SharedCode.a(juce_audio_processors.cpp.o):(.data.rel.ro._ZTVN4juce24ChoiceParameterComponentE[_ZTVN4juce24ChoiceParameterComponentE]+0x188): undefined reference to `juce::Component::inputAttemptWhenModal()'
/usr/bin/ld: GTS_artefacts/Release/libGTS_SharedCode.a(juce_audio_processors.cpp.o):(.data.rel.ro._ZTVN4juce24ChoiceParameterComponentE[_ZTVN4juce24ChoiceParameterComponentE]+0x190): undefined reference to `juce::Component::colourChanged()'
/usr/bin/ld: GTS_artefacts/Release/libGTS_SharedCode.a(juce_audio_processors.cpp.o):(.data.rel.ro._ZTVN4juce24ChoiceParameterComponentE[_ZTVN4juce24ChoiceParameterComponentE]+0x198): undefined reference to `juce::Component::createAccessibilityHandler()'
/usr/bin/ld: GTS_artefacts/Release/libGTS_SharedCode.a(juce_audio_processors.cpp.o):(.data.rel.ro._ZTVN4juce24ChoiceParameterComponentE[_ZTVN4juce24ChoiceParameterComponentE]+0x1a0): undefined reference to `juce::Component::createNewPeer(int, void*)'
/usr/bin/ld: GTS_artefacts/Release/libGTS_SharedCode.a(juce_audio_processors.cpp.o):(.data.rel.ro._ZTVN4juce24SliderParameterComponentE[_ZTVN4juce24SliderParameterComponentE]+0x20): undefined reference to `juce::Component::mouseMove(juce::MouseEvent const&)'
/usr/bin/ld: GTS_artefacts/Release/libGTS_SharedCode.a(juce_audio_processors.cpp.o):(.data.rel.ro._ZTVN4juce24SliderParameterComponentE[_ZTVN4juce24SliderParameterComponentE]+0x28): undefined reference to `juce::Component::mouseEnter(juce::MouseEvent const&)'
/usr/bin/ld: GTS_artefacts/Release/libGTS_SharedCode.a(juce_audio_processors.cpp.o):(.data.rel.ro._ZTVN4juce24SliderParameterComponentE[_ZTVN4juce24SliderParameterComponentE]+0x30): undefined reference to `juce::Component::mouseExit(juce::MouseEvent const&)'
/usr/bin/ld: GTS_artefacts/Release/libGTS_SharedCode.a(juce_audio_processors.cpp.o):(.data.rel.ro._ZTVN4juce24SliderParameterComponentE[_ZTVN4juce24SliderParameterComponentE]+0x38): undefined reference to `juce::Component::mouseDown(juce::MouseEvent const&)'
/usr/bin/ld: GTS_artefacts/Release/libGTS_SharedCode.a(juce_audio_processors.cpp.o):(.data.rel.ro._ZTVN4juce24SliderParameterComponentE[_ZTVN4juce24SliderParameterComponentE]+0x40): undefined reference to `juce::Component::mouseDrag(juce::MouseEvent const&)'
/usr/bin/ld: GTS_artefacts/Release/libGTS_SharedCode.a(juce_audio_processors.cpp.o):(.data.rel.ro._ZTVN4juce24SliderParameterComponentE[_ZTVN4juce24SliderParameterComponentE]+0x48): undefined reference to `juce::Component::mouseUp(juce::MouseEvent const&)'
/usr/bin/ld: GTS_artefacts/Release/libGTS_SharedCode.a(juce_audio_processors.cpp.o):(.data.rel.ro._ZTVN4juce24SliderParameterComponentE[_ZTVN4juce24SliderParameterComponentE]+0x50): undefined reference to `juce::Component::mouseDoubleClick(juce::MouseEvent const&)'
/usr/bin/ld: GTS_artefacts/Release/libGTS_SharedCode.a(juce_audio_processors.cpp.o):(.data.rel.ro._ZTVN4juce24SliderParameterComponentE[_ZTVN4juce24SliderParameterComponentE]+0x58): undefined reference to `juce::Component::mouseWheelMove(juce::MouseEvent const&, juce::MouseWheelDetails const&)'
/usr/bin/ld: GTS_artefacts/Release/libGTS_SharedCode.a(juce_audio_processors.cpp.o):(.data.rel.ro._ZTVN4juce24SliderParameterComponentE[_ZTVN4juce24SliderParameterComponentE]+0x60): undefined reference to `juce::Component::mouseMagnify(juce::MouseEvent const&, float)'
/usr/bin/ld: GTS_artefacts/Release/libGTS_SharedCode.a(juce_audio_processors.cpp.o):(.data.rel.ro._ZTVN4juce24SliderParameterComponentE[_ZTVN4juce24SliderParameterComponentE]+0x68): undefined reference to `juce::Component::setName(juce::String const&)'
/usr/bin/ld: GTS_artefacts/Release/libGTS_SharedCode.a(juce_audio_processors.cpp.o):(.data.rel.ro._ZTVN4juce24SliderParameterComponentE[_ZTVN4juce24SliderParameterComponentE]+0x70): undefined reference to `juce::Component::setVisible(bool)'
/usr/bin/ld: GTS_artefacts/Release/libGTS_SharedCode.a(juce_audio_processors.cpp.o):(.data.rel.ro._ZTVN4juce24SliderParameterComponentE[_ZTVN4juce24SliderParameterComponentE]+0x78): undefined reference to `juce::Component::visibilityChanged()'
/usr/bin/ld: GTS_artefacts/Release/libGTS_SharedCode.a(juce_audio_processors.cpp.o):(.data.rel.ro._ZTVN4juce24SliderParameterComponentE[_ZTVN4juce24SliderParameterComponentE]+0x80): undefined reference to `juce::Component::addToDesktop(int, void*)'
/usr/bin/ld: GTS_artefacts/Release/libGTS_SharedCode.a(juce_audio_processors.cpp.o):(.data.rel.ro._ZTVN4juce24SliderParameterComponentE[_ZTVN4juce24SliderParameterComponentE]+0x88): undefined reference to `juce::Component::userTriedToCloseWindow()'
/usr/bin/ld: GTS_artefacts/Release/libGTS_SharedCode.a(juce_audio_processors.cpp.o):(.data.rel.ro._ZTVN4juce24SliderParameterComponentE[_ZTVN4juce24SliderParameterComponentE]+0x90): undefined reference to `juce::Component::minimisationStateChanged(bool)'
/usr/bin/ld: GTS_artefacts/Release/libGTS_SharedCode.a(juce_audio_processors.cpp.o):(.data.rel.ro._ZTVN4juce24SliderParameterComponentE[_ZTVN4juce24SliderParameterComponentE]+0x98): undefined reference to `juce::Component::getDesktopScaleFactor() const'
/usr/bin/ld: GTS_artefacts/Release/libGTS_SharedCode.a(juce_audio_processors.cpp.o):(.data.rel.ro._ZTVN4juce24SliderParameterComponentE[_ZTVN4juce24SliderParameterComponentE]+0xa0): undefined reference to `juce::Component::parentHierarchyChanged()'
/usr/bin/ld: GTS_artefacts/Release/libGTS_SharedCode.a(juce_audio_processors.cpp.o):(.data.rel.ro._ZTVN4juce24SliderParameterComponentE[_ZTVN4juce24SliderParameterComponentE]+0xa8): undefined reference to `juce::Component::childrenChanged()'
/usr/bin/ld: GTS_artefacts/Release/libGTS_SharedCode.a(juce_audio_processors.cpp.o):(.data.rel.ro._ZTVN4juce24SliderParameterComponentE[_ZTVN4juce24SliderParameterComponentE]+0xb0): undefined reference to `juce::Component::hitTest(int, int)'
/usr/bin/ld: GTS_artefacts/Release/libGTS_SharedCode.a(juce_audio_processors.cpp.o):(.data.rel.ro._ZTVN4juce24SliderParameterComponentE[_ZTVN4juce24SliderParameterComponentE]+0xd8): undefined reference to `juce::Component::lookAndFeelChanged()'
/usr/bin/ld: GTS_artefacts/Release/libGTS_SharedCode.a(juce_audio_processors.cpp.o):(.data.rel.ro._ZTVN4juce24SliderParameterComponentE[_ZTVN4juce24SliderParameterComponentE]+0xe0): undefined reference to `juce::Component::createFocusTraverser()'
/usr/bin/ld: GTS_artefacts/Release/libGTS_SharedCode.a(juce_audio_processors.cpp.o):(.data.rel.ro._ZTVN4juce24SliderParameterComponentE[_ZTVN4juce24SliderParameterComponentE]+0xe8): undefined reference to `juce::Component::createKeyboardFocusTraverser()'
/usr/bin/ld: GTS_artefacts/Release/libGTS_SharedCode.a(juce_audio_processors.cpp.o):(.data.rel.ro._ZTVN4juce24SliderParameterComponentE[_ZTVN4juce24SliderParameterComponentE]+0xf0): undefined reference to `juce::Component::enablementChanged()'
/usr/bin/ld: GTS_artefacts/Release/libGTS_SharedCode.a(juce_audio_processors.cpp.o):(.data.rel.ro._ZTVN4juce24SliderParameterComponentE[_ZTVN4juce24SliderParameterComponentE]+0xf8): undefined reference to `juce::Component::alphaChanged()'
/usr/bin/ld: GTS_artefacts/Release/libGTS_SharedCode.a(juce_audio_processors.cpp.o):(.data.rel.ro._ZTVN4juce24SliderParameterComponentE[_ZTVN4juce24SliderParameterComponentE]+0x100): undefined reference to `juce::Component::getMouseCursor()'
/usr/bin/ld: GTS_artefacts/Release/libGTS_SharedCode.a(juce_audio_processors.cpp.o):(.data.rel.ro._ZTVN4juce24SliderParameterComponentE[_ZTVN4juce24SliderParameterComponentE]+0x110): undefined reference to `juce::Component::paintOverChildren(juce::Graphics&)'
/usr/bin/ld: GTS_artefacts/Release/libGTS_SharedCode.a(juce_audio_processors.cpp.o):(.data.rel.ro._ZTVN4juce24SliderParameterComponentE[_ZTVN4juce24SliderParameterComponentE]+0x118): undefined reference to `juce::Component::keyPressed(juce::KeyPress const&)'
/usr/bin/ld: GTS_artefacts/Release/libGTS_SharedCode.a(juce_audio_processors.cpp.o):(.data.rel.ro._ZTVN4juce24SliderParameterComponentE[_ZTVN4juce24SliderParameterComponentE]+0x120): undefined reference to `juce::Component::keyStateChanged(bool)'
/usr/bin/ld: GTS_artefacts/Release/libGTS_SharedCode.a(juce_audio_processors.cpp.o):(.data.rel.ro._ZTVN4juce24SliderParameterComponentE[_ZTVN4juce24SliderParameterComponentE]+0x128): undefined reference to `juce::Component::modifierKeysChanged(juce::ModifierKeys const&)'
/usr/bin/ld: GTS_artefacts/Release/libGTS_SharedCode.a(juce_audio_processors.cpp.o):(.data.rel.ro._ZTVN4juce24SliderParameterComponentE[_ZTVN4juce24SliderParameterComponentE]+0x130): undefined reference to `juce::Component::focusGained(juce::Component::FocusChangeType)'
/usr/bin/ld: GTS_artefacts/Release/libGTS_SharedCode.a(juce_audio_processors.cpp.o):(.data.rel.ro._ZTVN4juce24SliderParameterComponentE[_ZTVN4juce24SliderParameterComponentE]+0x138): undefined reference to `juce::Component::focusGainedWithDirection(juce::Component::FocusChangeType, juce::Component::FocusChangeDirection)'
/usr/bin/ld: GTS_artefacts/Release/libGTS_SharedCode.a(juce_audio_processors.cpp.o):(.data.rel.ro._ZTVN4juce24SliderParameterComponentE[_ZTVN4juce24SliderParameterComponentE]+0x140): undefined reference to `juce::Component::focusLost(juce::Component::FocusChangeType)'
/usr/bin/ld: GTS_artefacts/Release/libGTS_SharedCode.a(juce_audio_processors.cpp.o):(.data.rel.ro._ZTVN4juce24SliderParameterComponentE[_ZTVN4juce24SliderParameterComponentE]+0x148): undefined reference to `juce::Component::focusOfChildComponentChanged(juce::Component::FocusChangeType)'
/usr/bin/ld: GTS_artefacts/Release/libGTS_SharedCode.a(juce_audio_processors.cpp.o):(.data.rel.ro._ZTVN4juce24SliderParameterComponentE[_ZTVN4juce24SliderParameterComponentE]+0x158): undefined reference to `juce::Component::moved()'
/usr/bin/ld: GTS_artefacts/Release/libGTS_SharedCode.a(juce_audio_processors.cpp.o):(.data.rel.ro._ZTVN4juce24SliderParameterComponentE[_ZTVN4juce24SliderParameterComponentE]+0x160): undefined reference to `juce::Component::childBoundsChanged(juce::Component*)'
/usr/bin/ld: GTS_artefacts/Release/libGTS_SharedCode.a(juce_audio_processors.cpp.o):(.data.rel.ro._ZTVN4juce24SliderParameterComponentE[_ZTVN4juce24SliderParameterComponentE]+0x168): undefined reference to `juce::Component::parentSizeChanged()'
/usr/bin/ld: GTS_artefacts/Release/libGTS_SharedCode.a(juce_audio_processors.cpp.o):(.data.rel.ro._ZTVN4juce24SliderParameterComponentE[_ZTVN4juce24SliderParameterComponentE]+0x170): undefined reference to `juce::Component::broughtToFront()'
/usr/bin/ld: GTS_artefacts/Release/libGTS_SharedCode.a(juce_audio_processors.cpp.o):(.data.rel.ro._ZTVN4juce24SliderParameterComponentE[_ZTVN4juce24SliderParameterComponentE]+0x178): undefined reference to `juce::Component::handleCommandMessage(int)'
/usr/bin/ld: GTS_artefacts/Release/libGTS_SharedCode.a(juce_audio_processors.cpp.o):(.data.rel.ro._ZTVN4juce24SliderParameterComponentE[_ZTVN4juce24SliderParameterComponentE]+0x180): undefined reference to `juce::Component::canModalEventBeSentToComponent(juce::Component const*)'
/usr/bin/ld: GTS_artefacts/Release/libGTS_SharedCode.a(juce_audio_processors.cpp.o):(.data.rel.ro._ZTVN4juce24SliderParameterComponentE[_ZTVN4juce24SliderParameterComponentE]+0x188): undefined reference to `juce::Component::inputAttemptWhenModal()'
/usr/bin/ld: GTS_artefacts/Release/libGTS_SharedCode.a(juce_audio_processors.cpp.o):(.data.rel.ro._ZTVN4juce24SliderParameterComponentE[_ZTVN4juce24SliderParameterComponentE]+0x190): undefined reference to `juce::Component::colourChanged()'
/usr/bin/ld: GTS_artefacts/Release/libGTS_SharedCode.a(juce_audio_processors.cpp.o):(.data.rel.ro._ZTVN4juce24SliderParameterComponentE[_ZTVN4juce24SliderParameterComponentE]+0x198): undefined reference to `juce::Component::createAccessibilityHandler()'
/usr/bin/ld: GTS_artefacts/Release/libGTS_SharedCode.a(juce_audio_processors.cpp.o):(.data.rel.ro._ZTVN4juce24SliderParameterComponentE[_ZTVN4juce24SliderParameterComponentE]+0x1a0): undefined reference to `juce::Component::createNewPeer(int, void*)'
/usr/bin/ld: GTS_artefacts/Release/libGTS_SharedCode.a(juce_audio_processors.cpp.o):(.data.rel.ro._ZTVN4juce25ParameterDisplayComponentE[_ZTVN4juce25ParameterDisplayComponentE]+0x20): undefined reference to `juce::Component::mouseMove(juce::MouseEvent const&)'
/usr/bin/ld: GTS_artefacts/Release/libGTS_SharedCode.a(juce_audio_processors.cpp.o):(.data.rel.ro._ZTVN4juce25ParameterDisplayComponentE[_ZTVN4juce25ParameterDisplayComponentE]+0x28): undefined reference to `juce::Component::mouseEnter(juce::MouseEvent const&)'
/usr/bin/ld: GTS_artefacts/Release/libGTS_SharedCode.a(juce_audio_processors.cpp.o):(.data.rel.ro._ZTVN4juce25ParameterDisplayComponentE[_ZTVN4juce25ParameterDisplayComponentE]+0x30): undefined reference to `juce::Component::mouseExit(juce::MouseEvent const&)'
/usr/bin/ld: GTS_artefacts/Release/libGTS_SharedCode.a(juce_audio_processors.cpp.o):(.data.rel.ro._ZTVN4juce25ParameterDisplayComponentE[_ZTVN4juce25ParameterDisplayComponentE]+0x40): undefined reference to `juce::Component::mouseDrag(juce::MouseEvent const&)'
/usr/bin/ld: GTS_artefacts/Release/libGTS_SharedCode.a(juce_audio_processors.cpp.o):(.data.rel.ro._ZTVN4juce25ParameterDisplayComponentE[_ZTVN4juce25ParameterDisplayComponentE]+0x48): undefined reference to `juce::Component::mouseUp(juce::MouseEvent const&)'
/usr/bin/ld: GTS_artefacts/Release/libGTS_SharedCode.a(juce_audio_processors.cpp.o):(.data.rel.ro._ZTVN4juce25ParameterDisplayComponentE[_ZTVN4juce25ParameterDisplayComponentE]+0x50): undefined reference to `juce::Component::mouseDoubleClick(juce::MouseEvent const&)'
/usr/bin/ld: GTS_artefacts/Release/libGTS_SharedCode.a(juce_audio_processors.cpp.o):(.data.rel.ro._ZTVN4juce25ParameterDisplayComponentE[_ZTVN4juce25ParameterDisplayComponentE]+0x58): undefined reference to `juce::Component::mouseWheelMove(juce::MouseEvent const&, juce::MouseWheelDetails const&)'
/usr/bin/ld: GTS_artefacts/Release/libGTS_SharedCode.a(juce_audio_processors.cpp.o):(.data.rel.ro._ZTVN4juce25ParameterDisplayComponentE[_ZTVN4juce25ParameterDisplayComponentE]+0x60): undefined reference to `juce::Component::mouseMagnify(juce::MouseEvent const&, float)'
/usr/bin/ld: GTS_artefacts/Release/libGTS_SharedCode.a(juce_audio_processors.cpp.o):(.data.rel.ro._ZTVN4juce25ParameterDisplayComponentE[_ZTVN4juce25ParameterDisplayComponentE]+0x68): undefined reference to `juce::Component::setName(juce::String const&)'
/usr/bin/ld: GTS_artefacts/Release/libGTS_SharedCode.a(juce_audio_processors.cpp.o):(.data.rel.ro._ZTVN4juce25ParameterDisplayComponentE[_ZTVN4juce25ParameterDisplayComponentE]+0x70): undefined reference to `juce::Component::setVisible(bool)'
/usr/bin/ld: GTS_artefacts/Release/libGTS_SharedCode.a(juce_audio_processors.cpp.o):(.data.rel.ro._ZTVN4juce25ParameterDisplayComponentE[_ZTVN4juce25ParameterDisplayComponentE]+0x78): undefined reference to `juce::Component::visibilityChanged()'
/usr/bin/ld: GTS_artefacts/Release/libGTS_SharedCode.a(juce_audio_processors.cpp.o):(.data.rel.ro._ZTVN4juce25ParameterDisplayComponentE[_ZTVN4juce25ParameterDisplayComponentE]+0x80): undefined reference to `juce::Component::addToDesktop(int, void*)'
/usr/bin/ld: GTS_artefacts/Release/libGTS_SharedCode.a(juce_audio_processors.cpp.o):(.data.rel.ro._ZTVN4juce25ParameterDisplayComponentE[_ZTVN4juce25ParameterDisplayComponentE]+0x88): undefined reference to `juce::Component::userTriedToCloseWindow()'
/usr/bin/ld: GTS_artefacts/Release/libGTS_SharedCode.a(juce_audio_processors.cpp.o):(.data.rel.ro._ZTVN4juce25ParameterDisplayComponentE[_ZTVN4juce25ParameterDisplayComponentE]+0x90): undefined reference to `juce::Component::minimisationStateChanged(bool)'
/usr/bin/ld: GTS_artefacts/Release/libGTS_SharedCode.a(juce_audio_processors.cpp.o):(.data.rel.ro._ZTVN4juce25ParameterDisplayComponentE[_ZTVN4juce25ParameterDisplayComponentE]+0x98): undefined reference to `juce::Component::getDesktopScaleFactor() const'
/usr/bin/ld: GTS_artefacts/Release/libGTS_SharedCode.a(juce_audio_processors.cpp.o):(.data.rel.ro._ZTVN4juce25ParameterDisplayComponentE[_ZTVN4juce25ParameterDisplayComponentE]+0xa0): undefined reference to `juce::Component::parentHierarchyChanged()'
/usr/bin/ld: GTS_artefacts/Release/libGTS_SharedCode.a(juce_audio_processors.cpp.o):(.data.rel.ro._ZTVN4juce25ParameterDisplayComponentE[_ZTVN4juce25ParameterDisplayComponentE]+0xa8): undefined reference to `juce::Component::childrenChanged()'
/usr/bin/ld: GTS_artefacts/Release/libGTS_SharedCode.a(juce_audio_processors.cpp.o):(.data.rel.ro._ZTVN4juce25ParameterDisplayComponentE[_ZTVN4juce25ParameterDisplayComponentE]+0xb0): undefined reference to `juce::Component::hitTest(int, int)'
/usr/bin/ld: GTS_artefacts/Release/libGTS_SharedCode.a(juce_audio_processors.cpp.o):(.data.rel.ro._ZTVN4juce25ParameterDisplayComponentE[_ZTVN4juce25ParameterDisplayComponentE]+0xd8): undefined reference to `juce::Component::lookAndFeelChanged()'
/usr/bin/ld: GTS_artefacts/Release/libGTS_SharedCode.a(juce_audio_processors.cpp.o):(.data.rel.ro._ZTVN4juce25ParameterDisplayComponentE[_ZTVN4juce25ParameterDisplayComponentE]+0xe0): undefined reference to `juce::Component::createFocusTraverser()'
/usr/bin/ld: GTS_artefacts/Release/libGTS_SharedCode.a(juce_audio_processors.cpp.o):(.data.rel.ro._ZTVN4juce25ParameterDisplayComponentE[_ZTVN4juce25ParameterDisplayComponentE]+0xe8): undefined reference to `juce::Component::createKeyboardFocusTraverser()'
/usr/bin/ld: GTS_artefacts/Release/libGTS_SharedCode.a(juce_audio_processors.cpp.o):(.data.rel.ro._ZTVN4juce25ParameterDisplayComponentE[_ZTVN4juce25ParameterDisplayComponentE]+0xf0): undefined reference to `juce::Component::enablementChanged()'
/usr/bin/ld: GTS_artefacts/Release/libGTS_SharedCode.a(juce_audio_processors.cpp.o):(.data.rel.ro._ZTVN4juce25ParameterDisplayComponentE[_ZTVN4juce25ParameterDisplayComponentE]+0xf8): undefined reference to `juce::Component::alphaChanged()'
/usr/bin/ld: GTS_artefacts/Release/libGTS_SharedCode.a(juce_audio_processors.cpp.o):(.data.rel.ro._ZTVN4juce25ParameterDisplayComponentE[_ZTVN4juce25ParameterDisplayComponentE]+0x100): undefined reference to `juce::Component::getMouseCursor()'
/usr/bin/ld: GTS_artefacts/Release/libGTS_SharedCode.a(juce_audio_processors.cpp.o):(.data.rel.ro._ZTVN4juce25ParameterDisplayComponentE[_ZTVN4juce25ParameterDisplayComponentE]+0x108): undefined reference to `juce::Component::paint(juce::Graphics&)'
/usr/bin/ld: GTS_artefacts/Release/libGTS_SharedCode.a(juce_audio_processors.cpp.o):(.data.rel.ro._ZTVN4juce25ParameterDisplayComponentE[_ZTVN4juce25ParameterDisplayComponentE]+0x110): undefined reference to `juce::Component::paintOverChildren(juce::Graphics&)'
/usr/bin/ld: GTS_artefacts/Release/libGTS_SharedCode.a(juce_audio_processors.cpp.o):(.data.rel.ro._ZTVN4juce25ParameterDisplayComponentE[_ZTVN4juce25ParameterDisplayComponentE]+0x118): undefined reference to `juce::Component::keyPressed(juce::KeyPress const&)'
/usr/bin/ld: GTS_artefacts/Release/libGTS_SharedCode.a(juce_audio_processors.cpp.o):(.data.rel.ro._ZTVN4juce25ParameterDisplayComponentE[_ZTVN4juce25ParameterDisplayComponentE]+0x120): undefined reference to `juce::Component::keyStateChanged(bool)'
/usr/bin/ld: GTS_artefacts/Release/libGTS_SharedCode.a(juce_audio_processors.cpp.o):(.data.rel.ro._ZTVN4juce25ParameterDisplayComponentE[_ZTVN4juce25ParameterDisplayComponentE]+0x128): undefined reference to `juce::Component::modifierKeysChanged(juce::ModifierKeys const&)'
/usr/bin/ld: GTS_artefacts/Release/libGTS_SharedCode.a(juce_audio_processors.cpp.o):(.data.rel.ro._ZTVN4juce25ParameterDisplayComponentE[_ZTVN4juce25ParameterDisplayComponentE]+0x130): undefined reference to `juce::Component::focusGained(juce::Component::FocusChangeType)'
/usr/bin/ld: GTS_artefacts/Release/libGTS_SharedCode.a(juce_audio_processors.cpp.o):(.data.rel.ro._ZTVN4juce25ParameterDisplayComponentE[_ZTVN4juce25ParameterDisplayComponentE]+0x138): undefined reference to `juce::Component::focusGainedWithDirection(juce::Component::FocusChangeType, juce::Component::FocusChangeDirection)'
/usr/bin/ld: GTS_artefacts/Release/libGTS_SharedCode.a(juce_audio_processors.cpp.o):(.data.rel.ro._ZTVN4juce25ParameterDisplayComponentE[_ZTVN4juce25ParameterDisplayComponentE]+0x140): undefined reference to `juce::Component::focusLost(juce::Component::FocusChangeType)'
/usr/bin/ld: GTS_artefacts/Release/libGTS_SharedCode.a(juce_audio_processors.cpp.o):(.data.rel.ro._ZTVN4juce25ParameterDisplayComponentE[_ZTVN4juce25ParameterDisplayComponentE]+0x148): undefined reference to `juce::Component::focusOfChildComponentChanged(juce::Component::FocusChangeType)'
/usr/bin/ld: GTS_artefacts/Release/libGTS_SharedCode.a(juce_audio_processors.cpp.o):(.data.rel.ro._ZTVN4juce25ParameterDisplayComponentE[_ZTVN4juce25ParameterDisplayComponentE]+0x158): undefined reference to `juce::Component::moved()'
/usr/bin/ld: GTS_artefacts/Release/libGTS_SharedCode.a(juce_audio_processors.cpp.o):(.data.rel.ro._ZTVN4juce25ParameterDisplayComponentE[_ZTVN4juce25ParameterDisplayComponentE]+0x160): undefined reference to `juce::Component::childBoundsChanged(juce::Component*)'
/usr/bin/ld: GTS_artefacts/Release/libGTS_SharedCode.a(juce_audio_processors.cpp.o):(.data.rel.ro._ZTVN4juce25ParameterDisplayComponentE[_ZTVN4juce25ParameterDisplayComponentE]+0x168): undefined reference to `juce::Component::parentSizeChanged()'
/usr/bin/ld: GTS_artefacts/Release/libGTS_SharedCode.a(juce_audio_processors.cpp.o):(.data.rel.ro._ZTVN4juce25ParameterDisplayComponentE[_ZTVN4juce25ParameterDisplayComponentE]+0x170): undefined reference to `juce::Component::broughtToFront()'
/usr/bin/ld: GTS_artefacts/Release/libGTS_SharedCode.a(juce_audio_processors.cpp.o):(.data.rel.ro._ZTVN4juce25ParameterDisplayComponentE[_ZTVN4juce25ParameterDisplayComponentE]+0x178): undefined reference to `juce::Component::handleCommandMessage(int)'
/usr/bin/ld: GTS_artefacts/Release/libGTS_SharedCode.a(juce_audio_processors.cpp.o):(.data.rel.ro._ZTVN4juce25ParameterDisplayComponentE[_ZTVN4juce25ParameterDisplayComponentE]+0x180): undefined reference to `juce::Component::canModalEventBeSentToComponent(juce::Component const*)'
/usr/bin/ld: GTS_artefacts/Release/libGTS_SharedCode.a(juce_audio_processors.cpp.o):(.data.rel.ro._ZTVN4juce25ParameterDisplayComponentE[_ZTVN4juce25ParameterDisplayComponentE]+0x188): undefined reference to `juce::Component::inputAttemptWhenModal()'
/usr/bin/ld: GTS_artefacts/Release/libGTS_SharedCode.a(juce_audio_processors.cpp.o):(.data.rel.ro._ZTVN4juce25ParameterDisplayComponentE[_ZTVN4juce25ParameterDisplayComponentE]+0x190): undefined reference to `juce::Component::colourChanged()'
/usr/bin/ld: GTS_artefacts/Release/libGTS_SharedCode.a(juce_audio_processors.cpp.o):(.data.rel.ro._ZTVN4juce25ParameterDisplayComponentE[_ZTVN4juce25ParameterDisplayComponentE]+0x198): undefined reference to `juce::Component::createAccessibilityHandler()'
/usr/bin/ld: GTS_artefacts/Release/libGTS_SharedCode.a(juce_audio_processors.cpp.o):(.data.rel.ro._ZTVN4juce25ParameterDisplayComponentE[_ZTVN4juce25ParameterDisplayComponentE]+0x1a0): undefined reference to `juce::Component::createNewPeer(int, void*)'
/usr/bin/ld: GTS_artefacts/Release/libGTS_SharedCode.a(juce_audio_processors.cpp.o):(.data.rel.ro._ZTVN4juce16ParamControlItemE[_ZTVN4juce16ParamControlItemE]+0x28): undefined reference to `juce::TreeViewItem::getUniqueName() const'
/usr/bin/ld: GTS_artefacts/Release/libGTS_SharedCode.a(juce_audio_processors.cpp.o):(.data.rel.ro._ZTVN4juce16ParamControlItemE[_ZTVN4juce16ParamControlItemE]+0x30): undefined reference to `juce::TreeViewItem::itemOpennessChanged(bool)'
/usr/bin/ld: GTS_artefacts/Release/libGTS_SharedCode.a(juce_audio_processors.cpp.o):(.data.rel.ro._ZTVN4juce16ParamControlItemE[_ZTVN4juce16ParamControlItemE]+0x58): undefined reference to `juce::TreeViewItem::paintItem(juce::Graphics&, int, int)'
/usr/bin/ld: GTS_artefacts/Release/libGTS_SharedCode.a(juce_audio_processors.cpp.o):(.data.rel.ro._ZTVN4juce16ParamControlItemE[_ZTVN4juce16ParamControlItemE]+0x60): undefined reference to `juce::TreeViewItem::paintOpenCloseButton(juce::Graphics&, juce::Rectangle<float> const&, juce::Colour, bool)'
/usr/bin/ld: GTS_artefacts/Release/libGTS_SharedCode.a(juce_audio_processors.cpp.o):(.data.rel.ro._ZTVN4juce16ParamControlItemE[_ZTVN4juce16ParamControlItemE]+0x68): undefined reference to `juce::TreeViewItem::paintHorizontalConnectingLine(juce::Graphics&, juce::Line<float> const&)'
/usr/bin/ld: GTS_artefacts/Release/libGTS_SharedCode.a(juce_audio_processors.cpp.o):(.data.rel.ro._ZTVN4juce16ParamControlItemE[_ZTVN4juce16ParamControlItemE]+0x70): undefined reference to `juce::TreeViewItem::paintVerticalConnectingLine(juce::Graphics&, juce::Line<float> const&)'
/usr/bin/ld: GTS_artefacts/Release/libGTS_SharedCode.a(juce_audio_processors.cpp.o):(.data.rel.ro._ZTVN4juce16ParamControlItemE[_ZTVN4juce16ParamControlItemE]+0x80): undefined reference to `juce::TreeViewItem::itemClicked(juce::MouseEvent const&)'
/usr/bin/ld: GTS_artefacts/Release/libGTS_SharedCode.a(juce_audio_processors.cpp.o):(.data.rel.ro._ZTVN4juce16ParamControlItemE[_ZTVN4juce16ParamControlItemE]+0x88): undefined reference to `juce::TreeViewItem::itemDoubleClicked(juce::MouseEvent const&)'
/usr/bin/ld: GTS_artefacts/Release/libGTS_SharedCode.a(juce_audio_processors.cpp.o):(.data.rel.ro._ZTVN4juce16ParamControlItemE[_ZTVN4juce16ParamControlItemE]+0x90): undefined reference to `juce::TreeViewItem::itemSelectionChanged(bool)'
/usr/bin/ld: GTS_artefacts/Release/libGTS_SharedCode.a(juce_audio_processors.cpp.o):(.data.rel.ro._ZTVN4juce16ParamControlItemE[_ZTVN4juce16ParamControlItemE]+0x98): undefined reference to `juce::TreeViewItem::ownerViewChanged(juce::TreeView*)'
/usr/bin/ld: GTS_artefacts/Release/libGTS_SharedCode.a(juce_audio_processors.cpp.o):(.data.rel.ro._ZTVN4juce16ParamControlItemE[_ZTVN4juce16ParamControlItemE]+0xa0): undefined reference to `juce::TreeViewItem::getTooltip()'
/usr/bin/ld: GTS_artefacts/Release/libGTS_SharedCode.a(juce_audio_processors.cpp.o):(.data.rel.ro._ZTVN4juce16ParamControlItemE[_ZTVN4juce16ParamControlItemE]+0xa8): undefined reference to `juce::TreeViewItem::getAccessibilityName()'
/usr/bin/ld: GTS_artefacts/Release/libGTS_SharedCode.a(juce_audio_processors.cpp.o):(.data.rel.ro._ZTVN4juce16ParamControlItemE[_ZTVN4juce16ParamControlItemE]+0xb0): undefined reference to `juce::TreeViewItem::getDragSourceDescription()'
/usr/bin/ld: GTS_artefacts/Release/libGTS_SharedCode.a(juce_audio_processors.cpp.o):(.data.rel.ro._ZTVN4juce16ParamControlItemE[_ZTVN4juce16ParamControlItemE]+0xb8): undefined reference to `juce::TreeViewItem::isInterestedInFileDrag(juce::StringArray const&)'
/usr/bin/ld: GTS_artefacts/Release/libGTS_SharedCode.a(juce_audio_processors.cpp.o):(.data.rel.ro._ZTVN4juce16ParamControlItemE[_ZTVN4juce16ParamControlItemE]+0xc0): undefined reference to `juce::TreeViewItem::filesDropped(juce::StringArray const&, int)'
/usr/bin/ld: GTS_artefacts/Release/libGTS_SharedCode.a(juce_audio_processors.cpp.o):(.data.rel.ro._ZTVN4juce16ParamControlItemE[_ZTVN4juce16ParamControlItemE]+0xc8): undefined reference to `juce::TreeViewItem::isInterestedInDragSource(juce::DragAndDropTarget::SourceDetails const&)'
/usr/bin/ld: GTS_artefacts/Release/libGTS_SharedCode.a(juce_audio_processors.cpp.o):(.data.rel.ro._ZTVN4juce16ParamControlItemE[_ZTVN4juce16ParamControlItemE]+0xd0): undefined reference to `juce::TreeViewItem::itemDropped(juce::DragAndDropTarget::SourceDetails const&, int)'
/usr/bin/ld: GTS_artefacts/Release/libGTS_SharedCode.a(juce_audio_processors.cpp.o):(.data.rel.ro._ZTVN4juce18ParameterGroupItemE[_ZTVN4juce18ParameterGroupItemE]+0x28): undefined reference to `juce::TreeViewItem::getUniqueName() const'
/usr/bin/ld: GTS_artefacts/Release/libGTS_SharedCode.a(juce_audio_processors.cpp.o):(.data.rel.ro._ZTVN4juce18ParameterGroupItemE[_ZTVN4juce18ParameterGroupItemE]+0x30): undefined reference to `juce::TreeViewItem::itemOpennessChanged(bool)'
/usr/bin/ld: GTS_artefacts/Release/libGTS_SharedCode.a(juce_audio_processors.cpp.o):(.data.rel.ro._ZTVN4juce18ParameterGroupItemE[_ZTVN4juce18ParameterGroupItemE]+0x58): undefined reference to `juce::TreeViewItem::paintItem(juce::Graphics&, int, int)'
/usr/bin/ld: GTS_artefacts/Release/libGTS_SharedCode.a(juce_audio_processors.cpp.o):(.data.rel.ro._ZTVN4juce18ParameterGroupItemE[_ZTVN4juce18ParameterGroupItemE]+0x60): undefined reference to `juce::TreeViewItem::paintOpenCloseButton(juce::Graphics&, juce::Rectangle<float> const&, juce::Colour, bool)'
/usr/bin/ld: GTS_artefacts/Release/libGTS_SharedCode.a(juce_audio_processors.cpp.o):(.data.rel.ro._ZTVN4juce18ParameterGroupItemE[_ZTVN4juce18ParameterGroupItemE]+0x68): undefined reference to `juce::TreeViewItem::paintHorizontalConnectingLine(juce::Graphics&, juce::Line<float> const&)'
/usr/bin/ld: GTS_artefacts/Release/libGTS_SharedCode.a(juce_audio_processors.cpp.o):(.data.rel.ro._ZTVN4juce18ParameterGroupItemE[_ZTVN4juce18ParameterGroupItemE]+0x70): undefined reference to `juce::TreeViewItem::paintVerticalConnectingLine(juce::Graphics&, juce::Line<float> const&)'
/usr/bin/ld: GTS_artefacts/Release/libGTS_SharedCode.a(juce_audio_processors.cpp.o):(.data.rel.ro._ZTVN4juce18ParameterGroupItemE[_ZTVN4juce18ParameterGroupItemE]+0x80): undefined reference to `juce::TreeViewItem::itemClicked(juce::MouseEvent const&)'
/usr/bin/ld: GTS_artefacts/Release/libGTS_SharedCode.a(juce_audio_processors.cpp.o):(.data.rel.ro._ZTVN4juce18ParameterGroupItemE[_ZTVN4juce18ParameterGroupItemE]+0x88): undefined reference to `juce::TreeViewItem::itemDoubleClicked(juce::MouseEvent const&)'
/usr/bin/ld: GTS_artefacts/Release/libGTS_SharedCode.a(juce_audio_processors.cpp.o):(.data.rel.ro._ZTVN4juce18ParameterGroupItemE[_ZTVN4juce18ParameterGroupItemE]+0x90): undefined reference to `juce::TreeViewItem::itemSelectionChanged(bool)'
/usr/bin/ld: GTS_artefacts/Release/libGTS_SharedCode.a(juce_audio_processors.cpp.o):(.data.rel.ro._ZTVN4juce18ParameterGroupItemE[_ZTVN4juce18ParameterGroupItemE]+0x98): undefined reference to `juce::TreeViewItem::ownerViewChanged(juce::TreeView*)'
/usr/bin/ld: GTS_artefacts/Release/libGTS_SharedCode.a(juce_audio_processors.cpp.o):(.data.rel.ro._ZTVN4juce18ParameterGroupItemE[_ZTVN4juce18ParameterGroupItemE]+0xa0): undefined reference to `juce::TreeViewItem::getTooltip()'
/usr/bin/ld: GTS_artefacts/Release/libGTS_SharedCode.a(juce_audio_processors.cpp.o):(.data.rel.ro._ZTVN4juce18ParameterGroupItemE[_ZTVN4juce18ParameterGroupItemE]+0xa8): undefined reference to `juce::TreeViewItem::getAccessibilityName()'
/usr/bin/ld: GTS_artefacts/Release/libGTS_SharedCode.a(juce_audio_processors.cpp.o):(.data.rel.ro._ZTVN4juce18ParameterGroupItemE[_ZTVN4juce18ParameterGroupItemE]+0xb0): undefined reference to `juce::TreeViewItem::getDragSourceDescription()'
/usr/bin/ld: GTS_artefacts/Release/libGTS_SharedCode.a(juce_audio_processors.cpp.o):(.data.rel.ro._ZTVN4juce18ParameterGroupItemE[_ZTVN4juce18ParameterGroupItemE]+0xb8): undefined reference to `juce::TreeViewItem::isInterestedInFileDrag(juce::StringArray const&)'
/usr/bin/ld: GTS_artefacts/Release/libGTS_SharedCode.a(juce_audio_processors.cpp.o):(.data.rel.ro._ZTVN4juce18ParameterGroupItemE[_ZTVN4juce18ParameterGroupItemE]+0xc0): undefined reference to `juce::TreeViewItem::filesDropped(juce::StringArray const&, int)'
/usr/bin/ld: GTS_artefacts/Release/libGTS_SharedCode.a(juce_audio_processors.cpp.o):(.data.rel.ro._ZTVN4juce18ParameterGroupItemE[_ZTVN4juce18ParameterGroupItemE]+0xc8): undefined reference to `juce::TreeViewItem::isInterestedInDragSource(juce::DragAndDropTarget::SourceDetails const&)'
/usr/bin/ld: GTS_artefacts/Release/libGTS_SharedCode.a(juce_audio_processors.cpp.o):(.data.rel.ro._ZTVN4juce18ParameterGroupItemE[_ZTVN4juce18ParameterGroupItemE]+0xd0): undefined reference to `juce::TreeViewItem::itemDropped(juce::DragAndDropTarget::SourceDetails const&, int)'
/usr/bin/ld: GTS_artefacts/Release/libGTS_SharedCode.a(juce_audio_processors.cpp.o):(.data.rel.ro._ZTVN4juce27GenericAudioProcessorEditorE[_ZTVN4juce27GenericAudioProcessorEditorE]+0x20): undefined reference to `juce::Component::mouseMove(juce::MouseEvent const&)'
/usr/bin/ld: GTS_artefacts/Release/libGTS_SharedCode.a(juce_audio_processors.cpp.o):(.data.rel.ro._ZTVN4juce27GenericAudioProcessorEditorE[_ZTVN4juce27GenericAudioProcessorEditorE]+0x28): undefined reference to `juce::Component::mouseEnter(juce::MouseEvent const&)'
/usr/bin/ld: GTS_artefacts/Release/libGTS_SharedCode.a(juce_audio_processors.cpp.o):(.data.rel.ro._ZTVN4juce27GenericAudioProcessorEditorE[_ZTVN4juce27GenericAudioProcessorEditorE]+0x30): undefined reference to `juce::Component::mouseExit(juce::MouseEvent const&)'
/usr/bin/ld: GTS_artefacts/Release/libGTS_SharedCode.a(juce_audio_processors.cpp.o):(.data.rel.ro._ZTVN4juce27GenericAudioProcessorEditorE[_ZTVN4juce27GenericAudioProcessorEditorE]+0x38): undefined reference to `juce::Component::mouseDown(juce::MouseEvent const&)'
/usr/bin/ld: GTS_artefacts/Release/libGTS_SharedCode.a(juce_audio_processors.cpp.o):(.data.rel.ro._ZTVN4juce27GenericAudioProcessorEditorE[_ZTVN4juce27GenericAudioProcessorEditorE]+0x40): undefined reference to `juce::Component::mouseDrag(juce::MouseEvent const&)'
/usr/bin/ld: GTS_artefacts/Release/libGTS_SharedCode.a(juce_audio_processors.cpp.o):(.data.rel.ro._ZTVN4juce27GenericAudioProcessorEditorE[_ZTVN4juce27GenericAudioProcessorEditorE]+0x48): undefined reference to `juce::Component::mouseUp(juce::MouseEvent const&)'
/usr/bin/ld: GTS_artefacts/Release/libGTS_SharedCode.a(juce_audio_processors.cpp.o):(.data.rel.ro._ZTVN4juce27GenericAudioProcessorEditorE[_ZTVN4juce27GenericAudioProcessorEditorE]+0x50): undefined reference to `juce::Component::mouseDoubleClick(juce::MouseEvent const&)'
/usr/bin/ld: GTS_artefacts/Release/libGTS_SharedCode.a(juce_audio_processors.cpp.o):(.data.rel.ro._ZTVN4juce27GenericAudioProcessorEditorE[_ZTVN4juce27GenericAudioProcessorEditorE]+0x58): undefined reference to `juce::Component::mouseWheelMove(juce::MouseEvent const&, juce::MouseWheelDetails const&)'
/usr/bin/ld: GTS_artefacts/Release/libGTS_SharedCode.a(juce_audio_processors.cpp.o):(.data.rel.ro._ZTVN4juce27GenericAudioProcessorEditorE[_ZTVN4juce27GenericAudioProcessorEditorE]+0x60): undefined reference to `juce::Component::mouseMagnify(juce::MouseEvent const&, float)'
/usr/bin/ld: GTS_artefacts/Release/libGTS_SharedCode.a(juce_audio_processors.cpp.o):(.data.rel.ro._ZTVN4juce27GenericAudioProcessorEditorE[_ZTVN4juce27GenericAudioProcessorEditorE]+0x68): undefined reference to `juce::Component::setName(juce::String const&)'
/usr/bin/ld: GTS_artefacts/Release/libGTS_SharedCode.a(juce_audio_processors.cpp.o):(.data.rel.ro._ZTVN4juce27GenericAudioProcessorEditorE[_ZTVN4juce27GenericAudioProcessorEditorE]+0x70): undefined reference to `juce::Component::setVisible(bool)'
/usr/bin/ld: GTS_artefacts/Release/libGTS_SharedCode.a(juce_audio_processors.cpp.o):(.data.rel.ro._ZTVN4juce27GenericAudioProcessorEditorE[_ZTVN4juce27GenericAudioProcessorEditorE]+0x78): undefined reference to `juce::Component::visibilityChanged()'
/usr/bin/ld: GTS_artefacts/Release/libGTS_SharedCode.a(juce_audio_processors.cpp.o):(.data.rel.ro._ZTVN4juce27GenericAudioProcessorEditorE[_ZTVN4juce27GenericAudioProcessorEditorE]+0x80): undefined reference to `juce::Component::addToDesktop(int, void*)'
/usr/bin/ld: GTS_artefacts/Release/libGTS_SharedCode.a(juce_audio_processors.cpp.o):(.data.rel.ro._ZTVN4juce27GenericAudioProcessorEditorE[_ZTVN4juce27GenericAudioProcessorEditorE]+0x88): undefined reference to `juce::Component::userTriedToCloseWindow()'
/usr/bin/ld: GTS_artefacts/Release/libGTS_SharedCode.a(juce_audio_processors.cpp.o):(.data.rel.ro._ZTVN4juce27GenericAudioProcessorEditorE[_ZTVN4juce27GenericAudioProcessorEditorE]+0x90): undefined reference to `juce::Component::minimisationStateChanged(bool)'
/usr/bin/ld: GTS_artefacts/Release/libGTS_SharedCode.a(juce_audio_processors.cpp.o):(.data.rel.ro._ZTVN4juce27GenericAudioProcessorEditorE[_ZTVN4juce27GenericAudioProcessorEditorE]+0x98): undefined reference to `juce::Component::getDesktopScaleFactor() const'
/usr/bin/ld: GTS_artefacts/Release/libGTS_SharedCode.a(juce_audio_processors.cpp.o):(.data.rel.ro._ZTVN4juce27GenericAudioProcessorEditorE[_ZTVN4juce27GenericAudioProcessorEditorE]+0xa0): undefined reference to `juce::Component::parentHierarchyChanged()'
/usr/bin/ld: GTS_artefacts/Release/libGTS_SharedCode.a(juce_audio_processors.cpp.o):(.data.rel.ro._ZTVN4juce27GenericAudioProcessorEditorE[_ZTVN4juce27GenericAudioProcessorEditorE]+0xa8): undefined reference to `juce::Component::childrenChanged()'
/usr/bin/ld: GTS_artefacts/Release/libGTS_SharedCode.a(juce_audio_processors.cpp.o):(.data.rel.ro._ZTVN4juce27GenericAudioProcessorEditorE[_ZTVN4juce27GenericAudioProcessorEditorE]+0xb0): undefined reference to `juce::Component::hitTest(int, int)'
/usr/bin/ld: GTS_artefacts/Release/libGTS_SharedCode.a(juce_audio_processors.cpp.o):(.data.rel.ro._ZTVN4juce27GenericAudioProcessorEditorE[_ZTVN4juce27GenericAudioProcessorEditorE]+0xd8): undefined reference to `juce::Component::lookAndFeelChanged()'
/usr/bin/ld: GTS_artefacts/Release/libGTS_SharedCode.a(juce_audio_processors.cpp.o):(.data.rel.ro._ZTVN4juce27GenericAudioProcessorEditorE[_ZTVN4juce27GenericAudioProcessorEditorE]+0xe0): undefined reference to `juce::Component::createFocusTraverser()'
/usr/bin/ld: GTS_artefacts/Release/libGTS_SharedCode.a(juce_audio_processors.cpp.o):(.data.rel.ro._ZTVN4juce27GenericAudioProcessorEditorE[_ZTVN4juce27GenericAudioProcessorEditorE]+0xe8): undefined reference to `juce::Component::createKeyboardFocusTraverser()'
/usr/bin/ld: GTS_artefacts/Release/libGTS_SharedCode.a(juce_audio_processors.cpp.o):(.data.rel.ro._ZTVN4juce27GenericAudioProcessorEditorE[_ZTVN4juce27GenericAudioProcessorEditorE]+0xf0): undefined reference to `juce::Component::enablementChanged()'
/usr/bin/ld: GTS_artefacts/Release/libGTS_SharedCode.a(juce_audio_processors.cpp.o):(.data.rel.ro._ZTVN4juce27GenericAudioProcessorEditorE[_ZTVN4juce27GenericAudioProcessorEditorE]+0xf8): undefined reference to `juce::Component::alphaChanged()'
/usr/bin/ld: GTS_artefacts/Release/libGTS_SharedCode.a(juce_audio_processors.cpp.o):(.data.rel.ro._ZTVN4juce27GenericAudioProcessorEditorE[_ZTVN4juce27GenericAudioProcessorEditorE]+0x100): undefined reference to `juce::Component::getMouseCursor()'
/usr/bin/ld: GTS_artefacts/Release/libGTS_SharedCode.a(juce_audio_processors.cpp.o):(.data.rel.ro._ZTVN4juce27GenericAudioProcessorEditorE[_ZTVN4juce27GenericAudioProcessorEditorE]+0x110): undefined reference to `juce::Component::paintOverChildren(juce::Graphics&)'
/usr/bin/ld: GTS_artefacts/Release/libGTS_SharedCode.a(juce_audio_processors.cpp.o):(.data.rel.ro._ZTVN4juce27GenericAudioProcessorEditorE[_ZTVN4juce27GenericAudioProcessorEditorE]+0x118): undefined reference to `juce::Component::keyPressed(juce::KeyPress const&)'
/usr/bin/ld: GTS_artefacts/Release/libGTS_SharedCode.a(juce_audio_processors.cpp.o):(.data.rel.ro._ZTVN4juce27GenericAudioProcessorEditorE[_ZTVN4juce27GenericAudioProcessorEditorE]+0x120): undefined reference to `juce::Component::keyStateChanged(bool)'
/usr/bin/ld: GTS_artefacts/Release/libGTS_SharedCode.a(juce_audio_processors.cpp.o):(.data.rel.ro._ZTVN4juce27GenericAudioProcessorEditorE[_ZTVN4juce27GenericAudioProcessorEditorE]+0x128): undefined reference to `juce::Component::modifierKeysChanged(juce::ModifierKeys const&)'
/usr/bin/ld: GTS_artefacts/Release/libGTS_SharedCode.a(juce_audio_processors.cpp.o):(.data.rel.ro._ZTVN4juce27GenericAudioProcessorEditorE[_ZTVN4juce27GenericAudioProcessorEditorE]+0x130): undefined reference to `juce::Component::focusGained(juce::Component::FocusChangeType)'
/usr/bin/ld: GTS_artefacts/Release/libGTS_SharedCode.a(juce_audio_processors.cpp.o):(.data.rel.ro._ZTVN4juce27GenericAudioProcessorEditorE[_ZTVN4juce27GenericAudioProcessorEditorE]+0x138): undefined reference to `juce::Component::focusGainedWithDirection(juce::Component::FocusChangeType, juce::Component::FocusChangeDirection)'
/usr/bin/ld: GTS_artefacts/Release/libGTS_SharedCode.a(juce_audio_processors.cpp.o):(.data.rel.ro._ZTVN4juce27GenericAudioProcessorEditorE[_ZTVN4juce27GenericAudioProcessorEditorE]+0x140): undefined reference to `juce::Component::focusLost(juce::Component::FocusChangeType)'
/usr/bin/ld: GTS_artefacts/Release/libGTS_SharedCode.a(juce_audio_processors.cpp.o):(.data.rel.ro._ZTVN4juce27GenericAudioProcessorEditorE[_ZTVN4juce27GenericAudioProcessorEditorE]+0x148): undefined reference to `juce::Component::focusOfChildComponentChanged(juce::Component::FocusChangeType)'
/usr/bin/ld: GTS_artefacts/Release/libGTS_SharedCode.a(juce_audio_processors.cpp.o):(.data.rel.ro._ZTVN4juce27GenericAudioProcessorEditorE[_ZTVN4juce27GenericAudioProcessorEditorE]+0x158): undefined reference to `juce::Component::moved()'
/usr/bin/ld: GTS_artefacts/Release/libGTS_SharedCode.a(juce_audio_processors.cpp.o):(.data.rel.ro._ZTVN4juce27GenericAudioProcessorEditorE[_ZTVN4juce27GenericAudioProcessorEditorE]+0x160): undefined reference to `juce::Component::childBoundsChanged(juce::Component*)'
/usr/bin/ld: GTS_artefacts/Release/libGTS_SharedCode.a(juce_audio_processors.cpp.o):(.data.rel.ro._ZTVN4juce27GenericAudioProcessorEditorE[_ZTVN4juce27GenericAudioProcessorEditorE]+0x168): undefined reference to `juce::Component::parentSizeChanged()'
/usr/bin/ld: GTS_artefacts/Release/libGTS_SharedCode.a(juce_audio_processors.cpp.o):(.data.rel.ro._ZTVN4juce27GenericAudioProcessorEditorE[_ZTVN4juce27GenericAudioProcessorEditorE]+0x170): undefined reference to `juce::Component::broughtToFront()'
/usr/bin/ld: GTS_artefacts/Release/libGTS_SharedCode.a(juce_audio_processors.cpp.o):(.data.rel.ro._ZTVN4juce27GenericAudioProcessorEditorE[_ZTVN4juce27GenericAudioProcessorEditorE]+0x178): undefined reference to `juce::Component::handleCommandMessage(int)'
/usr/bin/ld: GTS_artefacts/Release/libGTS_SharedCode.a(juce_audio_processors.cpp.o):(.data.rel.ro._ZTVN4juce27GenericAudioProcessorEditorE[_ZTVN4juce27GenericAudioProcessorEditorE]+0x180): undefined reference to `juce::Component::canModalEventBeSentToComponent(juce::Component const*)'
/usr/bin/ld: GTS_artefacts/Release/libGTS_SharedCode.a(juce_audio_processors.cpp.o):(.data.rel.ro._ZTVN4juce27GenericAudioProcessorEditorE[_ZTVN4juce27GenericAudioProcessorEditorE]+0x188): undefined reference to `juce::Component::inputAttemptWhenModal()'
/usr/bin/ld: GTS_artefacts/Release/libGTS_SharedCode.a(juce_audio_processors.cpp.o):(.data.rel.ro._ZTVN4juce27GenericAudioProcessorEditorE[_ZTVN4juce27GenericAudioProcessorEditorE]+0x190): undefined reference to `juce::Component::colourChanged()'
/usr/bin/ld: GTS_artefacts/Release/libGTS_SharedCode.a(juce_audio_processors.cpp.o):(.data.rel.ro._ZTVN4juce27GenericAudioProcessorEditorE[_ZTVN4juce27GenericAudioProcessorEditorE]+0x198): undefined reference to `juce::Component::createAccessibilityHandler()'
/usr/bin/ld: GTS_artefacts/Release/libGTS_SharedCode.a(juce_audio_processors.cpp.o):(.data.rel.ro._ZTVN4juce19PluginListComponent10TableModelE[_ZTVN4juce19PluginListComponent10TableModelE]+0x38): undefined reference to `juce::TableListBoxModel::refreshComponentForCell(int, int, bool, juce::Component*)'
/usr/bin/ld: GTS_artefacts/Release/libGTS_SharedCode.a(juce_audio_processors.cpp.o):(.data.rel.ro._ZTVN4juce19PluginListComponent10TableModelE[_ZTVN4juce19PluginListComponent10TableModelE]+0x48): undefined reference to `juce::TableListBoxModel::cellDoubleClicked(int, int, juce::MouseEvent const&)'
/usr/bin/ld: GTS_artefacts/Release/libGTS_SharedCode.a(juce_audio_processors.cpp.o):(.data.rel.ro._ZTVN4juce19PluginListComponent10TableModelE[_ZTVN4juce19PluginListComponent10TableModelE]+0x50): undefined reference to `juce::TableListBoxModel::backgroundClicked(juce::MouseEvent const&)'
/usr/bin/ld: GTS_artefacts/Release/libGTS_SharedCode.a(juce_audio_processors.cpp.o):(.data.rel.ro._ZTVN4juce19PluginListComponent10TableModelE[_ZTVN4juce19PluginListComponent10TableModelE]+0x60): undefined reference to `juce::TableListBoxModel::getColumnAutoSizeWidth(int)'
/usr/bin/ld: GTS_artefacts/Release/libGTS_SharedCode.a(juce_audio_processors.cpp.o):(.data.rel.ro._ZTVN4juce19PluginListComponent10TableModelE[_ZTVN4juce19PluginListComponent10TableModelE]+0x68): undefined reference to `juce::TableListBoxModel::getCellTooltip(int, int)'
/usr/bin/ld: GTS_artefacts/Release/libGTS_SharedCode.a(juce_audio_processors.cpp.o):(.data.rel.ro._ZTVN4juce19PluginListComponent10TableModelE[_ZTVN4juce19PluginListComponent10TableModelE]+0x70): undefined reference to `juce::TableListBoxModel::selectedRowsChanged(int)'
/usr/bin/ld: GTS_artefacts/Release/libGTS_SharedCode.a(juce_audio_processors.cpp.o):(.data.rel.ro._ZTVN4juce19PluginListComponent10TableModelE[_ZTVN4juce19PluginListComponent10TableModelE]+0x80): undefined reference to `juce::TableListBoxModel::returnKeyPressed(int)'
/usr/bin/ld: GTS_artefacts/Release/libGTS_SharedCode.a(juce_audio_processors.cpp.o):(.data.rel.ro._ZTVN4juce19PluginListComponent10TableModelE[_ZTVN4juce19PluginListComponent10TableModelE]+0x88): undefined reference to `juce::TableListBoxModel::listWasScrolled()'
/usr/bin/ld: GTS_artefacts/Release/libGTS_SharedCode.a(juce_audio_processors.cpp.o):(.data.rel.ro._ZTVN4juce19PluginListComponent10TableModelE[_ZTVN4juce19PluginListComponent10TableModelE]+0x90): undefined reference to `juce::TableListBoxModel::getDragSourceDescription(juce::SparseSet<int> const&)'
/usr/bin/ld: GTS_artefacts/Release/libGTS_SharedCode.a(juce_audio_processors.cpp.o):(.data.rel.ro._ZTVN4juce19PluginListComponentE[_ZTVN4juce19PluginListComponentE]+0x20): undefined reference to `juce::Component::mouseMove(juce::MouseEvent const&)'
/usr/bin/ld: GTS_artefacts/Release/libGTS_SharedCode.a(juce_audio_processors.cpp.o):(.data.rel.ro._ZTVN4juce19PluginListComponentE[_ZTVN4juce19PluginListComponentE]+0x28): undefined reference to `juce::Component::mouseEnter(juce::MouseEvent const&)'
/usr/bin/ld: GTS_artefacts/Release/libGTS_SharedCode.a(juce_audio_processors.cpp.o):(.data.rel.ro._ZTVN4juce19PluginListComponentE[_ZTVN4juce19PluginListComponentE]+0x30): undefined reference to `juce::Component::mouseExit(juce::MouseEvent const&)'
/usr/bin/ld: GTS_artefacts/Release/libGTS_SharedCode.a(juce_audio_processors.cpp.o):(.data.rel.ro._ZTVN4juce19PluginListComponentE[_ZTVN4juce19PluginListComponentE]+0x38): undefined reference to `juce::Component::mouseDown(juce::MouseEvent const&)'
/usr/bin/ld: GTS_artefacts/Release/libGTS_SharedCode.a(juce_audio_processors.cpp.o):(.data.rel.ro._ZTVN4juce19PluginListComponentE[_ZTVN4juce19PluginListComponentE]+0x40): undefined reference to `juce::Component::mouseDrag(juce::MouseEvent const&)'
/usr/bin/ld: GTS_artefacts/Release/libGTS_SharedCode.a(juce_audio_processors.cpp.o):(.data.rel.ro._ZTVN4juce19PluginListComponentE[_ZTVN4juce19PluginListComponentE]+0x48): undefined reference to `juce::Component::mouseUp(juce::MouseEvent const&)'
/usr/bin/ld: GTS_artefacts/Release/libGTS_SharedCode.a(juce_audio_processors.cpp.o):(.data.rel.ro._ZTVN4juce19PluginListComponentE[_ZTVN4juce19PluginListComponentE]+0x50): undefined reference to `juce::Component::mouseDoubleClick(juce::MouseEvent const&)'
/usr/bin/ld: GTS_artefacts/Release/libGTS_SharedCode.a(juce_audio_processors.cpp.o):(.data.rel.ro._ZTVN4juce19PluginListComponentE[_ZTVN4juce19PluginListComponentE]+0x58): undefined reference to `juce::Component::mouseWheelMove(juce::MouseEvent const&, juce::MouseWheelDetails const&)'
/usr/bin/ld: GTS_artefacts/Release/libGTS_SharedCode.a(juce_audio_processors.cpp.o):(.data.rel.ro._ZTVN4juce19PluginListComponentE[_ZTVN4juce19PluginListComponentE]+0x60): undefined reference to `juce::Component::mouseMagnify(juce::MouseEvent const&, float)'
/usr/bin/ld: GTS_artefacts/Release/libGTS_SharedCode.a(juce_audio_processors.cpp.o):(.data.rel.ro._ZTVN4juce19PluginListComponentE[_ZTVN4juce19PluginListComponentE]+0x68): undefined reference to `juce::Component::setName(juce::String const&)'
/usr/bin/ld: GTS_artefacts/Release/libGTS_SharedCode.a(juce_audio_processors.cpp.o):(.data.rel.ro._ZTVN4juce19PluginListComponentE[_ZTVN4juce19PluginListComponentE]+0x70): undefined reference to `juce::Component::setVisible(bool)'
/usr/bin/ld: GTS_artefacts/Release/libGTS_SharedCode.a(juce_audio_processors.cpp.o):(.data.rel.ro._ZTVN4juce19PluginListComponentE[_ZTVN4juce19PluginListComponentE]+0x78): undefined reference to `juce::Component::visibilityChanged()'
/usr/bin/ld: GTS_artefacts/Release/libGTS_SharedCode.a(juce_audio_processors.cpp.o):(.data.rel.ro._ZTVN4juce19PluginListComponentE[_ZTVN4juce19PluginListComponentE]+0x80): undefined reference to `juce::Component::addToDesktop(int, void*)'
/usr/bin/ld: GTS_artefacts/Release/libGTS_SharedCode.a(juce_audio_processors.cpp.o):(.data.rel.ro._ZTVN4juce19PluginListComponentE[_ZTVN4juce19PluginListComponentE]+0x88): undefined reference to `juce::Component::userTriedToCloseWindow()'
/usr/bin/ld: GTS_artefacts/Release/libGTS_SharedCode.a(juce_audio_processors.cpp.o):(.data.rel.ro._ZTVN4juce19PluginListComponentE[_ZTVN4juce19PluginListComponentE]+0x90): undefined reference to `juce::Component::minimisationStateChanged(bool)'
/usr/bin/ld: GTS_artefacts/Release/libGTS_SharedCode.a(juce_audio_processors.cpp.o):(.data.rel.ro._ZTVN4juce19PluginListComponentE[_ZTVN4juce19PluginListComponentE]+0x98): undefined reference to `juce::Component::getDesktopScaleFactor() const'
/usr/bin/ld: GTS_artefacts/Release/libGTS_SharedCode.a(juce_audio_processors.cpp.o):(.data.rel.ro._ZTVN4juce19PluginListComponentE[_ZTVN4juce19PluginListComponentE]+0xa0): undefined reference to `juce::Component::parentHierarchyChanged()'
/usr/bin/ld: GTS_artefacts/Release/libGTS_SharedCode.a(juce_audio_processors.cpp.o):(.data.rel.ro._ZTVN4juce19PluginListComponentE[_ZTVN4juce19PluginListComponentE]+0xa8): undefined reference to `juce::Component::childrenChanged()'
/usr/bin/ld: GTS_artefacts/Release/libGTS_SharedCode.a(juce_audio_processors.cpp.o):(.data.rel.ro._ZTVN4juce19PluginListComponentE[_ZTVN4juce19PluginListComponentE]+0xb0): undefined reference to `juce::Component::hitTest(int, int)'
/usr/bin/ld: GTS_artefacts/Release/libGTS_SharedCode.a(juce_audio_processors.cpp.o):(.data.rel.ro._ZTVN4juce19PluginListComponentE[_ZTVN4juce19PluginListComponentE]+0xd8): undefined reference to `juce::Component::lookAndFeelChanged()'
/usr/bin/ld: GTS_artefacts/Release/libGTS_SharedCode.a(juce_audio_processors.cpp.o):(.data.rel.ro._ZTVN4juce19PluginListComponentE[_ZTVN4juce19PluginListComponentE]+0xe0): undefined reference to `juce::Component::createFocusTraverser()'
/usr/bin/ld: GTS_artefacts/Release/libGTS_SharedCode.a(juce_audio_processors.cpp.o):(.data.rel.ro._ZTVN4juce19PluginListComponentE[_ZTVN4juce19PluginListComponentE]+0xe8): undefined reference to `juce::Component::createKeyboardFocusTraverser()'
/usr/bin/ld: GTS_artefacts/Release/libGTS_SharedCode.a(juce_audio_processors.cpp.o):(.data.rel.ro._ZTVN4juce19PluginListComponentE[_ZTVN4juce19PluginListComponentE]+0xf0): undefined reference to `juce::Component::enablementChanged()'
/usr/bin/ld: GTS_artefacts/Release/libGTS_SharedCode.a(juce_audio_processors.cpp.o):(.data.rel.ro._ZTVN4juce19PluginListComponentE[_ZTVN4juce19PluginListComponentE]+0xf8): undefined reference to `juce::Component::alphaChanged()'
/usr/bin/ld: GTS_artefacts/Release/libGTS_SharedCode.a(juce_audio_processors.cpp.o):(.data.rel.ro._ZTVN4juce19PluginListComponentE[_ZTVN4juce19PluginListComponentE]+0x100): undefined reference to `juce::Component::getMouseCursor()'
/usr/bin/ld: GTS_artefacts/Release/libGTS_SharedCode.a(juce_audio_processors.cpp.o):(.data.rel.ro._ZTVN4juce19PluginListComponentE[_ZTVN4juce19PluginListComponentE]+0x108): undefined reference to `juce::Component::paint(juce::Graphics&)'
/usr/bin/ld: GTS_artefacts/Release/libGTS_SharedCode.a(juce_audio_processors.cpp.o):(.data.rel.ro._ZTVN4juce19PluginListComponentE[_ZTVN4juce19PluginListComponentE]+0x110): undefined reference to `juce::Component::paintOverChildren(juce::Graphics&)'
/usr/bin/ld: GTS_artefacts/Release/libGTS_SharedCode.a(juce_audio_processors.cpp.o):(.data.rel.ro._ZTVN4juce19PluginListComponentE[_ZTVN4juce19PluginListComponentE]+0x118): undefined reference to `juce::Component::keyPressed(juce::KeyPress const&)'
/usr/bin/ld: GTS_artefacts/Release/libGTS_SharedCode.a(juce_audio_processors.cpp.o):(.data.rel.ro._ZTVN4juce19PluginListComponentE[_ZTVN4juce19PluginListComponentE]+0x120): undefined reference to `juce::Component::keyStateChanged(bool)'
/usr/bin/ld: GTS_artefacts/Release/libGTS_SharedCode.a(juce_audio_processors.cpp.o):(.data.rel.ro._ZTVN4juce19PluginListComponentE[_ZTVN4juce19PluginListComponentE]+0x128): undefined reference to `juce::Component::modifierKeysChanged(juce::ModifierKeys const&)'
/usr/bin/ld: GTS_artefacts/Release/libGTS_SharedCode.a(juce_audio_processors.cpp.o):(.data.rel.ro._ZTVN4juce19PluginListComponentE[_ZTVN4juce19PluginListComponentE]+0x130): undefined reference to `juce::Component::focusGained(juce::Component::FocusChangeType)'
/usr/bin/ld: GTS_artefacts/Release/libGTS_SharedCode.a(juce_audio_processors.cpp.o):(.data.rel.ro._ZTVN4juce19PluginListComponentE[_ZTVN4juce19PluginListComponentE]+0x138): undefined reference to `juce::Component::focusGainedWithDirection(juce::Component::FocusChangeType, juce::Component::FocusChangeDirection)'
/usr/bin/ld: GTS_artefacts/Release/libGTS_SharedCode.a(juce_audio_processors.cpp.o):(.data.rel.ro._ZTVN4juce19PluginListComponentE[_ZTVN4juce19PluginListComponentE]+0x140): undefined reference to `juce::Component::focusLost(juce::Component::FocusChangeType)'
/usr/bin/ld: GTS_artefacts/Release/libGTS_SharedCode.a(juce_audio_processors.cpp.o):(.data.rel.ro._ZTVN4juce19PluginListComponentE[_ZTVN4juce19PluginListComponentE]+0x148): undefined reference to `juce::Component::focusOfChildComponentChanged(juce::Component::FocusChangeType)'
/usr/bin/ld: GTS_artefacts/Release/libGTS_SharedCode.a(juce_audio_processors.cpp.o):(.data.rel.ro._ZTVN4juce19PluginListComponentE[_ZTVN4juce19PluginListComponentE]+0x158): undefined reference to `juce::Component::moved()'
/usr/bin/ld: GTS_artefacts/Release/libGTS_SharedCode.a(juce_audio_processors.cpp.o):(.data.rel.ro._ZTVN4juce19PluginListComponentE[_ZTVN4juce19PluginListComponentE]+0x160): undefined reference to `juce::Component::childBoundsChanged(juce::Component*)'
/usr/bin/ld: GTS_artefacts/Release/libGTS_SharedCode.a(juce_audio_processors.cpp.o):(.data.rel.ro._ZTVN4juce19PluginListComponentE[_ZTVN4juce19PluginListComponentE]+0x168): undefined reference to `juce::Component::parentSizeChanged()'
/usr/bin/ld: GTS_artefacts/Release/libGTS_SharedCode.a(juce_audio_processors.cpp.o):(.data.rel.ro._ZTVN4juce19PluginListComponentE[_ZTVN4juce19PluginListComponentE]+0x170): undefined reference to `juce::Component::broughtToFront()'
/usr/bin/ld: GTS_artefacts/Release/libGTS_SharedCode.a(juce_audio_processors.cpp.o):(.data.rel.ro._ZTVN4juce19PluginListComponentE[_ZTVN4juce19PluginListComponentE]+0x178): undefined reference to `juce::Component::handleCommandMessage(int)'
/usr/bin/ld: GTS_artefacts/Release/libGTS_SharedCode.a(juce_audio_processors.cpp.o):(.data.rel.ro._ZTVN4juce19PluginListComponentE[_ZTVN4juce19PluginListComponentE]+0x180): undefined reference to `juce::Component::canModalEventBeSentToComponent(juce::Component const*)'
/usr/bin/ld: GTS_artefacts/Release/libGTS_SharedCode.a(juce_audio_processors.cpp.o):(.data.rel.ro._ZTVN4juce19PluginListComponentE[_ZTVN4juce19PluginListComponentE]+0x188): undefined reference to `juce::Component::inputAttemptWhenModal()'
/usr/bin/ld: GTS_artefacts/Release/libGTS_SharedCode.a(juce_audio_processors.cpp.o):(.data.rel.ro._ZTVN4juce19PluginListComponentE[_ZTVN4juce19PluginListComponentE]+0x190): undefined reference to `juce::Component::colourChanged()'
/usr/bin/ld: GTS_artefacts/Release/libGTS_SharedCode.a(juce_audio_processors.cpp.o):(.data.rel.ro._ZTVN4juce19PluginListComponentE[_ZTVN4juce19PluginListComponentE]+0x198): undefined reference to `juce::Component::createAccessibilityHandler()'
/usr/bin/ld: GTS_artefacts/Release/libGTS_SharedCode.a(juce_audio_processors.cpp.o):(.data.rel.ro._ZTVN4juce19PluginListComponentE[_ZTVN4juce19PluginListComponentE]+0x1a0): undefined reference to `juce::Component::createNewPeer(int, void*)'
/usr/bin/ld: GTS_artefacts/Release/libGTS_SharedCode.a(juce_audio_processors.cpp.o):(.data.rel.ro._ZTVN4juce19PluginListComponentE[_ZTVN4juce19PluginListComponentE]+0x1e8): undefined reference to `juce::FileDragAndDropTarget::fileDragEnter(juce::StringArray const&, int, int)'
/usr/bin/ld: GTS_artefacts/Release/libGTS_SharedCode.a(juce_audio_processors.cpp.o):(.data.rel.ro._ZTVN4juce19PluginListComponentE[_ZTVN4juce19PluginListComponentE]+0x1f0): undefined reference to `juce::FileDragAndDropTarget::fileDragMove(juce::StringArray const&, int, int)'
/usr/bin/ld: GTS_artefacts/Release/libGTS_SharedCode.a(juce_audio_processors.cpp.o):(.data.rel.ro._ZTVN4juce19PluginListComponentE[_ZTVN4juce19PluginListComponentE]+0x1f8): undefined reference to `juce::FileDragAndDropTarget::fileDragExit(juce::StringArray const&)'
collect2: error: ld returned 1 exit status
ninja: build stopped: subcommand failed.

=== Building Gaussian Transient Shaper (GTS) (GTS) ===
+ cmake -S /workspace/scratch/286141ad5a40/repo-checkout/cmake/plugin -B /workspace/scratch/286141ad5a40/repo-checkout/build/linux/GTS -DZA_ROOT=/workspace/scratch/286141ad5a40/repo-checkout -DPLUGIN_NAME=Gaussian Transient Shaper (GTS) -DPLUGIN_SLUG=GTS -DPLUGIN_CODE=GTS1 -DMANUFACTURER_NAME=ZorakAudio -DMANUFACTURER_CODE=Zrak -DBUNDLE_ID=com.zorakaudio.experimental.gts -DPLUGIN_VERSION=0.0.0 -DPLUGIN_TYPE=faust -DPLUGIN_DSP=/workspace/scratch/286141ad5a40/repo-checkout/plugins/Dynamics/GTS/src/Gaussian Transient Shaper (GTS).dsp -DPLUGIN_JSFX_OBJ= -DPLUGIN_KIND=audio_effect -DPLUGIN_IS_SYNTH=OFF -DPLUGIN_NEEDS_MIDI_INPUT=OFF -DPLUGIN_NEEDS_MIDI_OUTPUT=OFF -DPLUGIN_IS_MIDI_EFFECT=OFF -DZA_JSFX_CORRECTNESS_CHECK=OFF -DZA_NATIVE_GFX_LEGACY=OFF -DZA_ENABLE_CLAP=ON -DCLAP_ID=com.zorakaudio.experimental.gts -DCLAP_FEATURES=audio-effect -G Ninja -DCMAKE_BUILD_TYPE=Release
+ cmake --build /workspace/scratch/286141ad5a40/repo-checkout/build/linux/GTS --config Release
Traceback (most recent call last):
  File "/workspace/scratch/286141ad5a40/repo-checkout/scripts/build.py", line 666, in <module>
    main()
  File "/workspace/scratch/286141ad5a40/repo-checkout/scripts/build.py", line 608, in main
    run(["cmake", "--build", str(cmake_build), "--config", args.config])
  File "/workspace/scratch/286141ad5a40/repo-checkout/scripts/build.py", line 113, in run
    subprocess.check_call(cmd, cwd=str(cwd) if cwd else None)
  File "/opt/codex/runtimes/codex-primary-runtime/dependencies/python/lib/python3.12/subprocess.py", line 413, in check_call
    raise CalledProcessError(retcode, cmd)
subprocess.CalledProcessError: Command '['cmake', '--build', '/workspace/scratch/286141ad5a40/repo-checkout/build/linux/GTS', '--config', 'Release']' returned non-zero exit status 1.
