-- JSFX AOT inferred capabilities: kind=audio_effect midi_in=OFF midi_out=OFF synth=OFF midi_effect=OFF
-- The C compiler identification is GNU 13.3.0
-- The CXX compiler identification is GNU 13.3.0
-- Detecting C compiler ABI info
-- Detecting C compiler ABI info - done
-- Check for working C compiler: /usr/bin/cc - skipped
-- Detecting C compile features
-- Detecting C compile features - done
-- Detecting CXX compiler ABI info
-- Detecting CXX compiler ABI info - done
-- Check for working CXX compiler: /usr/bin/c++ - skipped
-- Detecting CXX compile features
-- Detecting CXX compile features - done
-- Found PkgConfig: /usr/bin/pkg-config (found version "1.8.1")
-- Checking for module 'alsa'
--   Found alsa, version 1.2.11
-- Checking for modules 'freetype2;fontconfig'
--   Found freetype2, version 26.1.20
--   Found fontconfig, version 2.15.0
-- Checking for module 'gl'
--   Found gl, version 1.2
-- Checking for module 'libcurl'
--   Found libcurl, version 8.5.0
-- Checking for modules 'webkit2gtk-4.0;gtk+-x11-3.0'
--   Package 'webkit2gtk-4.0', required by 'virtual:world', not found
--   Package 'gtk+-x11-3.0', required by 'virtual:world', not found
-- Configuring juceaide
-- Building juceaide
-- Exporting juceaide
-- Testing juceaide
-- Finished setting up juceaide
-- Building CLAP with CLAP_CXX_STANDARD=20
-- CLAP version: 1.2.0
CMake Warning (policy) at /workspace/scratch/286141ad5a40/repo-checkout/libs/clap-juce-extensions/clap-libs/clap-helpers/CMakeLists.txt:90 (install):
  Policy CMP0177 is not set: install() DESTINATION paths are normalized.  Run
  "cmake --help-policy CMP0177" for policy details.  Use the cmake_policy
  command to set the policy and suppress this warning.
This warning is for project developers.  Use -Wno-author or -Wno-policy to
suppress it.

-- Creating CLAP joep_bandjoiner_CLAP from joep_bandjoiner
-- Setting Misbehaviour handler level to 'Ignore'
-- Setting Checking handler level to 'Minimal'
-- Setting event resolution to 0 samples (no sample-accurate automation)
-- Setting "Always split block" to OFF
-- Setting "Use JUCE parameter ranges" to OFF
-- Configuring done (76.9s)
-- Generating done (0.0s)
-- Build files have been written to: /workspace/scratch/286141ad5a40/repo-checkout/build/linux/joep_bandjoiner
[0/2] Re-checking globbed directories...
[1/50] Building CXX object CMakeFiles/joep_bandjoiner_vst3_helper.dir/workspace/scratch/286141ad5a40/repo-checkout/libs/JUCE/modules/juce_audio_plugin_client/VST3/juce_VST3ManifestHelper.cpp.o
[2/50] Building CXX object clap_juce_extensions/CMakeFiles/clap_juce_extensions.dir/src/extensions/clap-juce-extensions.cpp.o
[3/50] Building CXX object CMakeFiles/joep_bandjoiner.dir/workspace/scratch/286141ad5a40/repo-checkout/src/JSFXJuceProcessor.cpp.o
In file included from /workspace/scratch/286141ad5a40/repo-checkout/src/JSFXJuceProcessor.cpp:57:
/workspace/scratch/286141ad5a40/repo-checkout/src/PluginMarkdownHelp.h: In function ‘juce::Font za::pluginui::pickSansFont(float)’:
/workspace/scratch/286141ad5a40/repo-checkout/src/PluginMarkdownHelp.h:52:30: warning: ‘juce::Font::Font(float, int)’ is deprecated: Use the constructor that takes a FontOptions argument [-Wdeprecated-declarations]
   52 |     return juce::Font (height);
      |                              ^
In file included from /workspace/scratch/286141ad5a40/repo-checkout/libs/JUCE/modules/juce_graphics/juce_graphics.h:141,
                 from /workspace/scratch/286141ad5a40/repo-checkout/libs/JUCE/modules/juce_gui_basics/juce_gui_basics.h:68,
                 from /workspace/scratch/286141ad5a40/repo-checkout/libs/JUCE/modules/juce_gui_extra/juce_gui_extra.h:68,
                 from /workspace/scratch/286141ad5a40/repo-checkout/libs/JUCE/modules/juce_audio_processors/juce_audio_processors.h:65,
                 from /workspace/scratch/286141ad5a40/repo-checkout/src/JSFXJuceProcessor.cpp:1:
/workspace/scratch/286141ad5a40/repo-checkout/libs/JUCE/modules/juce_graphics/fonts/juce_Font.h:77:5: note: declared here
   77 |     Font (float fontHeight, int styleFlags = plain);
      |     ^~~~
/workspace/scratch/286141ad5a40/repo-checkout/src/PluginMarkdownHelp.h: In function ‘juce::Font za::pluginui::pickMonoFont(float)’:
/workspace/scratch/286141ad5a40/repo-checkout/src/PluginMarkdownHelp.h:58:50: warning: ‘juce::Font::Font(const juce::String&, float, int)’ is deprecated: Use the constructor that takes a FontOptions argument [-Wdeprecated-declarations]
   58 |     juce::Font f (name, height, juce::Font::plain);
      |                                                  ^
/workspace/scratch/286141ad5a40/repo-checkout/libs/JUCE/modules/juce_graphics/fonts/juce_Font.h:89:5: note: declared here
   89 |     Font (const String& typefaceName, float fontHeight, int styleFlags);
      |     ^~~~
/workspace/scratch/286141ad5a40/repo-checkout/src/PluginMarkdownHelp.h:62:49: warning: ‘juce::Font::Font(float, int)’ is deprecated: Use the constructor that takes a FontOptions argument [-Wdeprecated-declarations]
   62 |     return juce::Font (height, juce::Font::plain);
      |                                                 ^
/workspace/scratch/286141ad5a40/repo-checkout/libs/JUCE/modules/juce_graphics/fonts/juce_Font.h:77:5: note: declared here
   77 |     Font (float fontHeight, int styleFlags = plain);
      |     ^~~~
/workspace/scratch/286141ad5a40/repo-checkout/src/PluginMarkdownHelp.h: In constructor ‘za::pluginui::MarkdownDocumentComponent::LayoutItem::LayoutItem()’:
/workspace/scratch/286141ad5a40/repo-checkout/src/PluginMarkdownHelp.h:167:12: warning: ‘juce::Font::Font()’ is deprecated: Use the constructor that takes a FontOptions argument [-Wdeprecated-declarations]
  167 |     struct LayoutItem
      |            ^~~~~~~~~~
/workspace/scratch/286141ad5a40/repo-checkout/libs/JUCE/modules/juce_graphics/fonts/juce_Font.h:111:5: note: declared here
  111 |     Font();
      |     ^~~~
/workspace/scratch/286141ad5a40/repo-checkout/src/PluginMarkdownHelp.h: In member function ‘void za::pluginui::MarkdownDocumentComponent::ensureLayout(int)’:
/workspace/scratch/286141ad5a40/repo-checkout/src/PluginMarkdownHelp.h:715:32: note: synthesized method ‘za::pluginui::MarkdownDocumentComponent::LayoutItem::LayoutItem()’ first required here
  715 |                     LayoutItem item;
      |                                ^~~~
In file included from /workspace/scratch/286141ad5a40/repo-checkout/src/ZAAudioImportRecipe.h:35,
                 from /workspace/scratch/286141ad5a40/repo-checkout/src/JSFXJuceProcessor.cpp:59:
/workspace/scratch/286141ad5a40/repo-checkout/src/ZAEventExtractor.h: In lambda function:
/workspace/scratch/286141ad5a40/repo-checkout/src/ZAEventExtractor.h:670:73: warning: declaration of ‘const za::fileimport::extractor::Region& a’ shadows a parameter [-Wshadow]
  670 |     std::stable_sort (matches.begin(), matches.end(), [] (const Region& a, const Region& b) { return a.event > b.event; });
      |                                                           ~~~~~~~~~~~~~~^
/workspace/scratch/286141ad5a40/repo-checkout/src/ZAEventExtractor.h:601:57: note: shadowed declaration is here
  601 | inline std::vector<Region> findMatches (const Analysis& a, const Profile& profile, float threshold = 0.68f,
      |                                         ~~~~~~~~~~~~~~~~^
/workspace/scratch/286141ad5a40/repo-checkout/src/ZAEventExtractor.h: In lambda function:
/workspace/scratch/286141ad5a40/repo-checkout/src/ZAEventExtractor.h:679:64: warning: declaration of ‘const za::fileimport::extractor::Region& a’ shadows a parameter [-Wshadow]
  679 |     std::sort (unique.begin(), unique.end(), [] (const Region& a, const Region& b) { return a.start < b.start; });
      |                                                  ~~~~~~~~~~~~~~^
/workspace/scratch/286141ad5a40/repo-checkout/src/ZAEventExtractor.h:601:57: note: shadowed declaration is here
  601 | inline std::vector<Region> findMatches (const Analysis& a, const Profile& profile, float threshold = 0.68f,
      |                                         ~~~~~~~~~~~~~~~~^
/workspace/scratch/286141ad5a40/repo-checkout/src/ZAEventExtractor.h: In function ‘const char* za::fileimport::extractor::reasonName(Reason)’:
/workspace/scratch/286141ad5a40/repo-checkout/src/ZAEventExtractor.h:755:12: warning: enumeration value ‘Quiet’ not handled in switch [-Wswitch-enum]
  755 |     switch (reason)
      |            ^
/workspace/scratch/286141ad5a40/repo-checkout/src/ZAAudioImportRecipe.h: In lambda function:
/workspace/scratch/286141ad5a40/repo-checkout/src/ZAAudioImportRecipe.h:1152:88: warning: declaration of ‘const auto:101& b’ shadows a parameter [-Wshadow]
 1152 |     std::stable_sort (segments.begin(), segments.end(), [] (const auto& a, const auto& b) { return a.startSample < b.startSample; });
      |                                                                            ~~~~~~~~~~~~^
/workspace/scratch/286141ad5a40/repo-checkout/src/ZAAudioImportRecipe.h:1132:101: note: shadowed declaration is here
 1132 | static inline std::vector<SegmentRegion> sanitiseSegmentsForBuffer (const juce::AudioBuffer<float>& b, std::vector<SegmentRegion> segments)
      |                                                                     ~~~~~~~~~~~~~~~~~~~~~~~~~~~~~~~~^
/workspace/scratch/286141ad5a40/repo-checkout/src/ZAAudioImportRecipe.h: In member function ‘virtual void za::fileimport::ImportLandingPad::paint(juce::Graphics&)’:
/workspace/scratch/286141ad5a40/repo-checkout/src/ZAAudioImportRecipe.h:2211:59: warning: ‘juce::Font::Font(float, int)’ is deprecated: Use the constructor that takes a FontOptions argument [-Wdeprecated-declarations]
 2211 |             g.setFont (juce::Font (16.0f, juce::Font::bold));
      |                                                           ^
/workspace/scratch/286141ad5a40/repo-checkout/libs/JUCE/modules/juce_graphics/fonts/juce_Font.h:77:5: note: declared here
   77 |     Font (float fontHeight, int styleFlags = plain);
      |     ^~~~
/workspace/scratch/286141ad5a40/repo-checkout/src/ZAAudioImportRecipe.h:2214:41: warning: ‘juce::Font::Font(float, int)’ is deprecated: Use the constructor that takes a FontOptions argument [-Wdeprecated-declarations]
 2214 |             g.setFont (juce::Font (13.5f));
      |                                         ^
/workspace/scratch/286141ad5a40/repo-checkout/libs/JUCE/modules/juce_graphics/fonts/juce_Font.h:77:5: note: declared here
   77 |     Font (float fontHeight, int styleFlags = plain);
      |     ^~~~
In file included from /workspace/scratch/286141ad5a40/repo-checkout/src/ZAAudioImportRecipe.h:2234:
/workspace/scratch/286141ad5a40/repo-checkout/src/ZAImportPreview.h: In member function ‘void za::fileimport::WaveformPreview::drawKeptSegmentOverlay(juce::Graphics&, juce::Rectangle<int>, int)’:
/workspace/scratch/286141ad5a40/repo-checkout/src/ZAImportPreview.h:559:13: warning: declaration of ‘cursor’ shadows a member of ‘za::fileimport::WaveformPreview’ [-Wshadow]
  559 |         int cursor = 0;
      |             ^~~~~~
In file included from /workspace/scratch/286141ad5a40/repo-checkout/libs/JUCE/modules/juce_gui_basics/juce_gui_basics.h:205:
/workspace/scratch/286141ad5a40/repo-checkout/libs/JUCE/modules/juce_gui_basics/components/juce_Component.h:2659:17: note: shadowed declaration is here
 2659 |     MouseCursor cursor;
      |                 ^~~~~~
/workspace/scratch/286141ad5a40/repo-checkout/src/ZAImportPreview.h: In constructor ‘za::fileimport::ImportPreviewComponent::ImportPreviewComponent(std::vector<juce::File>, za::fileimport::ImportAction, za::fileimport::ImportRules, ApplyCallback, AuditionCallback, StopAuditionCallback, PauseAuditionCallback, juce::String)’:
/workspace/scratch/286141ad5a40/repo-checkout/src/ZAImportPreview.h:784:59: warning: ‘juce::Font::Font(float, int)’ is deprecated: Use the constructor that takes a FontOptions argument [-Wdeprecated-declarations]
  784 |         title.setFont (juce::Font (17.0f, juce::Font::bold));
      |                                                           ^
/workspace/scratch/286141ad5a40/repo-checkout/libs/JUCE/modules/juce_graphics/fonts/juce_Font.h:77:5: note: declared here
   77 |     Font (float fontHeight, int styleFlags = plain);
      |     ^~~~
/workspace/scratch/286141ad5a40/repo-checkout/src/ZAImportPreview.h: In lambda function:
/workspace/scratch/286141ad5a40/repo-checkout/src/ZAImportPreview.h:791:23: warning: declaration of ‘next’ shadows a member of ‘za::fileimport::ImportPreviewComponent’ [-Wshadow]
  791 |             const int next = sourceSelector.getSelectedId() - 1;
      |                       ^~~~
/workspace/scratch/286141ad5a40/repo-checkout/src/ZAImportPreview.h:1618:32: note: shadowed declaration is here
 1618 |     juce::TextButton previous, next, play, stop, remove, reanalyse, removeSource, confirm, addExample, wrongEvent, split, merge, review, context, profiles, release, apply, cancel, reset;
      |                                ^~~~
/workspace/scratch/286141ad5a40/repo-checkout/src/ZAImportPreview.h: In constructor ‘za::fileimport::ImportPreviewComponent::ImportPreviewComponent(std::vector<juce::File>, za::fileimport::ImportAction, za::fileimport::ImportRules, ApplyCallback, AuditionCallback, StopAuditionCallback, PauseAuditionCallback, juce::String)’:
/workspace/scratch/286141ad5a40/repo-checkout/src/ZAImportPreview.h:869:47: warning: ‘juce::Font::Font(float, int)’ is deprecated: Use the constructor that takes a FontOptions argument [-Wdeprecated-declarations]
  869 |         profileInfo.setFont (juce::Font (12.0f));
      |                                               ^
/workspace/scratch/286141ad5a40/repo-checkout/libs/JUCE/modules/juce_graphics/fonts/juce_Font.h:77:5: note: declared here
   77 |     Font (float fontHeight, int styleFlags = plain);
      |     ^~~~
/workspace/scratch/286141ad5a40/repo-checkout/src/ZAImportPreview.h:871:42: warning: ‘juce::Font::Font(float, int)’ is deprecated: Use the constructor that takes a FontOptions argument [-Wdeprecated-declarations]
  871 |         status.setFont (juce::Font (12.0f));
      |                                          ^
/workspace/scratch/286141ad5a40/repo-checkout/libs/JUCE/modules/juce_graphics/fonts/juce_Font.h:77:5: note: declared here
   77 |     Font (float fontHeight, int styleFlags = plain);
      |     ^~~~
/workspace/scratch/286141ad5a40/repo-checkout/src/ZAImportPreview.h: In member function ‘void za::fileimport::ImportPreviewComponent::captureUndo()’:
/workspace/scratch/286141ad5a40/repo-checkout/src/ZAImportPreview.h:1169:9: warning: this ‘if’ clause does not guard... [-Wmisleading-indentation]
 1169 |         if (undo.size() > 64) undo.erase (undo.begin()); redo.clear();
      |         ^~
/workspace/scratch/286141ad5a40/repo-checkout/src/ZAImportPreview.h:1169:58: note: ...this statement, but the latter is misleadingly indented as if it were guarded by the ‘if’
 1169 |         if (undo.size() > 64) undo.erase (undo.begin()); redo.clear();
      |                                                          ^~~~
/workspace/scratch/286141ad5a40/repo-checkout/src/ZAImportPreview.h: In member function ‘void za::fileimport::ImportPreviewComponent::selectAdjacent(int)’:
/workspace/scratch/286141ad5a40/repo-checkout/src/ZAImportPreview.h:1319:17: warning: this ‘if’ clause does not guard... [-Wmisleading-indentation]
 1319 |                 if (autoplay.getToggleState()) auditionSelection (false); return;
      |                 ^~
/workspace/scratch/286141ad5a40/repo-checkout/src/ZAImportPreview.h:1319:75: note: ...this statement, but the latter is misleadingly indented as if it were guarded by the ‘if’
 1319 |                 if (autoplay.getToggleState()) auditionSelection (false); return;
      |                                                                           ^~~~~~
/workspace/scratch/286141ad5a40/repo-checkout/src/ZAImportPreview.h: In member function ‘void za::fileimport::ImportPreviewComponent::nextReview()’:
/workspace/scratch/286141ad5a40/repo-checkout/src/ZAImportPreview.h:1448:13: warning: this ‘if’ clause does not guard... [-Wmisleading-indentation]
 1448 |             if (autoplay.getToggleState()) auditionSelection (false); return;
      |             ^~
/workspace/scratch/286141ad5a40/repo-checkout/src/ZAImportPreview.h:1448:71: note: ...this statement, but the latter is misleadingly indented as if it were guarded by the ‘if’
 1448 |             if (autoplay.getToggleState()) auditionSelection (false); return;
      |                                                                       ^~~~~~
/workspace/scratch/286141ad5a40/repo-checkout/src/ZAImportPreview.h: In member function ‘void za::fileimport::ImportPreviewComponent::chooseProfileFile(bool)’:
/workspace/scratch/286141ad5a40/repo-checkout/src/ZAImportPreview.h:1486:20: warning: declaration of ‘flags’ shadows a member of ‘za::fileimport::ImportPreviewComponent’ [-Wshadow]
 1486 |         const auto flags = saving ? (juce::FileBrowserComponent::saveMode | juce::FileBrowserComponent::canSelectFiles | juce::FileBrowserComponent::warnAboutOverwriting)
      |                    ^~~~~
/workspace/scratch/286141ad5a40/repo-checkout/libs/JUCE/modules/juce_gui_basics/components/juce_Component.h:2709:24: note: shadowed declaration is here
 2709 |         ComponentFlags flags;
      |                        ^~~~~
In file included from /workspace/scratch/286141ad5a40/repo-checkout/src/JSFXJuceProcessor.cpp:65:
/workspace/scratch/286141ad5a40/repo-checkout/src/DspJsfxAudioFilePreflight.h: In function ‘int64_t za::jsfx::chooseSafeDecodedFrameCount(const juce::File&, const juce::AudioFormatReader&, bool&)’:
/workspace/scratch/286141ad5a40/repo-checkout/src/DspJsfxAudioFilePreflight.h:60:91: warning: conversion to ‘uint64_t’ {aka ‘long unsigned int’} from ‘int’ may change the sign of the result [-Wsign-conversion]
   60 |                         || alignment < static_cast<std::uint64_t>(channels) * ((bits + 7) / 8)))
      |                                                                               ~~~~~~~~~~~~^~~~
/workspace/scratch/286141ad5a40/repo-checkout/src/JSFXJuceProcessor.cpp: At global scope:
/workspace/scratch/286141ad5a40/repo-checkout/src/JSFXJuceProcessor.cpp:137:17: warning: redundant redeclaration of ‘void jsfx_ensure_mem(DSPJSFX_State*, int64_t)’ in same scope [-Wredundant-decls]
  137 | extern "C" void jsfx_ensure_mem (DSPJSFX_State* st, int64_t needed);
      |                 ^~~~~~~~~~~~~~~
In file included from /workspace/scratch/286141ad5a40/repo-checkout/src/JSFXJuceProcessor.cpp:51:
/workspace/scratch/286141ad5a40/repo-checkout/build/linux/joep_bandjoiner/JSFXDSP.h:270:6: note: previous declaration of ‘void jsfx_ensure_mem(DSPJSFX_State*, int64_t)’
  270 | void jsfx_ensure_mem(DSPJSFX_State* st, int64_t needed);
      |      ^~~~~~~~~~~~~~~
In file included from /workspace/scratch/286141ad5a40/repo-checkout/src/WDL/eel2/ns-eel.h:36,
                 from /workspace/scratch/286141ad5a40/repo-checkout/src/YSFXGfxInterpreter.h:56,
                 from /workspace/scratch/286141ad5a40/repo-checkout/src/JSFXJuceProcessor.cpp:182:
/workspace/scratch/286141ad5a40/repo-checkout/src/WDL/eel2/../wdltypes.h: In function ‘WDL_bool WDL_TICKS_IN_RANGE_ENDING_AT(WDL_TICKTYPE, WDL_TICKTYPE, int)’:
/workspace/scratch/286141ad5a40/repo-checkout/src/WDL/eel2/../wdltypes.h:213:42: warning: conversion to ‘WDL_TICKTYPE’ {aka ‘unsigned int’} from ‘int’ may change the sign of the result [-Wsign-conversion]
  213 |   const WDL_TICKTYPE refstart = refend - len;
      |                                          ^~~
/workspace/scratch/286141ad5a40/repo-checkout/src/WDL/eel2/../wdltypes.h: In function ‘void wdl_log(const char*, ...)’:
/workspace/scratch/286141ad5a40/repo-checkout/src/WDL/eel2/../wdltypes.h:241:85: warning: unused parameter ‘format’ [-Wunused-parameter]
  241 |   static void WDL_STATICFUNC_UNUSED WDL_VARARG_WARN(printf,1,2) wdl_log(const char *format, ...) { }
      |                                                                         ~~~~~~~~~~~~^~~~~~
In file included from /workspace/scratch/286141ad5a40/repo-checkout/src/WDL/eel2/../ptrlist.h:37,
                 from /workspace/scratch/286141ad5a40/repo-checkout/src/WDL/eel2/eelscript.h:9,
                 from /workspace/scratch/286141ad5a40/repo-checkout/src/YSFXGfxInterpreter.h:57:
/workspace/scratch/286141ad5a40/repo-checkout/src/WDL/eel2/../heapbuf.h: In member function ‘void* WDL_HeapBuf::GetAligned(int) const’:
/workspace/scratch/286141ad5a40/repo-checkout/src/WDL/eel2/../heapbuf.h:58:83: warning: conversion to ‘UINT_PTR’ {aka ‘long unsigned int’} from ‘int’ may change the sign of the result [-Wsign-conversion]
   58 |     void *GetAligned(int align) const {  return (void *)(((UINT_PTR)Get() + (align-1)) & ~(UINT_PTR)(align-1)); }
      |                                                                             ~~~~~~^~~
/workspace/scratch/286141ad5a40/repo-checkout/src/WDL/eel2/../heapbuf.h: In copy constructor ‘WDL_HeapBuf::WDL_HeapBuf(const WDL_HeapBuf&)’:
/workspace/scratch/286141ad5a40/repo-checkout/src/WDL/eel2/../heapbuf.h:67:13: warning: zero as null pointer constant [-Wzero-as-null-pointer-constant]
   67 |       m_buf=0;
      |             ^
/workspace/scratch/286141ad5a40/repo-checkout/src/WDL/eel2/../heapbuf.h: In member function ‘void* WDL_HeapBuf::Resize(int, bool)’:
/workspace/scratch/286141ad5a40/repo-checkout/src/WDL/eel2/../heapbuf.h:166:25: warning: zero as null pointer constant [-Wzero-as-null-pointer-constant]
  166 |                   m_buf=0;
      |                         ^
/workspace/scratch/286141ad5a40/repo-checkout/src/WDL/eel2/../heapbuf.h:169:26: warning: zero as null pointer constant [-Wzero-as-null-pointer-constant]
  169 |                   return 0;
      |                          ^
/workspace/scratch/286141ad5a40/repo-checkout/src/WDL/eel2/../heapbuf.h:171:42: warning: conversion to ‘size_t’ {aka ‘long unsigned int’} from ‘int’ may change the sign of the result [-Wsign-conversion]
  171 |                 void *nbuf=realloc(m_buf,newalloc);
      |                                          ^~~~~~~~
/workspace/scratch/286141ad5a40/repo-checkout/src/WDL/eel2/../heapbuf.h:174:37: warning: conversion to ‘size_t’ {aka ‘long unsigned int’} from ‘int’ may change the sign of the result [-Wsign-conversion]
  174 |                   if (!(nbuf=malloc(newalloc)))
      |                                     ^~~~~~~~
/workspace/scratch/286141ad5a40/repo-checkout/src/WDL/eel2/../heapbuf.h:179:41: warning: zero as null pointer constant [-Wzero-as-null-pointer-constant]
  179 |                     return m_size?m_buf:0; // failed, do not resize
      |                                         ^
/workspace/scratch/286141ad5a40/repo-checkout/src/WDL/eel2/../heapbuf.h:185:49: warning: conversion to ‘size_t’ {aka ‘long unsigned int’} from ‘int’ may change the sign of the result [-Wsign-conversion]
  185 |                     if (sz>0) memcpy(nbuf,m_buf,sz);
      |                                                 ^~
/workspace/scratch/286141ad5a40/repo-checkout/src/WDL/eel2/../heapbuf.h:196:31: warning: zero as null pointer constant [-Wzero-as-null-pointer-constant]
  196 |           return m_size?m_buf:0;
      |                               ^
/workspace/scratch/286141ad5a40/repo-checkout/src/WDL/eel2/../heapbuf.h: In member function ‘void WDL_HeapBuf::CopyFrom(const WDL_HeapBuf*, bool)’:
/workspace/scratch/286141ad5a40/repo-checkout/src/WDL/eel2/../heapbuf.h:215:61: warning: conversion to ‘size_t’ {aka ‘long unsigned int’} from ‘int’ may change the sign of the result [-Wsign-conversion]
  215 |           m_buf=hb->m_buf && hb->m_alloc>0 ? malloc(m_alloc = hb->m_alloc) : NULL;
      |                                                     ~~~~~~~~^~~~~~~~~~~~~
/workspace/scratch/286141ad5a40/repo-checkout/src/WDL/eel2/../heapbuf.h:219:52: warning: conversion to ‘size_t’ {aka ‘long unsigned int’} from ‘int’ may change the sign of the result [-Wsign-conversion]
  219 |           if (m_buf) memcpy(m_buf,hb->m_buf,m_size = hb->m_size);
      |                                             ~~~~~~~^~~~~~~~~~~~
/workspace/scratch/286141ad5a40/repo-checkout/src/WDL/eel2/../heapbuf.h:227:39: warning: conversion to ‘size_t’ {aka ‘long unsigned int’} from ‘int’ may change the sign of the result [-Wsign-conversion]
  227 |           else memcpy(Get(),hb->Get(),newsz);
      |                                       ^~~~~
In file included from /workspace/scratch/286141ad5a40/repo-checkout/src/WDL/eel2/eelscript.h:10:
/workspace/scratch/286141ad5a40/repo-checkout/src/WDL/eel2/../wdlstring.h: In member function ‘void WDL_String::DeleteSub(int, int)’:
/workspace/scratch/286141ad5a40/repo-checkout/src/WDL/eel2/../wdlstring.h:171:57: warning: conversion to ‘size_t’ {aka ‘long unsigned int’} from ‘int’ may change the sign of the result [-Wsign-conversion]
  171 |         memmove(p+position,p+position+len,l-position-len+1);
      |                                           ~~~~~~~~~~~~~~^~
/workspace/scratch/286141ad5a40/repo-checkout/src/WDL/eel2/../wdlstring.h: In member function ‘void WDL_String::SetAppendFormattedArgs(bool, int, const char*, __va_list_tag*)’:
/workspace/scratch/286141ad5a40/repo-checkout/src/WDL/eel2/../wdlstring.h:243:42: warning: conversion to ‘size_t’ {aka ‘long unsigned int’} from ‘int’ may change the sign of the result [-Wsign-conversion]
  243 |         int written = vsnprintf(b, maxlen+1, fmt, arglist);
      |                                    ~~~~~~^~
/workspace/scratch/286141ad5a40/repo-checkout/src/WDL/eel2/../wdlstring.h: In member function ‘void WDL_String::__doSet(int, const char*, int, int)’:
/workspace/scratch/286141ad5a40/repo-checkout/src/WDL/eel2/../wdlstring.h:392:64: warning: conversion to ‘size_t’ {aka ‘long unsigned int’} from ‘int’ may change the sign of the result [-Wsign-conversion]
  392 |           if (trailkeep>0) memmove(newbuf+offs+len,newbuf+offs,trailkeep);
      |                                                                ^~~~~~~~~
/workspace/scratch/286141ad5a40/repo-checkout/src/WDL/eel2/../wdlstring.h:393:44: warning: conversion to ‘size_t’ {aka ‘long unsigned int’} from ‘int’ may change the sign of the result [-Wsign-conversion]
  393 |           if (str) memmove(newbuf+offs,str,len);
      |                                            ^~~
In file included from /workspace/scratch/286141ad5a40/repo-checkout/src/WDL/eel2/../wdlstring.h:421:
/workspace/scratch/286141ad5a40/repo-checkout/src/WDL/eel2/../wdlstring.h: In member function ‘void WDL_FastString::DeleteSub(int, int)’:
/workspace/scratch/286141ad5a40/repo-checkout/src/WDL/eel2/../wdlstring.h:171:57: warning: conversion to ‘size_t’ {aka ‘long unsigned int’} from ‘int’ may change the sign of the result [-Wsign-conversion]
  171 |         memmove(p+position,p+position+len,l-position-len+1);
      |                                           ~~~~~~~~~~~~~~^~
/workspace/scratch/286141ad5a40/repo-checkout/src/WDL/eel2/../wdlstring.h: In member function ‘bool WDL_FastString::SetLen(int, bool, char)’:
/workspace/scratch/286141ad5a40/repo-checkout/src/WDL/eel2/../wdlstring.h:222:47: warning: conversion to ‘size_t’ {aka ‘long unsigned int’} from ‘int’ may change the sign of the result [-Wsign-conversion]
  222 |           if (fill > 0) memset(b+osz,fillchar,fill);
      |                                               ^~~~
/workspace/scratch/286141ad5a40/repo-checkout/src/WDL/eel2/../wdlstring.h: In member function ‘void WDL_FastString::SetAppendFormattedArgs(bool, int, const char*, __va_list_tag*)’:
/workspace/scratch/286141ad5a40/repo-checkout/src/WDL/eel2/../wdlstring.h:243:42: warning: conversion to ‘size_t’ {aka ‘long unsigned int’} from ‘int’ may change the sign of the result [-Wsign-conversion]
  243 |         int written = vsnprintf(b, maxlen+1, fmt, arglist);
      |                                    ~~~~~~^~
/workspace/scratch/286141ad5a40/repo-checkout/src/WDL/eel2/../wdlstring.h: In member function ‘void WDL_FastString::__doSet(int, const char*, int, int)’:
/workspace/scratch/286141ad5a40/repo-checkout/src/WDL/eel2/../wdlstring.h:392:64: warning: conversion to ‘size_t’ {aka ‘long unsigned int’} from ‘int’ may change the sign of the result [-Wsign-conversion]
  392 |           if (trailkeep>0) memmove(newbuf+offs+len,newbuf+offs,trailkeep);
      |                                                                ^~~~~~~~~
/workspace/scratch/286141ad5a40/repo-checkout/src/WDL/eel2/../wdlstring.h:393:44: warning: conversion to ‘size_t’ {aka ‘long unsigned int’} from ‘int’ may change the sign of the result [-Wsign-conversion]
  393 |           if (str) memmove(newbuf+offs,str,len);
      |                                            ^~~
In file included from /workspace/scratch/286141ad5a40/repo-checkout/src/WDL/eel2/../assocarray.h:5,
                 from /workspace/scratch/286141ad5a40/repo-checkout/src/WDL/eel2/eelscript.h:11:
/workspace/scratch/286141ad5a40/repo-checkout/src/WDL/eel2/../mergesort.h: In function ‘void WDL_mergesort(void*, size_t, size_t, int (*)(const void*, const void*), char*)’:
/workspace/scratch/286141ad5a40/repo-checkout/src/WDL/eel2/../mergesort.h:29:24: warning: conversion to ‘size_t’ {aka ‘long unsigned int’} from ‘long int’ may change the sign of the result [-Wsign-conversion]
   29 |       size_t sofar = b1-(char*)base;
      |                      ~~^~~~~~~~~~~~
In file included from /workspace/scratch/286141ad5a40/repo-checkout/src/WDL/eel2/../assocarray.h:6:
/workspace/scratch/286141ad5a40/repo-checkout/src/WDL/eel2/../wdlcstring.h: In function ‘size_t WDL_remove_trailing_crlf(char*)’:
/workspace/scratch/286141ad5a40/repo-checkout/src/WDL/eel2/../wdlcstring.h:232:13: warning: conversion to ‘size_t’ {aka ‘long unsigned int’} from ‘long int’ may change the sign of the result [-Wsign-conversion]
  232 |     return p-str;
      |            ~^~~~
/workspace/scratch/286141ad5a40/repo-checkout/src/WDL/eel2/../wdlcstring.h: In function ‘size_t WDL_remove_trailing_whitespace(char*)’:
/workspace/scratch/286141ad5a40/repo-checkout/src/WDL/eel2/../wdlcstring.h:241:13: warning: conversion to ‘size_t’ {aka ‘long unsigned int’} from ‘long int’ may change the sign of the result [-Wsign-conversion]
  241 |     return p-str;
      |            ~^~~~
/workspace/scratch/286141ad5a40/repo-checkout/src/WDL/eel2/../wdlcstring.h: In function ‘void snprintf_append(char*, INT_PTR, const char*, ...)’:
/workspace/scratch/286141ad5a40/repo-checkout/src/WDL/eel2/../wdlcstring.h:295:19: warning: conversion to ‘size_t’ {aka ‘long unsigned int’} from ‘INT_PTR’ {aka ‘long int’} may change the sign of the result [-Wsign-conversion]
  295 |       vsnprintf(o,count,format,va);
      |                   ^~~~~
/workspace/scratch/286141ad5a40/repo-checkout/src/WDL/eel2/../wdlcstring.h: In function ‘void vsnprintf_append(char*, INT_PTR, const char*, __va_list_tag*)’:
/workspace/scratch/286141ad5a40/repo-checkout/src/WDL/eel2/../wdlcstring.h:305:19: warning: conversion to ‘size_t’ {aka ‘long unsigned int’} from ‘INT_PTR’ {aka ‘long int’} may change the sign of the result [-Wsign-conversion]
  305 |       vsnprintf(o,count,format,va);
      |                   ^~~~~
In file included from /workspace/scratch/286141ad5a40/repo-checkout/src/WDL/eel2/eelscript.h:12:
/workspace/scratch/286141ad5a40/repo-checkout/src/WDL/eel2/../queue.h: In member function ‘void* WDL_Queue::Add(const void*, int)’:
/workspace/scratch/286141ad5a40/repo-checkout/src/WDL/eel2/../queue.h:61:34: warning: conversion to ‘size_t’ {aka ‘long unsigned int’} from ‘int’ may change the sign of the result [-Wsign-conversion]
   61 |       if (buf) memcpy(newbuf,buf,len);
      |                                  ^~~
/workspace/scratch/286141ad5a40/repo-checkout/src/WDL/eel2/../queue.h: In member function ‘void WDL_Queue::Compact(bool, bool)’:
/workspace/scratch/286141ad5a40/repo-checkout/src/WDL/eel2/../queue.h:120:27: warning: conversion to ‘size_t’ {aka ‘long unsigned int’} from ‘int’ may change the sign of the result [-Wsign-conversion]
  120 |         memmove(a,a+m_pos,olen);
      |                           ^~~~
/workspace/scratch/286141ad5a40/repo-checkout/src/WDL/eel2/../queue.h: In static member function ‘static void WDL_Queue::WDL_Queue__bswap_buffer(void*, int)’:
/workspace/scratch/286141ad5a40/repo-checkout/src/WDL/eel2/../queue.h:138:45: warning: unused parameter ‘buf’ [-Wunused-parameter]
  138 |   static void WDL_Queue__bswap_buffer(void *buf, int len)
      |                                       ~~~~~~^~~
/workspace/scratch/286141ad5a40/repo-checkout/src/WDL/eel2/../queue.h:138:54: warning: unused parameter ‘len’ [-Wunused-parameter]
  138 |   static void WDL_Queue__bswap_buffer(void *buf, int len)
      |                                                  ~~~~^~~
/workspace/scratch/286141ad5a40/repo-checkout/src/WDL/eel2/../queue.h: In member function ‘void WDL_Queue::AddDataToLE(void*, int, int)’:
/workspace/scratch/286141ad5a40/repo-checkout/src/WDL/eel2/../queue.h:160:50: warning: unused parameter ‘unitsize’ [-Wunused-parameter]
  160 |   void AddDataToLE(void *data, int datasize, int unitsize)
      |                                              ~~~~^~~~~~~~
/workspace/scratch/286141ad5a40/repo-checkout/src/WDL/eel2/../queue.h: In member function ‘void* WDL_Queue::GetDataFromLE(int, int)’:
/workspace/scratch/286141ad5a40/repo-checkout/src/WDL/eel2/../queue.h:188:41: warning: unused parameter ‘unitsize’ [-Wunused-parameter]
  188 |   void *GetDataFromLE(int datasize, int unitsize)
      |                                     ~~~~^~~~~~~~
In file included from /workspace/scratch/286141ad5a40/repo-checkout/src/WDL/eel2/eelscript.h:13:
/workspace/scratch/286141ad5a40/repo-checkout/src/WDL/eel2/../mutex.h: In copy constructor ‘WDL_Mutex::WDL_Mutex(const WDL_Mutex&)’:
/workspace/scratch/286141ad5a40/repo-checkout/src/WDL/eel2/../mutex.h:125:30: warning: unused parameter ‘cp’ [-Wunused-parameter]
  125 |   WDL_Mutex(const WDL_Mutex &cp)
      |             ~~~~~~~~~~~~~~~~~^~
/workspace/scratch/286141ad5a40/repo-checkout/src/WDL/eel2/../mutex.h: In member function ‘WDL_Mutex& WDL_Mutex::operator=(const WDL_Mutex&)’:
/workspace/scratch/286141ad5a40/repo-checkout/src/WDL/eel2/../mutex.h:131:41: warning: unused parameter ‘cp’ [-Wunused-parameter]
  131 |   WDL_Mutex &operator=(const WDL_Mutex &cp)
      |                        ~~~~~~~~~~~~~~~~~^~
/workspace/scratch/286141ad5a40/repo-checkout/src/WDL/eel2/../mutex.h: In copy constructor ‘WDL_SharedMutex::WDL_SharedMutex(const WDL_SharedMutex&)’:
/workspace/scratch/286141ad5a40/repo-checkout/src/WDL/eel2/../mutex.h:201:44: warning: unused parameter ‘cp’ [-Wunused-parameter]
  201 |     WDL_SharedMutex(const WDL_SharedMutex &cp)
      |                     ~~~~~~~~~~~~~~~~~~~~~~~^~
/workspace/scratch/286141ad5a40/repo-checkout/src/WDL/eel2/../mutex.h: In member function ‘WDL_SharedMutex& WDL_SharedMutex::operator=(const WDL_SharedMutex&)’:
/workspace/scratch/286141ad5a40/repo-checkout/src/WDL/eel2/../mutex.h:207:55: warning: unused parameter ‘cp’ [-Wunused-parameter]
  207 |     WDL_SharedMutex &operator=(const WDL_SharedMutex &cp)
      |                                ~~~~~~~~~~~~~~~~~~~~~~~^~
/workspace/scratch/286141ad5a40/repo-checkout/src/WDL/eel2/eelscript.h: In member function ‘virtual bool eelScriptInst::translateFilename(WDL_FastString*, const char*)’:
/workspace/scratch/286141ad5a40/repo-checkout/src/WDL/eel2/eelscript.h:133:52: warning: unused parameter ‘fs’ [-Wunused-parameter]
  133 |     virtual bool translateFilename(WDL_FastString *fs, const char *mode) { return true; }
      |                                    ~~~~~~~~~~~~~~~~^~
/workspace/scratch/286141ad5a40/repo-checkout/src/WDL/eel2/eelscript.h:133:68: warning: unused parameter ‘mode’ [-Wunused-parameter]
  133 |     virtual bool translateFilename(WDL_FastString *fs, const char *mode) { return true; }
      |                                                        ~~~~~~~~~~~~^~~~
In file included from /workspace/scratch/286141ad5a40/repo-checkout/src/WDL/eel2/eelscript.h:183:
/workspace/scratch/286141ad5a40/repo-checkout/src/WDL/eel2/eel_strings.h: In constructor ‘eel_string_context_state::eel_string_context_state()’:
/workspace/scratch/286141ad5a40/repo-checkout/src/WDL/eel2/eel_strings.h:128:12: warning: zero as null pointer constant [-Wzero-as-null-pointer-constant]
  128 |       m_vm=0;
      |            ^
/workspace/scratch/286141ad5a40/repo-checkout/src/WDL/eel2/eel_strings.h: In member function ‘void eel_string_context_state::clear_state(bool)’:
/workspace/scratch/286141ad5a40/repo-checkout/src/WDL/eel2/eel_strings.h:144:29: warning: zero as null pointer constant [-Wzero-as-null-pointer-constant]
  144 |           m_user_strings[x]=0;
      |                             ^
/workspace/scratch/286141ad5a40/repo-checkout/src/WDL/eel2/eel_strings.h: In member function ‘EEL_F* eel_string_context_state::GetVarForFormat(int)’:
/workspace/scratch/286141ad5a40/repo-checkout/src/WDL/eel2/eel_strings.h:162:32: warning: unused parameter ‘formatidx’ [-Wunused-parameter]
  162 |     EEL_F *GetVarForFormat(int formatidx)
      |                            ~~~~^~~~~~~~~
/workspace/scratch/286141ad5a40/repo-checkout/src/WDL/eel2/../assocarray.h: In member function ‘VAL WDL_AssocArray<KEY, VAL>::Get(KEY, VAL) const [with KEY = const char*; VAL = double*]’:
/workspace/scratch/286141ad5a40/repo-checkout/src/WDL/eel2/../assocarray.h:341:33: warning: zero as null pointer constant [-Wzero-as-null-pointer-constant]
  341 |   VAL Get(KEY key, VAL notfound=0) const
      |                                 ^
/workspace/scratch/286141ad5a40/repo-checkout/src/WDL/eel2/eel_strings.h: In function ‘int eel_format_strings(void*, const char*, const char*, char*, int, int, EEL_F**)’:
/workspace/scratch/286141ad5a40/repo-checkout/src/WDL/eel2/eel_strings.h:453:31: warning: conversion to ‘size_t’ {aka ‘long unsigned int’} from ‘int’ may change the sign of the result [-Wsign-conversion]
  453 |           memcpy(op,wr->Get(),wl);
      |                               ^~
/workspace/scratch/286141ad5a40/repo-checkout/src/WDL/eel2/eel_strings.h:459:23: warning: conversion to ‘size_t’ {aka ‘long unsigned int’} from ‘int’ may change the sign of the result [-Wsign-conversion]
  459 |           snprintf(op,maxl,fs,str ? str : "");
      |                       ^~~~
/workspace/scratch/286141ad5a40/repo-checkout/src/WDL/eel2/eel_strings.h: In function ‘EEL_F _eel_strncat(void*, EEL_F*, EEL_F*, EEL_F*)’:
/workspace/scratch/286141ad5a40/repo-checkout/src/WDL/eel2/eel_strings.h:860:49: warning: implicitly-declared ‘WDL_FastString& WDL_FastString::operator=(const WDL_FastString&)’ is deprecated [-Wdeprecated-copy]
  860 |             if (wr_src == wr) *(wr_src=&tmp) = *wr;
      |                                                 ^~
/workspace/scratch/286141ad5a40/repo-checkout/src/WDL/eel2/../wdlstring.h:420:20: note: because ‘WDL_FastString’ has user-provided ‘WDL_FastString::WDL_FastString(const WDL_FastString&)’
  420 | #define WDL_String WDL_FastString
      |                    ^~~~~~~~~~~~~~
/workspace/scratch/286141ad5a40/repo-checkout/src/WDL/eel2/../wdlstring.h:102:5: note: in expansion of macro ‘WDL_String’
  102 |     WDL_String(const WDL_String &s) : m_hb(128 WDL_HEAPBUF_TRACEPARM("WDL_String(2)")) { Set(&s); }
      |     ^~~~~~~~~~
/workspace/scratch/286141ad5a40/repo-checkout/src/WDL/eel2/eel_strings.h: In function ‘void eel_setchar_do(int, char*, EEL_F)’:
/workspace/scratch/286141ad5a40/repo-checkout/src/WDL/eel2/eel_strings.h:1174:23: warning: conversion to ‘size_t’ {aka ‘long unsigned int’} from ‘int’ may change the sign of the result [-Wsign-conversion]
 1174 |     memcpy(dest,a.buf,type_sz);
      |                       ^~~~~~~
/workspace/scratch/286141ad5a40/repo-checkout/src/WDL/eel2/eel_strings.h: In function ‘EEL_F eel_getchar_do(int, const char*)’:
/workspace/scratch/286141ad5a40/repo-checkout/src/WDL/eel2/eel_strings.h:1203:22: warning: conversion to ‘size_t’ {aka ‘long unsigned int’} from ‘int’ may change the sign of the result [-Wsign-conversion]
 1203 |     memcpy(a.buf,src,type_sz);
      |                      ^~~~~~~
/workspace/scratch/286141ad5a40/repo-checkout/src/WDL/eel2/eel_strings.h: In function ‘EEL_F _eel_strinsert(void*, EEL_F*, EEL_F*, EEL_F*)’:
/workspace/scratch/286141ad5a40/repo-checkout/src/WDL/eel2/eel_strings.h:1354:45: warning: implicitly-declared ‘WDL_FastString& WDL_FastString::operator=(const WDL_FastString&)’ is deprecated [-Wdeprecated-copy]
 1354 |         if (wr_src == wr) *(wr_src=&tmp) = *wr; // insert from copy
      |                                             ^~
/workspace/scratch/286141ad5a40/repo-checkout/src/WDL/eel2/../wdlstring.h:420:20: note: because ‘WDL_FastString’ has user-provided ‘WDL_FastString::WDL_FastString(const WDL_FastString&)’
  420 | #define WDL_String WDL_FastString
      |                    ^~~~~~~~~~~~~~
/workspace/scratch/286141ad5a40/repo-checkout/src/WDL/eel2/../wdlstring.h:102:5: note: in expansion of macro ‘WDL_String’
  102 |     WDL_String(const WDL_String &s) : m_hb(128 WDL_HEAPBUF_TRACEPARM("WDL_String(2)")) { Set(&s); }
      |     ^~~~~~~~~~
/workspace/scratch/286141ad5a40/repo-checkout/src/WDL/eel2/eel_strings.h: In function ‘EEL_F _eel_printf(void*, INT_PTR, EEL_F**)’:
/workspace/scratch/286141ad5a40/repo-checkout/src/WDL/eel2/eel_strings.h:1490:37: warning: conversion to ‘size_t’ {aka ‘long unsigned int’} from ‘int’ may change the sign of the result [-Wsign-conversion]
 1490 |         EEL_STRING_STDOUT_WRITE(buf,len);
      |                                     ^~~
/workspace/scratch/286141ad5a40/repo-checkout/src/WDL/eel2/eelscript.h:180:55: note: in definition of macro ‘EEL_STRING_STDOUT_WRITE’
  180 |     #define EEL_STRING_STDOUT_WRITE(x,len) { fwrite(x,len,1,stdout); fflush(stdout); }
      |                                                       ^~~
/workspace/scratch/286141ad5a40/repo-checkout/src/WDL/eel2/eel_strings.h: In function ‘EEL_F _eel_match(void*, INT_PTR, EEL_F**)’:
/workspace/scratch/286141ad5a40/repo-checkout/src/WDL/eel2/eel_strings.h:1522:96: warning: conversion to ‘long unsigned int’ from ‘int’ may change the sign of the result [-Wsign-conversion]
 1522 |     if (fmt && msg) return eel_string_match(opaque,fmt,msg,0,0, fmt + (fmt_wr?fmt_wr->GetLength():strlen(fmt)), msg + (msg_wr?msg_wr->GetLength():strlen(msg)),(int)num_parms-2,parms+2) ? 1.0 : 0.0;
      |                                                                               ~~~~~~~~~~~~~~~~~^~
/workspace/scratch/286141ad5a40/repo-checkout/src/WDL/eel2/eel_strings.h:1522:144: warning: conversion to ‘long unsigned int’ from ‘int’ may change the sign of the result [-Wsign-conversion]
 1522 |     if (fmt && msg) return eel_string_match(opaque,fmt,msg,0,0, fmt + (fmt_wr?fmt_wr->GetLength():strlen(fmt)), msg + (msg_wr?msg_wr->GetLength():strlen(msg)),(int)num_parms-2,parms+2) ? 1.0 : 0.0;
      |                                                                                                                               ~~~~~~~~~~~~~~~~~^~
/workspace/scratch/286141ad5a40/repo-checkout/src/WDL/eel2/eel_strings.h: In function ‘EEL_F _eel_matchi(void*, INT_PTR, EEL_F**)’:
/workspace/scratch/286141ad5a40/repo-checkout/src/WDL/eel2/eel_strings.h:1535:96: warning: conversion to ‘long unsigned int’ from ‘int’ may change the sign of the result [-Wsign-conversion]
 1535 |     if (fmt && msg) return eel_string_match(opaque,fmt,msg,0,1, fmt + (fmt_wr?fmt_wr->GetLength():strlen(fmt)), msg + (msg_wr?msg_wr->GetLength():strlen(msg)),(int)num_parms-2,parms+2) ? 1.0 : 0.0;
      |                                                                               ~~~~~~~~~~~~~~~~~^~
/workspace/scratch/286141ad5a40/repo-checkout/src/WDL/eel2/eel_strings.h:1535:144: warning: conversion to ‘long unsigned int’ from ‘int’ may change the sign of the result [-Wsign-conversion]
 1535 |     if (fmt && msg) return eel_string_match(opaque,fmt,msg,0,1, fmt + (fmt_wr?fmt_wr->GetLength():strlen(fmt)), msg + (msg_wr?msg_wr->GetLength():strlen(msg)),(int)num_parms-2,parms+2) ? 1.0 : 0.0;
      |                                                                                                                               ~~~~~~~~~~~~~~~~~^~
In file included from /workspace/scratch/286141ad5a40/repo-checkout/src/WDL/eel2/eelscript.h:185:
/workspace/scratch/286141ad5a40/repo-checkout/src/WDL/eel2/eel_misc.h: In function ‘EEL_F _eel_sleep(void*, EEL_F*)’:
/workspace/scratch/286141ad5a40/repo-checkout/src/WDL/eel2/eel_misc.h:12:47: warning: unused parameter ‘opaque’ [-Wunused-parameter]
   12 | static EEL_F NSEEL_CGEN_CALL _eel_sleep(void *opaque, EEL_F *amt)
      |                                         ~~~~~~^~~~~~
/workspace/scratch/286141ad5a40/repo-checkout/src/WDL/eel2/eel_misc.h: In function ‘EEL_F* _eel_time(void*, EEL_F*)’:
/workspace/scratch/286141ad5a40/repo-checkout/src/WDL/eel2/eel_misc.h:28:48: warning: unused parameter ‘opaque’ [-Wunused-parameter]
   28 | static EEL_F * NSEEL_CGEN_CALL _eel_time(void *opaque, EEL_F *v)
      |                                          ~~~~~~^~~~~~
/workspace/scratch/286141ad5a40/repo-checkout/src/WDL/eel2/eel_misc.h: In function ‘EEL_F* _eel_time_precise(void*, EEL_F*)’:
/workspace/scratch/286141ad5a40/repo-checkout/src/WDL/eel2/eel_misc.h:43:24: warning: missing initializer for member ‘timeval::tv_usec’ [-Wmissing-field-initializers]
   43 |   struct timeval tm={0,};
      |                        ^
/workspace/scratch/286141ad5a40/repo-checkout/src/WDL/eel2/eel_misc.h:34:56: warning: unused parameter ‘opaque’ [-Wunused-parameter]
   34 | static EEL_F * NSEEL_CGEN_CALL _eel_time_precise(void *opaque, EEL_F *v)
      |                                                  ~~~~~~^~~~~~
In file included from /workspace/scratch/286141ad5a40/repo-checkout/src/WDL/eel2/eelscript.h:197:
/workspace/scratch/286141ad5a40/repo-checkout/src/WDL/eel2/eel_fft.h: In function ‘EEL_F* fft_func(int, EEL_F**, EEL_F*, EEL_F*)’:
/workspace/scratch/286141ad5a40/repo-checkout/src/WDL/eel2/eel_fft.h:295:37: warning: conversion to ‘unsigned int’ from ‘int’ may change the sign of the result [-Wsign-conversion]
  295 |         ptr=__NSEEL_RAMAlloc(blocks,offs);
      |                                     ^~~~
/workspace/scratch/286141ad5a40/repo-checkout/src/WDL/eel2/eel_fft.h: In function ‘EEL_F* eel_convolve_c(EEL_F**, EEL_F*, EEL_F*, EEL_F*)’:
/workspace/scratch/286141ad5a40/repo-checkout/src/WDL/eel2/eel_fft.h:348:36: warning: conversion to ‘unsigned int’ from ‘int’ may change the sign of the result [-Wsign-conversion]
  348 |   srcptr = __NSEEL_RAMAlloc(blocks,src_offs);
      |                                    ^~~~~~~~
/workspace/scratch/286141ad5a40/repo-checkout/src/WDL/eel2/eel_fft.h:350:37: warning: conversion to ‘unsigned int’ from ‘int’ may change the sign of the result [-Wsign-conversion]
  350 |   destptr = __NSEEL_RAMAlloc(blocks,dest_offs);
      |                                     ^~~~~~~~~
/workspace/scratch/286141ad5a40/repo-checkout/src/WDL/eel2/eelscript.h: In member function ‘int eelScriptInst::runcode(const char*, int, const char*, bool, bool, bool)’:
/workspace/scratch/286141ad5a40/repo-checkout/src/WDL/eel2/eelscript.h:400:74: warning: unused parameter ‘showerrfn’ [-Wunused-parameter]
  400 | int eelScriptInst::runcode(const char *codeptr, int showerr, const char *showerrfn, bool canfree, bool ignoreEndOfInputChk, bool doExec)
      |                                                              ~~~~~~~~~~~~^~~~~~~~~
/workspace/scratch/286141ad5a40/repo-checkout/src/WDL/eel2/eelscript.h: In member function ‘void eelScriptInst::runCodeQ(WDL_Queue*, const char*)’:
/workspace/scratch/286141ad5a40/repo-checkout/src/WDL/eel2/eelscript.h:739:25: warning: conversion to ‘size_t’ {aka ‘long unsigned int’} from ‘int’ may change the sign of the result [-Wsign-conversion]
  739 |     offs += strlen(ptr)+1;
      |                         ^
/workspace/scratch/286141ad5a40/repo-checkout/src/WDL/eel2/eelscript.h:730:56: warning: unused parameter ‘callername’ [-Wunused-parameter]
  730 | void eelScriptInst::runCodeQ(WDL_Queue *q, const char *callername)
      |                                            ~~~~~~~~~~~~^~~~~~~~~~
In file included from /workspace/scratch/286141ad5a40/repo-checkout/src/WDL/lice/lice.h:31,
                 from /workspace/scratch/286141ad5a40/repo-checkout/src/WDL/lice/lice.cpp:15,
                 from /workspace/scratch/286141ad5a40/repo-checkout/src/JsfxGfxLice.h:7,
                 from /workspace/scratch/286141ad5a40/repo-checkout/src/YSFXGfxInterpreter.h:91:
/workspace/scratch/286141ad5a40/repo-checkout/src/WDL/lice/../swell/swell-types.h: At global scope:
/workspace/scratch/286141ad5a40/repo-checkout/src/WDL/lice/../swell/swell-types.h:198:10: warning: ISO C++ prohibits anonymous structs [-Wpedantic]
  198 |   struct {
      |          ^
/workspace/scratch/286141ad5a40/repo-checkout/src/WDL/lice/lice.h: In function ‘LICE_pixel LICE_RGBA_FROMNATIVE(LICE_pixel, int)’:
/workspace/scratch/286141ad5a40/repo-checkout/src/WDL/lice/lice.h:57:84: warning: conversion to ‘LICE_pixel’ {aka ‘unsigned int’} from ‘int’ may change the sign of the result [-Wsign-conversion]
   57 | #define LICE_RGBA(r,g,b,a) (((b)&0xff)|(((g)&0xff)<<8)|(((r)&0xff)<<16)|(((a)&0xff)<<24))
      |                                                                         ~~~~~~~~~~~^~~~~
/workspace/scratch/286141ad5a40/repo-checkout/src/WDL/lice/lice.h:78:10: note: in expansion of macro ‘LICE_RGBA’
   78 |   return LICE_RGBA(GetRValue(col),GetGValue(col),GetBValue(col),alpha);
      |          ^~~~~~~~~
/workspace/scratch/286141ad5a40/repo-checkout/src/WDL/lice/lice.h: In member function ‘virtual HDC__* LICE_IBitmap::getDC()’:
/workspace/scratch/286141ad5a40/repo-checkout/src/WDL/lice/lice.h:95:32: warning: zero as null pointer constant [-Wzero-as-null-pointer-constant]
   95 |   virtual HDC getDC() { return 0; } // only sysbitmaps have to implement this
      |                                ^
/workspace/scratch/286141ad5a40/repo-checkout/src/WDL/lice/lice.h: In member function ‘virtual INT_PTR LICE_IBitmap::Extended(int, void*)’:
/workspace/scratch/286141ad5a40/repo-checkout/src/WDL/lice/lice.h:98:32: warning: unused parameter ‘id’ [-Wunused-parameter]
   98 |   virtual INT_PTR Extended(int id, void* data) { return 0; }
      |                            ~~~~^~
/workspace/scratch/286141ad5a40/repo-checkout/src/WDL/lice/lice.h:98:42: warning: unused parameter ‘data’ [-Wunused-parameter]
   98 |   virtual INT_PTR Extended(int id, void* data) { return 0; }
      |                                    ~~~~~~^~~~
/workspace/scratch/286141ad5a40/repo-checkout/src/WDL/lice/lice.h: In member function ‘virtual int LICE_MemBitmap::getRowSpan()’:
/workspace/scratch/286141ad5a40/repo-checkout/src/WDL/lice/lice.h:124:38: warning: conversion to ‘unsigned int’ from ‘int’ may change the sign of the result [-Wsign-conversion]
  124 |   virtual int getRowSpan() { return (m_width+m_linealign)&~m_linealign; }
      |                                      ^~~~~~~
/workspace/scratch/286141ad5a40/repo-checkout/src/WDL/lice/lice.h:124:58: warning: conversion to ‘int’ from ‘unsigned int’ may change the sign of the result [-Wsign-conversion]
  124 |   virtual int getRowSpan() { return (m_width+m_linealign)&~m_linealign; }
      |                                     ~~~~~~~~~~~~~~~~~~~~~^~~~~~~~~~~~~
/workspace/scratch/286141ad5a40/repo-checkout/src/WDL/lice/lice.h: In member function ‘virtual bool LICE_WrapperBitmap::resize(int, int)’:
/workspace/scratch/286141ad5a40/repo-checkout/src/WDL/lice/lice.h:221:29: warning: unused parameter ‘w’ [-Wunused-parameter]
  221 |     virtual bool resize(int w, int h) { return false; }
      |                         ~~~~^
/workspace/scratch/286141ad5a40/repo-checkout/src/WDL/lice/lice.h:221:36: warning: unused parameter ‘h’ [-Wunused-parameter]
  221 |     virtual bool resize(int w, int h) { return false; }
      |                                ~~~~^
/workspace/scratch/286141ad5a40/repo-checkout/src/WDL/lice/lice.h: In member function ‘virtual LICE_pixel* LICE_SubBitmap::getBits()’:
/workspace/scratch/286141ad5a40/repo-checkout/src/WDL/lice/lice.h:271:29: warning: zero as null pointer constant [-Wzero-as-null-pointer-constant]
  271 |       if (!m_parent) return 0;
      |                             ^
/workspace/scratch/286141ad5a40/repo-checkout/src/WDL/lice/lice.h: At global scope:
/workspace/scratch/286141ad5a40/repo-checkout/src/WDL/lice/lice.h:374:97: warning: zero as null pointer constant [-Wzero-as-null-pointer-constant]
  374 | LICE_IBitmap* LICE_LoadJPGFromResource(HINSTANCE hInst, const char *resid, LICE_IBitmap* bmp = 0);
      |                                                                                                 ^
In file included from /workspace/scratch/286141ad5a40/repo-checkout/src/WDL/lice/lice.cpp:19:
/workspace/scratch/286141ad5a40/repo-checkout/src/WDL/lice/lice_combine.h: In function ‘void __LICE_BilinearFilterI(int*, int*, int*, int*, const LICE_pixel_chan*, const LICE_pixel_chan*, unsigned int, unsigned int)’:
/workspace/scratch/286141ad5a40/repo-checkout/src/WDL/lice/lice_combine.h:24:101: warning: conversion to ‘int’ from ‘unsigned int’ may change the sign of the result [-Wsign-conversion]
   24 |     (output)=(pin[(inchan)]*f1 + pin[4+(inchan)]*f2 + pinnext[(inchan)]*f3 + pinnext[4+(inchan)]*f4)>>16;
      |              ~~~~~~~~~~~~~~~~~~~~~~~~~~~~~~~~~~~~~~~~~~~~~~~~~~~~~~~~~~~~~~~~~~~~~~~~~~~~~~~~~~~~~~~^~~~
/workspace/scratch/286141ad5a40/repo-checkout/src/WDL/lice/lice_combine.h:25:3: note: in expansion of macro ‘DOCHAN’
   25 |   DOCHAN(*r,LICE_PIXEL_R)
      |   ^~~~~~
/workspace/scratch/286141ad5a40/repo-checkout/src/WDL/lice/lice_combine.h:24:101: warning: conversion to ‘int’ from ‘unsigned int’ may change the sign of the result [-Wsign-conversion]
   24 |     (output)=(pin[(inchan)]*f1 + pin[4+(inchan)]*f2 + pinnext[(inchan)]*f3 + pinnext[4+(inchan)]*f4)>>16;
      |              ~~~~~~~~~~~~~~~~~~~~~~~~~~~~~~~~~~~~~~~~~~~~~~~~~~~~~~~~~~~~~~~~~~~~~~~~~~~~~~~~~~~~~~~^~~~
/workspace/scratch/286141ad5a40/repo-checkout/src/WDL/lice/lice_combine.h:26:3: note: in expansion of macro ‘DOCHAN’
   26 |   DOCHAN(*g,LICE_PIXEL_G)
      |   ^~~~~~
/workspace/scratch/286141ad5a40/repo-checkout/src/WDL/lice/lice_combine.h:24:101: warning: conversion to ‘int’ from ‘unsigned int’ may change the sign of the result [-Wsign-conversion]
   24 |     (output)=(pin[(inchan)]*f1 + pin[4+(inchan)]*f2 + pinnext[(inchan)]*f3 + pinnext[4+(inchan)]*f4)>>16;
      |              ~~~~~~~~~~~~~~~~~~~~~~~~~~~~~~~~~~~~~~~~~~~~~~~~~~~~~~~~~~~~~~~~~~~~~~~~~~~~~~~~~~~~~~~^~~~
/workspace/scratch/286141ad5a40/repo-checkout/src/WDL/lice/lice_combine.h:27:3: note: in expansion of macro ‘DOCHAN’
   27 |   DOCHAN(*b,LICE_PIXEL_B)
      |   ^~~~~~
/workspace/scratch/286141ad5a40/repo-checkout/src/WDL/lice/lice_combine.h:24:101: warning: conversion to ‘int’ from ‘unsigned int’ may change the sign of the result [-Wsign-conversion]
   24 |     (output)=(pin[(inchan)]*f1 + pin[4+(inchan)]*f2 + pinnext[(inchan)]*f3 + pinnext[4+(inchan)]*f4)>>16;
      |              ~~~~~~~~~~~~~~~~~~~~~~~~~~~~~~~~~~~~~~~~~~~~~~~~~~~~~~~~~~~~~~~~~~~~~~~~~~~~~~~~~~~~~~~^~~~
/workspace/scratch/286141ad5a40/repo-checkout/src/WDL/lice/lice_combine.h:28:3: note: in expansion of macro ‘DOCHAN’
   28 |   DOCHAN(*a,LICE_PIXEL_A)
      |   ^~~~~~
/workspace/scratch/286141ad5a40/repo-checkout/src/WDL/lice/lice_combine.h: In function ‘void __LICE_BilinearFilterI_2(int*, int*, int*, int*, const LICE_pixel_chan*, const LICE_pixel_chan*, int, unsigned int, unsigned int)’:
/workspace/scratch/286141ad5a40/repo-checkout/src/WDL/lice/lice_combine.h:54:119: warning: conversion to ‘int’ from ‘unsigned int’ may change the sign of the result [-Wsign-conversion]
   54 |   *r=(pin[LICE_PIXEL_R]*f1 + pin[npoffs+LICE_PIXEL_R]*f2 + pinnext[LICE_PIXEL_R]*f3 + pinnext[npoffs+LICE_PIXEL_R]*f4)>>16;
      |      ~~~~~~~~~~~~~~~~~~~~~~~~~~~~~~~~~~~~~~~~~~~~~~~~~~~~~~~~~~~~~~~~~~~~~~~~~~~~~~~~~~~~~~~~~~~~~~~~~~~~~~~~~~~~~~~~~^~~~
/workspace/scratch/286141ad5a40/repo-checkout/src/WDL/lice/lice_combine.h:55:119: warning: conversion to ‘int’ from ‘unsigned int’ may change the sign of the result [-Wsign-conversion]
   55 |   *g=(pin[LICE_PIXEL_G]*f1 + pin[npoffs+LICE_PIXEL_G]*f2 + pinnext[LICE_PIXEL_G]*f3 + pinnext[npoffs+LICE_PIXEL_G]*f4)>>16;
      |      ~~~~~~~~~~~~~~~~~~~~~~~~~~~~~~~~~~~~~~~~~~~~~~~~~~~~~~~~~~~~~~~~~~~~~~~~~~~~~~~~~~~~~~~~~~~~~~~~~~~~~~~~~~~~~~~~~^~~~
/workspace/scratch/286141ad5a40/repo-checkout/src/WDL/lice/lice_combine.h:56:119: warning: conversion to ‘int’ from ‘unsigned int’ may change the sign of the result [-Wsign-conversion]
   56 |   *b=(pin[LICE_PIXEL_B]*f1 + pin[npoffs+LICE_PIXEL_B]*f2 + pinnext[LICE_PIXEL_B]*f3 + pinnext[npoffs+LICE_PIXEL_B]*f4)>>16;
      |      ~~~~~~~~~~~~~~~~~~~~~~~~~~~~~~~~~~~~~~~~~~~~~~~~~~~~~~~~~~~~~~~~~~~~~~~~~~~~~~~~~~~~~~~~~~~~~~~~~~~~~~~~~~~~~~~~~^~~~
/workspace/scratch/286141ad5a40/repo-checkout/src/WDL/lice/lice_combine.h:57:119: warning: conversion to ‘int’ from ‘unsigned int’ may change the sign of the result [-Wsign-conversion]
   57 |   *a=(pin[LICE_PIXEL_A]*f1 + pin[npoffs+LICE_PIXEL_A]*f2 + pinnext[LICE_PIXEL_A]*f3 + pinnext[npoffs+LICE_PIXEL_A]*f4)>>16;
      |      ~~~~~~~~~~~~~~~~~~~~~~~~~~~~~~~~~~~~~~~~~~~~~~~~~~~~~~~~~~~~~~~~~~~~~~~~~~~~~~~~~~~~~~~~~~~~~~~~~~~~~~~~~~~~~~~~~^~~~
/workspace/scratch/286141ad5a40/repo-checkout/src/WDL/lice/lice_combine.h: In function ‘void __LICE_LinearFilterI(int*, int*, int*, int*, const LICE_pixel_chan*, const LICE_pixel_chan*, unsigned int)’:
/workspace/scratch/286141ad5a40/repo-checkout/src/WDL/lice/lice_combine.h:64:56: warning: conversion to ‘int’ from ‘unsigned int’ may change the sign of the result [-Wsign-conversion]
   64 |   *r=(pin[LICE_PIXEL_R]*f + pinnext[LICE_PIXEL_R]*frac)>>16;
      |      ~~~~~~~~~~~~~~~~~~~~~~~~~~~~~~~~~~~~~~~~~~~~~~~~~~^~~~
/workspace/scratch/286141ad5a40/repo-checkout/src/WDL/lice/lice_combine.h:65:56: warning: conversion to ‘int’ from ‘unsigned int’ may change the sign of the result [-Wsign-conversion]
   65 |   *g=(pin[LICE_PIXEL_G]*f + pinnext[LICE_PIXEL_G]*frac)>>16;
      |      ~~~~~~~~~~~~~~~~~~~~~~~~~~~~~~~~~~~~~~~~~~~~~~~~~~^~~~
/workspace/scratch/286141ad5a40/repo-checkout/src/WDL/lice/lice_combine.h:66:56: warning: conversion to ‘int’ from ‘unsigned int’ may change the sign of the result [-Wsign-conversion]
   66 |   *b=(pin[LICE_PIXEL_B]*f + pinnext[LICE_PIXEL_B]*frac)>>16;
      |      ~~~~~~~~~~~~~~~~~~~~~~~~~~~~~~~~~~~~~~~~~~~~~~~~~~^~~~
/workspace/scratch/286141ad5a40/repo-checkout/src/WDL/lice/lice_combine.h:67:56: warning: conversion to ‘int’ from ‘unsigned int’ may change the sign of the result [-Wsign-conversion]
   67 |   *a=(pin[LICE_PIXEL_A]*f + pinnext[LICE_PIXEL_A]*frac)>>16;
      |      ~~~~~~~~~~~~~~~~~~~~~~~~~~~~~~~~~~~~~~~~~~~~~~~~~~^~~~
/workspace/scratch/286141ad5a40/repo-checkout/src/WDL/lice/lice_combine.h: In function ‘LICE_pixel __LICE_HSV2Pix(int, int, int, int)’:
/workspace/scratch/286141ad5a40/repo-checkout/src/WDL/lice/lice.h:57:72: warning: conversion to ‘LICE_pixel’ {aka ‘unsigned int’} from ‘int’ may change the sign of the result [-Wsign-conversion]
   57 | #define LICE_RGBA(r,g,b,a) (((b)&0xff)|(((g)&0xff)<<8)|(((r)&0xff)<<16)|(((a)&0xff)<<24))
      |                            ~~~~~~~~~~~~~~~~~~~~~~~~~~~~~~~~~~~~~~~~~~~~^~~~~~~~~~~~~~~~~~
/workspace/scratch/286141ad5a40/repo-checkout/src/WDL/lice/lice_combine.h:115:22: note: in expansion of macro ‘LICE_RGBA’
  115 |     if (h<64) return LICE_RGBA(HSV_X,HSV_T(h),HSV_P,alpha);
      |                      ^~~~~~~~~
/workspace/scratch/286141ad5a40/repo-checkout/src/WDL/lice/lice.h:57:72: warning: conversion to ‘LICE_pixel’ {aka ‘unsigned int’} from ‘int’ may change the sign of the result [-Wsign-conversion]
   57 | #define LICE_RGBA(r,g,b,a) (((b)&0xff)|(((g)&0xff)<<8)|(((r)&0xff)<<16)|(((a)&0xff)<<24))
      |                            ~~~~~~~~~~~~~~~~~~~~~~~~~~~~~~~~~~~~~~~~~~~~^~~~~~~~~~~~~~~~~~
/workspace/scratch/286141ad5a40/repo-checkout/src/WDL/lice/lice_combine.h:116:23: note: in expansion of macro ‘LICE_RGBA’
  116 |     if (h<128) return LICE_RGBA(HSV_Q(h-64),HSV_X,HSV_P,alpha);
      |                       ^~~~~~~~~
/workspace/scratch/286141ad5a40/repo-checkout/src/WDL/lice/lice.h:57:72: warning: conversion to ‘LICE_pixel’ {aka ‘unsigned int’} from ‘int’ may change the sign of the result [-Wsign-conversion]
   57 | #define LICE_RGBA(r,g,b,a) (((b)&0xff)|(((g)&0xff)<<8)|(((r)&0xff)<<16)|(((a)&0xff)<<24))
      |                            ~~~~~~~~~~~~~~~~~~~~~~~~~~~~~~~~~~~~~~~~~~~~^~~~~~~~~~~~~~~~~~
/workspace/scratch/286141ad5a40/repo-checkout/src/WDL/lice/lice_combine.h:117:12: note: in expansion of macro ‘LICE_RGBA’
  117 |     return LICE_RGBA(HSV_P,HSV_X,HSV_T(h-128),alpha);
      |            ^~~~~~~~~
/workspace/scratch/286141ad5a40/repo-checkout/src/WDL/lice/lice.h:57:72: warning: conversion to ‘LICE_pixel’ {aka ‘unsigned int’} from ‘int’ may change the sign of the result [-Wsign-conversion]
   57 | #define LICE_RGBA(r,g,b,a) (((b)&0xff)|(((g)&0xff)<<8)|(((r)&0xff)<<16)|(((a)&0xff)<<24))
      |                            ~~~~~~~~~~~~~~~~~~~~~~~~~~~~~~~~~~~~~~~~~~~~^~~~~~~~~~~~~~~~~~
/workspace/scratch/286141ad5a40/repo-checkout/src/WDL/lice/lice_combine.h:119:23: note: in expansion of macro ‘LICE_RGBA’
  119 |   if (h < 256) return LICE_RGBA(HSV_P,HSV_Q(h-192),HSV_X,alpha);
      |                       ^~~~~~~~~
/workspace/scratch/286141ad5a40/repo-checkout/src/WDL/lice/lice.h:57:72: warning: conversion to ‘LICE_pixel’ {aka ‘unsigned int’} from ‘int’ may change the sign of the result [-Wsign-conversion]
   57 | #define LICE_RGBA(r,g,b,a) (((b)&0xff)|(((g)&0xff)<<8)|(((r)&0xff)<<16)|(((a)&0xff)<<24))
      |                            ~~~~~~~~~~~~~~~~~~~~~~~~~~~~~~~~~~~~~~~~~~~~^~~~~~~~~~~~~~~~~~
/workspace/scratch/286141ad5a40/repo-checkout/src/WDL/lice/lice_combine.h:120:23: note: in expansion of macro ‘LICE_RGBA’
  120 |   if (h < 320) return LICE_RGBA(HSV_T(h-256),HSV_P,HSV_X,alpha);
      |                       ^~~~~~~~~
/workspace/scratch/286141ad5a40/repo-checkout/src/WDL/lice/lice.h:57:72: warning: conversion to ‘LICE_pixel’ {aka ‘unsigned int’} from ‘int’ may change the sign of the result [-Wsign-conversion]
   57 | #define LICE_RGBA(r,g,b,a) (((b)&0xff)|(((g)&0xff)<<8)|(((r)&0xff)<<16)|(((a)&0xff)<<24))
      |                            ~~~~~~~~~~~~~~~~~~~~~~~~~~~~~~~~~~~~~~~~~~~~^~~~~~~~~~~~~~~~~~
/workspace/scratch/286141ad5a40/repo-checkout/src/WDL/lice/lice_combine.h:121:10: note: in expansion of macro ‘LICE_RGBA’
  121 |   return LICE_RGBA(HSV_X,HSV_P,HSV_Q(h-320),alpha);
      |          ^~~~~~~~~
/workspace/scratch/286141ad5a40/repo-checkout/src/WDL/lice/lice_combine.h: In static member function ‘static void _LICE_CombinePixelsClobberNoClamp::doPix(LICE_pixel_chan*, int, int, int, int, int)’:
/workspace/scratch/286141ad5a40/repo-checkout/src/WDL/lice/lice_combine.h:253:83: warning: unused parameter ‘alpha’ [-Wunused-parameter]
  253 |   static inline void doPix(LICE_pixel_chan *dest, int r, int g, int b, int a, int alpha)    // alpha is ignored.
      |                                                                               ~~~~^~~~~
/workspace/scratch/286141ad5a40/repo-checkout/src/WDL/lice/lice_combine.h: In static member function ‘static void _LICE_CombinePixelsClobberClamp::doPix(LICE_pixel_chan*, int, int, int, int, int)’:
/workspace/scratch/286141ad5a40/repo-checkout/src/WDL/lice/lice_combine.h:262:83: warning: unused parameter ‘alpha’ [-Wunused-parameter]
  262 |   static inline void doPix(LICE_pixel_chan *dest, int r, int g, int b, int a, int alpha)    // alpha is ignored.
      |                                                                               ~~~~^~~~~
/workspace/scratch/286141ad5a40/repo-checkout/src/WDL/lice/lice_combine.h: In static member function ‘static void _LICE_CombinePixelsHalfMixNoClamp::doPix(LICE_pixel_chan*, int, int, int, int, int)’:
/workspace/scratch/286141ad5a40/repo-checkout/src/WDL/lice/lice_combine.h:280:83: warning: unused parameter ‘alpha’ [-Wunused-parameter]
  280 |   static inline void doPix(LICE_pixel_chan *dest, int r, int g, int b, int a, int alpha)
      |                                                                               ~~~~^~~~~
/workspace/scratch/286141ad5a40/repo-checkout/src/WDL/lice/lice_combine.h: In static member function ‘static void _LICE_CombinePixelsHalfMixClamp::doPix(LICE_pixel_chan*, int, int, int, int, int)’:
/workspace/scratch/286141ad5a40/repo-checkout/src/WDL/lice/lice_combine.h:302:83: warning: unused parameter ‘alpha’ [-Wunused-parameter]
  302 |   static inline void doPix(LICE_pixel_chan *dest, int r, int g, int b, int a, int alpha)
      |                                                                               ~~~~^~~~~
/workspace/scratch/286141ad5a40/repo-checkout/src/WDL/lice/lice_combine.h: In static member function ‘static void _LICE_CombinePixelsCopySourceAlphaIgnoreAlphaParmNoClamp::doPix(LICE_pixel_chan*, int, int, int, int, int)’:
/workspace/scratch/286141ad5a40/repo-checkout/src/WDL/lice/lice_combine.h:424:83: warning: unused parameter ‘alpha’ [-Wunused-parameter]
  424 |   static inline void doPix(LICE_pixel_chan *dest, int r, int g, int b, int a, int alpha)
      |                                                                               ~~~~^~~~~
/workspace/scratch/286141ad5a40/repo-checkout/src/WDL/lice/lice_combine.h: In static member function ‘static void _LICE_CombinePixelsCopySourceAlphaIgnoreAlphaParmClamp::doPix(LICE_pixel_chan*, int, int, int, int, int)’:
/workspace/scratch/286141ad5a40/repo-checkout/src/WDL/lice/lice_combine.h:448:83: warning: unused parameter ‘alpha’ [-Wunused-parameter]
  448 |   static inline void doPix(LICE_pixel_chan *dest, int r, int g, int b, int a, int alpha)
      |                                                                               ~~~~^~~~~
/workspace/scratch/286141ad5a40/repo-checkout/src/WDL/lice/lice.cpp: In function ‘LICE_pixel LICE_CombinePixels(LICE_pixel, LICE_pixel, float, int)’:
/workspace/scratch/286141ad5a40/repo-checkout/src/WDL/lice/lice.h:61:32: warning: conversion to ‘int’ from ‘LICE_pixel’ {aka ‘unsigned int’} may change the sign of the result [-Wsign-conversion]
   61 | #define LICE_GETA(v) (((v)>>24)&0xff)
      |                      ~~~~~~~~~~^~~~~~
/workspace/scratch/286141ad5a40/repo-checkout/src/WDL/lice/lice.cpp:50:11: note: in expansion of macro ‘LICE_GETA’
   50 |   int a = LICE_GETA(src);
      |           ^~~~~~~~~
/workspace/scratch/286141ad5a40/repo-checkout/src/WDL/lice/lice.cpp: In constructor ‘LICE_MemBitmap::LICE_MemBitmap(int, int, unsigned int)’:
/workspace/scratch/286141ad5a40/repo-checkout/src/WDL/lice/lice.cpp:78:8: warning: zero as null pointer constant [-Wzero-as-null-pointer-constant]
   78 |   m_fb=0;
      |        ^
/workspace/scratch/286141ad5a40/repo-checkout/src/WDL/lice/lice.cpp: In member function ‘bool LICE_MemBitmap::__resize(int, int)’:
/workspace/scratch/286141ad5a40/repo-checkout/src/WDL/lice/lice.cpp:99:22: warning: conversion to ‘unsigned int’ from ‘int’ may change the sign of the result [-Wsign-conversion]
   99 |     int sz=(((m_width=w)+m_linealign)&~m_linealign)*(m_height=h)*sizeof(LICE_pixel);
      |              ~~~~~~~~^~~
/workspace/scratch/286141ad5a40/repo-checkout/src/WDL/lice/lice.cpp:99:62: warning: conversion to ‘unsigned int’ from ‘int’ may change the sign of the result [-Wsign-conversion]
   99 |     int sz=(((m_width=w)+m_linealign)&~m_linealign)*(m_height=h)*sizeof(LICE_pixel);
      |                                                     ~~~~~~~~~^~~
/workspace/scratch/286141ad5a40/repo-checkout/src/WDL/lice/lice.cpp:101:45: warning: zero as null pointer constant [-Wzero-as-null-pointer-constant]
  101 |     if (sz<=0||w<1||h<1) { free(m_fb); m_fb=0; m_allocsize=0; }
      |                                             ^
/workspace/scratch/286141ad5a40/repo-checkout/src/WDL/lice/lice.cpp:102:63: warning: conversion to ‘size_t’ {aka ‘long unsigned int’} from ‘int’ may change the sign of the result [-Wsign-conversion]
  102 |     else if (!m_fb) m_fb=(LICE_pixel*)malloc((m_allocsize=sz) + LICE_MEMBITMAP_ALIGNAMT);
/workspace/scratch/286141ad5a40/repo-checkout/src/WDL/lice/lice.cpp:108:67: warning: conversion to ‘size_t’ {aka ‘long unsigned int’} from ‘int’ may change the sign of the result [-Wsign-conversion]
  108 |         if (!(m_fb=(LICE_pixel*)realloc(m_fb,(m_allocsize=sz+sz/4)+LICE_MEMBITMAP_ALIGNAMT)))
/workspace/scratch/286141ad5a40/repo-checkout/src/WDL/lice/lice.cpp:111:52: warning: conversion to ‘size_t’ {aka ‘long unsigned int’} from ‘int’ may change the sign of the result [-Wsign-conversion]
  111 |           m_fb=(LICE_pixel*)malloc((m_allocsize=sz)+LICE_MEMBITMAP_ALIGNAMT);
/workspace/scratch/286141ad5a40/repo-checkout/src/WDL/lice/lice.cpp: In static member function ‘static void _LICE_Template_Blit3::deltaBlit(LICE_pixel_chan*, const LICE_pixel_chan*, int, int, int, int, int, int, int, int, int, int, unsigned int, unsigned int, int, int, int, int, LICE_COMBINEFUNC)’:
/workspace/scratch/286141ad5a40/repo-checkout/src/WDL/lice/lice.cpp:614:45: warning: conversion to ‘unsigned int’ from ‘int’ may change the sign of the result [-Wsign-conversion]
  614 |             const unsigned int cury = thisy >> 16;
      |                                       ~~~~~~^~~~~
/workspace/scratch/286141ad5a40/repo-checkout/src/WDL/lice/lice.cpp:615:45: warning: conversion to ‘unsigned int’ from ‘int’ may change the sign of the result [-Wsign-conversion]
  615 |             const unsigned int curx = thisx >> 16;
      |                                       ~~~~~~^~~~~
/workspace/scratch/286141ad5a40/repo-checkout/src/WDL/lice/lice.cpp:620:59: warning: conversion to ‘unsigned int’ from ‘int’ may change the sign of the result [-Wsign-conversion]
  620 |                 const LICE_pixel_chan *pin = src + cury * src_span + curx*sizeof(LICE_pixel);
      |                                                           ^~~~~~~~
/workspace/scratch/286141ad5a40/repo-checkout/src/WDL/lice/lice.cpp:630:59: warning: conversion to ‘unsigned int’ from ‘int’ may change the sign of the result [-Wsign-conversion]
  630 |                 const LICE_pixel_chan *pin = src + cury * src_span + curx*sizeof(LICE_pixel);
      |                                                           ^~~~~~~~
/workspace/scratch/286141ad5a40/repo-checkout/src/WDL/lice/lice.cpp:641:59: warning: conversion to ‘unsigned int’ from ‘int’ may change the sign of the result [-Wsign-conversion]
  641 |                 const LICE_pixel_chan *pin = src + cury * src_span + curx*sizeof(LICE_pixel);
      |                                                           ^~~~~~~~
/workspace/scratch/286141ad5a40/repo-checkout/src/WDL/lice/lice.cpp:651:59: warning: conversion to ‘unsigned int’ from ‘int’ may change the sign of the result [-Wsign-conversion]
  651 |                 const LICE_pixel_chan *pin = src + cury * src_span + curx*sizeof(LICE_pixel);
      |                                                           ^~~~~~~~
/workspace/scratch/286141ad5a40/repo-checkout/src/WDL/lice/lice.cpp:677:45: warning: conversion to ‘unsigned int’ from ‘int’ may change the sign of the result [-Wsign-conversion]
  677 |             const unsigned int cury = thisy >> 16;
      |                                       ~~~~~~^~~~~
/workspace/scratch/286141ad5a40/repo-checkout/src/WDL/lice/lice.cpp:678:45: warning: conversion to ‘unsigned int’ from ‘int’ may change the sign of the result [-Wsign-conversion]
  678 |             const unsigned int curx = thisx >> 16;
      |                                       ~~~~~~^~~~~
/workspace/scratch/286141ad5a40/repo-checkout/src/WDL/lice/lice.cpp:681:57: warning: conversion to ‘unsigned int’ from ‘int’ may change the sign of the result [-Wsign-conversion]
  681 |               const LICE_pixel_chan *pin = src + cury * src_span + curx*sizeof(LICE_pixel);
      |                                                         ^~~~~~~~
/workspace/scratch/286141ad5a40/repo-checkout/src/WDL/lice/lice.cpp: In static member function ‘static void _LICE_Template_Blit4::deltaBlitAlpha(LICE_pixel_chan*, const LICE_pixel_chan*, int, int, int, int, int, int, int, int, int, int, unsigned int, unsigned int, int, int, int, int, int, int, int, LICE_COMBINEFUNC)’:
/workspace/scratch/286141ad5a40/repo-checkout/src/WDL/lice/lice.cpp:736:45: warning: conversion to ‘unsigned int’ from ‘int’ may change the sign of the result [-Wsign-conversion]
  736 |             const unsigned int cury = thisy >> 16;
      |                                       ~~~~~~^~~~~
/workspace/scratch/286141ad5a40/repo-checkout/src/WDL/lice/lice.cpp:737:45: warning: conversion to ‘unsigned int’ from ‘int’ may change the sign of the result [-Wsign-conversion]
  737 |             const unsigned int curx = thisx >> 16;
      |                                       ~~~~~~^~~~~
/workspace/scratch/286141ad5a40/repo-checkout/src/WDL/lice/lice.cpp:742:59: warning: conversion to ‘unsigned int’ from ‘int’ may change the sign of the result [-Wsign-conversion]
  742 |                 const LICE_pixel_chan *pin = src + cury * src_span + curx*sizeof(LICE_pixel);
      |                                                           ^~~~~~~~
/workspace/scratch/286141ad5a40/repo-checkout/src/WDL/lice/lice.cpp:752:59: warning: conversion to ‘unsigned int’ from ‘int’ may change the sign of the result [-Wsign-conversion]
  752 |                 const LICE_pixel_chan *pin = src + cury * src_span + curx*sizeof(LICE_pixel);
      |                                                           ^~~~~~~~
/workspace/scratch/286141ad5a40/repo-checkout/src/WDL/lice/lice.cpp:763:59: warning: conversion to ‘unsigned int’ from ‘int’ may change the sign of the result [-Wsign-conversion]
  763 |                 const LICE_pixel_chan *pin = src + cury * src_span + curx*sizeof(LICE_pixel);
      |                                                           ^~~~~~~~
/workspace/scratch/286141ad5a40/repo-checkout/src/WDL/lice/lice.cpp:773:59: warning: conversion to ‘unsigned int’ from ‘int’ may change the sign of the result [-Wsign-conversion]
  773 |                 const LICE_pixel_chan *pin = src + cury * src_span + curx*sizeof(LICE_pixel);
      |                                                           ^~~~~~~~
/workspace/scratch/286141ad5a40/repo-checkout/src/WDL/lice/lice.cpp:803:45: warning: conversion to ‘unsigned int’ from ‘int’ may change the sign of the result [-Wsign-conversion]
  803 |             const unsigned int cury = thisy >> 16;
      |                                       ~~~~~~^~~~~
/workspace/scratch/286141ad5a40/repo-checkout/src/WDL/lice/lice.cpp:804:45: warning: conversion to ‘unsigned int’ from ‘int’ may change the sign of the result [-Wsign-conversion]
  804 |             const unsigned int curx = thisx >> 16;
      |                                       ~~~~~~^~~~~
/workspace/scratch/286141ad5a40/repo-checkout/src/WDL/lice/lice.cpp:807:57: warning: conversion to ‘unsigned int’ from ‘int’ may change the sign of the result [-Wsign-conversion]
  807 |               const LICE_pixel_chan *pin = src + cury * src_span + curx*sizeof(LICE_pixel);
      |                                                         ^~~~~~~~
/workspace/scratch/286141ad5a40/repo-checkout/src/WDL/lice/lice.cpp: In function ‘void LICE_GradRect(LICE_IBitmap*, int, int, int, int, float, float, float, float, float, float, float, float, float, float, float, float, int)’:
/workspace/scratch/286141ad5a40/repo-checkout/src/WDL/lice/lice.cpp:862:33: warning: conversion to ‘long unsigned int’ from ‘int’ may change the sign of the result [-Wsign-conversion]
  862 |   int dest_span=dest->getRowSpan()*sizeof(LICE_pixel);
      |                 ~~~~~~~~~~~~~~~~^~
/workspace/scratch/286141ad5a40/repo-checkout/src/WDL/lice/lice.cpp:881:10: warning: conversion to ‘long unsigned int’ from ‘int’ may change the sign of the result [-Wsign-conversion]
  881 |   pdest+=dstx*sizeof(LICE_pixel);
      |          ^~~~
/workspace/scratch/286141ad5a40/repo-checkout/src/WDL/lice/lice.cpp: In function ‘void LICE_BlitInt(LICE_IBitmap*, LICE_IBitmap*, int, int, const RECT*, float, int, bool)’:
/workspace/scratch/286141ad5a40/repo-checkout/src/WDL/lice/lice.cpp:922:25: warning: comparing floating-point with ‘==’ or ‘!=’ is unsafe [-Wfloat-equal]
  922 |   if (!dest || !src || !alpha) return;
      |                         ^~~~~
/workspace/scratch/286141ad5a40/repo-checkout/src/WDL/lice/lice.cpp:922:25: warning: comparing floating-point with ‘==’ or ‘!=’ is unsafe [-Wfloat-equal]
/workspace/scratch/286141ad5a40/repo-checkout/src/WDL/lice/lice.cpp:996:33: warning: conversion to ‘long unsigned int’ from ‘int’ may change the sign of the result [-Wsign-conversion]
  996 |   int dest_span=dest->getRowSpan()*sizeof(LICE_pixel);
      |                 ~~~~~~~~~~~~~~~~^~
/workspace/scratch/286141ad5a40/repo-checkout/src/WDL/lice/lice.cpp:997:31: warning: conversion to ‘long unsigned int’ from ‘int’ may change the sign of the result [-Wsign-conversion]
  997 |   int src_span=src->getRowSpan()*sizeof(LICE_pixel);
      |                ~~~~~~~~~~~~~~~^~
/workspace/scratch/286141ad5a40/repo-checkout/src/WDL/lice/lice.cpp:1008:14: warning: conversion to ‘long unsigned int’ from ‘LONG’ {aka ‘int’} may change the sign of the result [-Wsign-conversion]
 1008 |   psrc += sr.left*sizeof(LICE_pixel);
      |           ~~~^~~~
/workspace/scratch/286141ad5a40/repo-checkout/src/WDL/lice/lice.cpp:1016:10: warning: conversion to ‘long unsigned int’ from ‘int’ may change the sign of the result [-Wsign-conversion]
 1016 |   pdest+=dstx*sizeof(LICE_pixel);
      |          ^~~~
/workspace/scratch/286141ad5a40/repo-checkout/src/WDL/lice/lice.cpp:1039:91: warning: comparing floating-point with ‘==’ or ‘!=’ is unsafe [-Wfloat-equal]
 1039 |   else if ((mode&(LICE_BLIT_MODE_MASK|LICE_BLIT_USE_ALPHA))==LICE_BLIT_MODE_COPY && (alpha==1.0||alpha==0.5))
      |                                                                                      ~~~~~^~~~~
/workspace/scratch/286141ad5a40/repo-checkout/src/WDL/lice/lice.cpp:1039:103: warning: comparing floating-point with ‘==’ or ‘!=’ is unsafe [-Wfloat-equal]
 1039 |   else if ((mode&(LICE_BLIT_MODE_MASK|LICE_BLIT_USE_ALPHA))==LICE_BLIT_MODE_COPY && (alpha==1.0||alpha==0.5))
      |                                                                                                  ~~~~~^~~~~
/workspace/scratch/286141ad5a40/repo-checkout/src/WDL/lice/lice.cpp:1041:14: warning: comparing floating-point with ‘==’ or ‘!=’ is unsafe [-Wfloat-equal]
 1041 |     if (alpha==0.5)
      |         ~~~~~^~~~~
/workspace/scratch/286141ad5a40/repo-checkout/src/WDL/lice/lice.cpp:1062:28: warning: conversion to ‘long unsigned int’ from ‘int’ may change the sign of the result [-Wsign-conversion]
 1062 |         memmove(pdest,psrc,cpsize*sizeof(LICE_pixel));
      |                            ^~~~~~
/workspace/scratch/286141ad5a40/repo-checkout/src/WDL/lice/lice.cpp: In function ‘void LICE_Blur(LICE_IBitmap*, LICE_IBitmap*, int, int, int, int, int, int)’:
/workspace/scratch/286141ad5a40/repo-checkout/src/WDL/lice/lice.cpp:1158:38: warning: conversion to ‘long unsigned int’ from ‘int’ may change the sign of the result [-Wsign-conversion]
 1158 |     else tmpbuf=(LICE_pixel*)malloc(w*2*sizeof(LICE_pixel));
      |                                     ~^~
/workspace/scratch/286141ad5a40/repo-checkout/src/WDL/lice/lice.cpp:1165:38: warning: conversion to ‘long unsigned int’ from ‘int’ may change the sign of the result [-Wsign-conversion]
 1165 |       memcpy(tmpbuf+((i&1)?w:0),psrc,w*sizeof(LICE_pixel));
      |                                      ^
/workspace/scratch/286141ad5a40/repo-checkout/src/WDL/lice/lice.cpp: In function ‘void LICE_ScaledBlit(LICE_IBitmap*, LICE_IBitmap*, int, int, int, int, float, float, float, float, float, int)’:
/workspace/scratch/286141ad5a40/repo-checkout/src/WDL/lice/lice.cpp:1233:43: warning: comparing floating-point with ‘==’ or ‘!=’ is unsafe [-Wfloat-equal]
 1233 |   if (!dest || !src || !dstw || !dsth || !alpha) return;
      |                                           ^~~~~
/workspace/scratch/286141ad5a40/repo-checkout/src/WDL/lice/lice.cpp:1233:43: warning: comparing floating-point with ‘==’ or ‘!=’ is unsafe [-Wfloat-equal]
/workspace/scratch/286141ad5a40/repo-checkout/src/WDL/lice/lice.cpp:1274:60: warning: missing initializer for member ‘RECT::right’ [-Wmissing-field-initializers]
 1274 |       RECT sr={(int)(srcx_orig+0.5f),(int)(srcy_orig+0.5f),};
      |                                                            ^
/workspace/scratch/286141ad5a40/repo-checkout/src/WDL/lice/lice.cpp:1274:60: warning: missing initializer for member ‘RECT::bottom’ [-Wmissing-field-initializers]
/workspace/scratch/286141ad5a40/repo-checkout/src/WDL/lice/lice.cpp:1369:33: warning: conversion to ‘long unsigned int’ from ‘int’ may change the sign of the result [-Wsign-conversion]
 1369 |   int dest_span=dest->getRowSpan()*sizeof(LICE_pixel);
      |                 ~~~~~~~~~~~~~~~~^~
/workspace/scratch/286141ad5a40/repo-checkout/src/WDL/lice/lice.cpp:1370:31: warning: conversion to ‘long unsigned int’ from ‘int’ may change the sign of the result [-Wsign-conversion]
 1370 |   int src_span=src->getRowSpan()*sizeof(LICE_pixel);
      |                ~~~~~~~~~~~~~~~^~
/workspace/scratch/286141ad5a40/repo-checkout/src/WDL/lice/lice.cpp:1385:11: warning: conversion to ‘long unsigned int’ from ‘int’ may change the sign of the result [-Wsign-conversion]
 1385 |   psrc += srcoffs_x * sizeof(LICE_pixel);
      |           ^~~~~~~~~
/workspace/scratch/286141ad5a40/repo-checkout/src/WDL/lice/lice.cpp:1393:10: warning: conversion to ‘long unsigned int’ from ‘int’ may change the sign of the result [-Wsign-conversion]
 1393 |   pdest+=dstx*sizeof(LICE_pixel);
      |          ^~~~
/workspace/scratch/286141ad5a40/repo-checkout/src/WDL/lice/lice.cpp:1410:116: warning: conversion to ‘unsigned int’ from ‘int’ may change the sign of the result [-Wsign-conversion]
 1410 |       _LICE_Template_Blit0<_LICE_CombinePixelsHalfMixFAST>::scaleBlitFAST(pdest,psrc,dstw,dsth,icurx,icury,idx,idy,clip_r,clip_b,src_span,dest_span);
      |                                                                                                                    ^~~~~~
/workspace/scratch/286141ad5a40/repo-checkout/src/WDL/lice/lice.cpp:1410:123: warning: conversion to ‘unsigned int’ from ‘int’ may change the sign of the result [-Wsign-conversion]
 1410 |       _LICE_Template_Blit0<_LICE_CombinePixelsHalfMixFAST>::scaleBlitFAST(pdest,psrc,dstw,dsth,icurx,icury,idx,idy,clip_r,clip_b,src_span,dest_span);
      |                                                                                                                           ^~~~~~
/workspace/scratch/286141ad5a40/repo-checkout/src/WDL/lice/lice.cpp:1414:116: warning: conversion to ‘unsigned int’ from ‘int’ may change the sign of the result [-Wsign-conversion]
 1414 |       _LICE_Template_Blit0<_LICE_CombinePixelsClobberFAST>::scaleBlitFAST(pdest,psrc,dstw,dsth,icurx,icury,idx,idy,clip_r,clip_b,src_span,dest_span);
      |                                                                                                                    ^~~~~~
/workspace/scratch/286141ad5a40/repo-checkout/src/WDL/lice/lice.cpp:1414:123: warning: conversion to ‘unsigned int’ from ‘int’ may change the sign of the result [-Wsign-conversion]
 1414 |       _LICE_Template_Blit0<_LICE_CombinePixelsClobberFAST>::scaleBlitFAST(pdest,psrc,dstw,dsth,icurx,icury,idx,idy,clip_r,clip_b,src_span,dest_span);
      |                                                                                                                           ^~~~~~
/workspace/scratch/286141ad5a40/repo-checkout/src/WDL/lice/lice.cpp:1474:117: warning: conversion to ‘unsigned int’ from ‘int’ may change the sign of the result [-Wsign-conversion]
 1474 |         #define __LICE__ACTION(comb) _LICE_Template_Blit2<comb>::scaleBlit(pdest,psrc,dstw,dsth,icurx,icury,idx,idy,clip_r,clip_b,src_span,dest_span,ia,mode&LICE_BLIT_FILTER_MASK)
      |                                                                                                                     ^~~~~~
/workspace/scratch/286141ad5a40/repo-checkout/src/WDL/lice/lice_combine.h:751:28: note: in expansion of macro ‘__LICE__ACTION’
  751 |           if ((ia)==256) { __LICE__ACTION(_LICE_CombinePixelsClobberClamp); } \
      |                            ^~~~~~~~~~~~~~
/workspace/scratch/286141ad5a40/repo-checkout/src/WDL/lice/lice.cpp:1476:11: note: in expansion of macro ‘__LICE_ACTION_SRCALPHA’
 1476 |           __LICE_ACTION_SRCALPHA(mode,ia,false);
      |           ^~~~~~~~~~~~~~~~~~~~~~
/workspace/scratch/286141ad5a40/repo-checkout/src/WDL/lice/lice.cpp:1474:124: warning: conversion to ‘unsigned int’ from ‘int’ may change the sign of the result [-Wsign-conversion]
 1474 |         #define __LICE__ACTION(comb) _LICE_Template_Blit2<comb>::scaleBlit(pdest,psrc,dstw,dsth,icurx,icury,idx,idy,clip_r,clip_b,src_span,dest_span,ia,mode&LICE_BLIT_FILTER_MASK)
      |                                                                                                                            ^~~~~~
/workspace/scratch/286141ad5a40/repo-checkout/src/WDL/lice/lice_combine.h:751:28: note: in expansion of macro ‘__LICE__ACTION’
  751 |           if ((ia)==256) { __LICE__ACTION(_LICE_CombinePixelsClobberClamp); } \
      |                            ^~~~~~~~~~~~~~
/workspace/scratch/286141ad5a40/repo-checkout/src/WDL/lice/lice.cpp:1476:11: note: in expansion of macro ‘__LICE_ACTION_SRCALPHA’
 1476 |           __LICE_ACTION_SRCALPHA(mode,ia,false);
      |           ^~~~~~~~~~~~~~~~~~~~~~
/workspace/scratch/286141ad5a40/repo-checkout/src/WDL/lice/lice.cpp:1474:117: warning: conversion to ‘unsigned int’ from ‘int’ may change the sign of the result [-Wsign-conversion]
 1474 |         #define __LICE__ACTION(comb) _LICE_Template_Blit2<comb>::scaleBlit(pdest,psrc,dstw,dsth,icurx,icury,idx,idy,clip_r,clip_b,src_span,dest_span,ia,mode&LICE_BLIT_FILTER_MASK)
      |                                                                                                                     ^~~~~~
/workspace/scratch/286141ad5a40/repo-checkout/src/WDL/lice/lice_combine.h:752:18: note: in expansion of macro ‘__LICE__ACTION’
  752 |           else { __LICE__ACTION(_LICE_CombinePixelsCopyClamp); }  \
      |                  ^~~~~~~~~~~~~~
/workspace/scratch/286141ad5a40/repo-checkout/src/WDL/lice/lice.cpp:1476:11: note: in expansion of macro ‘__LICE_ACTION_SRCALPHA’
 1476 |           __LICE_ACTION_SRCALPHA(mode,ia,false);
      |           ^~~~~~~~~~~~~~~~~~~~~~
/workspace/scratch/286141ad5a40/repo-checkout/src/WDL/lice/lice.cpp:1474:124: warning: conversion to ‘unsigned int’ from ‘int’ may change the sign of the result [-Wsign-conversion]
 1474 |         #define __LICE__ACTION(comb) _LICE_Template_Blit2<comb>::scaleBlit(pdest,psrc,dstw,dsth,icurx,icury,idx,idy,clip_r,clip_b,src_span,dest_span,ia,mode&LICE_BLIT_FILTER_MASK)
      |                                                                                                                            ^~~~~~
/workspace/scratch/286141ad5a40/repo-checkout/src/WDL/lice/lice_combine.h:752:18: note: in expansion of macro ‘__LICE__ACTION’
  752 |           else { __LICE__ACTION(_LICE_CombinePixelsCopyClamp); }  \
      |                  ^~~~~~~~~~~~~~
/workspace/scratch/286141ad5a40/repo-checkout/src/WDL/lice/lice.cpp:1476:11: note: in expansion of macro ‘__LICE_ACTION_SRCALPHA’
 1476 |           __LICE_ACTION_SRCALPHA(mode,ia,false);
      |           ^~~~~~~~~~~~~~~~~~~~~~
/workspace/scratch/286141ad5a40/repo-checkout/src/WDL/lice/lice.cpp:1474:117: warning: conversion to ‘unsigned int’ from ‘int’ may change the sign of the result [-Wsign-conversion]
 1474 |         #define __LICE__ACTION(comb) _LICE_Template_Blit2<comb>::scaleBlit(pdest,psrc,dstw,dsth,icurx,icury,idx,idy,clip_r,clip_b,src_span,dest_span,ia,mode&LICE_BLIT_FILTER_MASK)
      |                                                                                                                     ^~~~~~
/workspace/scratch/286141ad5a40/repo-checkout/src/WDL/lice/lice_combine.h:754:28: note: in expansion of macro ‘__LICE__ACTION’
  754 |           if ((ia)==256) { __LICE__ACTION(_LICE_CombinePixelsClobberNoClamp); } \
      |                            ^~~~~~~~~~~~~~
/workspace/scratch/286141ad5a40/repo-checkout/src/WDL/lice/lice.cpp:1476:11: note: in expansion of macro ‘__LICE_ACTION_SRCALPHA’
 1476 |           __LICE_ACTION_SRCALPHA(mode,ia,false);
      |           ^~~~~~~~~~~~~~~~~~~~~~
/workspace/scratch/286141ad5a40/repo-checkout/src/WDL/lice/lice.cpp:1474:124: warning: conversion to ‘unsigned int’ from ‘int’ may change the sign of the result [-Wsign-conversion]
 1474 |         #define __LICE__ACTION(comb) _LICE_Template_Blit2<comb>::scaleBlit(pdest,psrc,dstw,dsth,icurx,icury,idx,idy,clip_r,clip_b,src_span,dest_span,ia,mode&LICE_BLIT_FILTER_MASK)
      |                                                                                                                            ^~~~~~
/workspace/scratch/286141ad5a40/repo-checkout/src/WDL/lice/lice_combine.h:754:28: note: in expansion of macro ‘__LICE__ACTION’
  754 |           if ((ia)==256) { __LICE__ACTION(_LICE_CombinePixelsClobberNoClamp); } \
      |                            ^~~~~~~~~~~~~~
/workspace/scratch/286141ad5a40/repo-checkout/src/WDL/lice/lice.cpp:1476:11: note: in expansion of macro ‘__LICE_ACTION_SRCALPHA’
 1476 |           __LICE_ACTION_SRCALPHA(mode,ia,false);
      |           ^~~~~~~~~~~~~~~~~~~~~~
/workspace/scratch/286141ad5a40/repo-checkout/src/WDL/lice/lice.cpp:1474:117: warning: conversion to ‘unsigned int’ from ‘int’ may change the sign of the result [-Wsign-conversion]
 1474 |         #define __LICE__ACTION(comb) _LICE_Template_Blit2<comb>::scaleBlit(pdest,psrc,dstw,dsth,icurx,icury,idx,idy,clip_r,clip_b,src_span,dest_span,ia,mode&LICE_BLIT_FILTER_MASK)
      |                                                                                                                     ^~~~~~
/workspace/scratch/286141ad5a40/repo-checkout/src/WDL/lice/lice_combine.h:755:18: note: in expansion of macro ‘__LICE__ACTION’
  755 |           else { __LICE__ACTION(_LICE_CombinePixelsCopyNoClamp); } \
      |                  ^~~~~~~~~~~~~~
/workspace/scratch/286141ad5a40/repo-checkout/src/WDL/lice/lice.cpp:1476:11: note: in expansion of macro ‘__LICE_ACTION_SRCALPHA’
 1476 |           __LICE_ACTION_SRCALPHA(mode,ia,false);
      |           ^~~~~~~~~~~~~~~~~~~~~~
/workspace/scratch/286141ad5a40/repo-checkout/src/WDL/lice/lice.cpp:1474:124: warning: conversion to ‘unsigned int’ from ‘int’ may change the sign of the result [-Wsign-conversion]
 1474 |         #define __LICE__ACTION(comb) _LICE_Template_Blit2<comb>::scaleBlit(pdest,psrc,dstw,dsth,icurx,icury,idx,idy,clip_r,clip_b,src_span,dest_span,ia,mode&LICE_BLIT_FILTER_MASK)
      |                                                                                                                            ^~~~~~
/workspace/scratch/286141ad5a40/repo-checkout/src/WDL/lice/lice_combine.h:755:18: note: in expansion of macro ‘__LICE__ACTION’
  755 |           else { __LICE__ACTION(_LICE_CombinePixelsCopyNoClamp); } \
      |                  ^~~~~~~~~~~~~~
/workspace/scratch/286141ad5a40/repo-checkout/src/WDL/lice/lice.cpp:1476:11: note: in expansion of macro ‘__LICE_ACTION_SRCALPHA’
 1476 |           __LICE_ACTION_SRCALPHA(mode,ia,false);
      |           ^~~~~~~~~~~~~~~~~~~~~~
/workspace/scratch/286141ad5a40/repo-checkout/src/WDL/lice/lice.cpp:1474:117: warning: conversion to ‘unsigned int’ from ‘int’ may change the sign of the result [-Wsign-conversion]
 1474 |         #define __LICE__ACTION(comb) _LICE_Template_Blit2<comb>::scaleBlit(pdest,psrc,dstw,dsth,icurx,icury,idx,idy,clip_r,clip_b,src_span,dest_span,ia,mode&LICE_BLIT_FILTER_MASK)
      |                                                                                                                     ^~~~~~
/workspace/scratch/286141ad5a40/repo-checkout/src/WDL/lice/lice_combine.h:759:32: note: in expansion of macro ‘__LICE__ACTION’
  759 |       case LICE_BLIT_MODE_ADD: __LICE__ACTION(_LICE_CombinePixelsAdd); break;  \
      |                                ^~~~~~~~~~~~~~
/workspace/scratch/286141ad5a40/repo-checkout/src/WDL/lice/lice.cpp:1476:11: note: in expansion of macro ‘__LICE_ACTION_SRCALPHA’
 1476 |           __LICE_ACTION_SRCALPHA(mode,ia,false);
      |           ^~~~~~~~~~~~~~~~~~~~~~
/workspace/scratch/286141ad5a40/repo-checkout/src/WDL/lice/lice.cpp:1474:124: warning: conversion to ‘unsigned int’ from ‘int’ may change the sign of the result [-Wsign-conversion]
 1474 |         #define __LICE__ACTION(comb) _LICE_Template_Blit2<comb>::scaleBlit(pdest,psrc,dstw,dsth,icurx,icury,idx,idy,clip_r,clip_b,src_span,dest_span,ia,mode&LICE_BLIT_FILTER_MASK)
      |                                                                                                                            ^~~~~~
/workspace/scratch/286141ad5a40/repo-checkout/src/WDL/lice/lice_combine.h:759:32: note: in expansion of macro ‘__LICE__ACTION’
  759 |       case LICE_BLIT_MODE_ADD: __LICE__ACTION(_LICE_CombinePixelsAdd); break;  \
      |                                ^~~~~~~~~~~~~~
/workspace/scratch/286141ad5a40/repo-checkout/src/WDL/lice/lice.cpp:1476:11: note: in expansion of macro ‘__LICE_ACTION_SRCALPHA’
 1476 |           __LICE_ACTION_SRCALPHA(mode,ia,false);
      |           ^~~~~~~~~~~~~~~~~~~~~~
/workspace/scratch/286141ad5a40/repo-checkout/src/WDL/lice/lice.cpp:1474:117: warning: conversion to ‘unsigned int’ from ‘int’ may change the sign of the result [-Wsign-conversion]
 1474 |         #define __LICE__ACTION(comb) _LICE_Template_Blit2<comb>::scaleBlit(pdest,psrc,dstw,dsth,icurx,icury,idx,idy,clip_r,clip_b,src_span,dest_span,ia,mode&LICE_BLIT_FILTER_MASK)
      |                                                                                                                     ^~~~~~
/workspace/scratch/286141ad5a40/repo-checkout/src/WDL/lice/lice_combine.h:760:34: note: in expansion of macro ‘__LICE__ACTION’
  760 |       case LICE_BLIT_MODE_DODGE: __LICE__ACTION(_LICE_CombinePixelsColorDodge);  break;  \
      |                                  ^~~~~~~~~~~~~~
/workspace/scratch/286141ad5a40/repo-checkout/src/WDL/lice/lice.cpp:1476:11: note: in expansion of macro ‘__LICE_ACTION_SRCALPHA’
 1476 |           __LICE_ACTION_SRCALPHA(mode,ia,false);
      |           ^~~~~~~~~~~~~~~~~~~~~~
/workspace/scratch/286141ad5a40/repo-checkout/src/WDL/lice/lice.cpp:1474:124: warning: conversion to ‘unsigned int’ from ‘int’ may change the sign of the result [-Wsign-conversion]
 1474 |         #define __LICE__ACTION(comb) _LICE_Template_Blit2<comb>::scaleBlit(pdest,psrc,dstw,dsth,icurx,icury,idx,idy,clip_r,clip_b,src_span,dest_span,ia,mode&LICE_BLIT_FILTER_MASK)
      |                                                                                                                            ^~~~~~
/workspace/scratch/286141ad5a40/repo-checkout/src/WDL/lice/lice_combine.h:760:34: note: in expansion of macro ‘__LICE__ACTION’
  760 |       case LICE_BLIT_MODE_DODGE: __LICE__ACTION(_LICE_CombinePixelsColorDodge);  break;  \
      |                                  ^~~~~~~~~~~~~~
/workspace/scratch/286141ad5a40/repo-checkout/src/WDL/lice/lice.cpp:1476:11: note: in expansion of macro ‘__LICE_ACTION_SRCALPHA’
 1476 |           __LICE_ACTION_SRCALPHA(mode,ia,false);
      |           ^~~~~~~~~~~~~~~~~~~~~~
/workspace/scratch/286141ad5a40/repo-checkout/src/WDL/lice/lice.cpp:1474:117: warning: conversion to ‘unsigned int’ from ‘int’ may change the sign of the result [-Wsign-conversion]
 1474 |         #define __LICE__ACTION(comb) _LICE_Template_Blit2<comb>::scaleBlit(pdest,psrc,dstw,dsth,icurx,icury,idx,idy,clip_r,clip_b,src_span,dest_span,ia,mode&LICE_BLIT_FILTER_MASK)
      |                                                                                                                     ^~~~~~
/workspace/scratch/286141ad5a40/repo-checkout/src/WDL/lice/lice_combine.h:762:22: note: in expansion of macro ‘__LICE__ACTION’
  762 |         if (clamp) { __LICE__ACTION(_LICE_CombinePixelsMulClamp); } \
      |                      ^~~~~~~~~~~~~~
/workspace/scratch/286141ad5a40/repo-checkout/src/WDL/lice/lice.cpp:1476:11: note: in expansion of macro ‘__LICE_ACTION_SRCALPHA’
 1476 |           __LICE_ACTION_SRCALPHA(mode,ia,false);
      |           ^~~~~~~~~~~~~~~~~~~~~~
/workspace/scratch/286141ad5a40/repo-checkout/src/WDL/lice/lice.cpp:1474:124: warning: conversion to ‘unsigned int’ from ‘int’ may change the sign of the result [-Wsign-conversion]
 1474 |         #define __LICE__ACTION(comb) _LICE_Template_Blit2<comb>::scaleBlit(pdest,psrc,dstw,dsth,icurx,icury,idx,idy,clip_r,clip_b,src_span,dest_span,ia,mode&LICE_BLIT_FILTER_MASK)
      |                                                                                                                            ^~~~~~
/workspace/scratch/286141ad5a40/repo-checkout/src/WDL/lice/lice_combine.h:762:22: note: in expansion of macro ‘__LICE__ACTION’
  762 |         if (clamp) { __LICE__ACTION(_LICE_CombinePixelsMulClamp); } \
      |                      ^~~~~~~~~~~~~~
/workspace/scratch/286141ad5a40/repo-checkout/src/WDL/lice/lice.cpp:1476:11: note: in expansion of macro ‘__LICE_ACTION_SRCALPHA’
 1476 |           __LICE_ACTION_SRCALPHA(mode,ia,false);
      |           ^~~~~~~~~~~~~~~~~~~~~~
/workspace/scratch/286141ad5a40/repo-checkout/src/WDL/lice/lice.cpp:1474:117: warning: conversion to ‘unsigned int’ from ‘int’ may change the sign of the result [-Wsign-conversion]
 1474 |         #define __LICE__ACTION(comb) _LICE_Template_Blit2<comb>::scaleBlit(pdest,psrc,dstw,dsth,icurx,icury,idx,idy,clip_r,clip_b,src_span,dest_span,ia,mode&LICE_BLIT_FILTER_MASK)
      |                                                                                                                     ^~~~~~
/workspace/scratch/286141ad5a40/repo-checkout/src/WDL/lice/lice_combine.h:763:16: note: in expansion of macro ‘__LICE__ACTION’
  763 |         else { __LICE__ACTION(_LICE_CombinePixelsMulNoClamp); } \
      |                ^~~~~~~~~~~~~~
/workspace/scratch/286141ad5a40/repo-checkout/src/WDL/lice/lice.cpp:1476:11: note: in expansion of macro ‘__LICE_ACTION_SRCALPHA’
 1476 |           __LICE_ACTION_SRCALPHA(mode,ia,false);
      |           ^~~~~~~~~~~~~~~~~~~~~~
/workspace/scratch/286141ad5a40/repo-checkout/src/WDL/lice/lice.cpp:1474:124: warning: conversion to ‘unsigned int’ from ‘int’ may change the sign of the result [-Wsign-conversion]
 1474 |         #define __LICE__ACTION(comb) _LICE_Template_Blit2<comb>::scaleBlit(pdest,psrc,dstw,dsth,icurx,icury,idx,idy,clip_r,clip_b,src_span,dest_span,ia,mode&LICE_BLIT_FILTER_MASK)
      |                                                                                                                            ^~~~~~
/workspace/scratch/286141ad5a40/repo-checkout/src/WDL/lice/lice_combine.h:763:16: note: in expansion of macro ‘__LICE__ACTION’
  763 |         else { __LICE__ACTION(_LICE_CombinePixelsMulNoClamp); } \
      |                ^~~~~~~~~~~~~~
/workspace/scratch/286141ad5a40/repo-checkout/src/WDL/lice/lice.cpp:1476:11: note: in expansion of macro ‘__LICE_ACTION_SRCALPHA’
 1476 |           __LICE_ACTION_SRCALPHA(mode,ia,false);
      |           ^~~~~~~~~~~~~~~~~~~~~~
/workspace/scratch/286141ad5a40/repo-checkout/src/WDL/lice/lice.cpp:1474:117: warning: conversion to ‘unsigned int’ from ‘int’ may change the sign of the result [-Wsign-conversion]
 1474 |         #define __LICE__ACTION(comb) _LICE_Template_Blit2<comb>::scaleBlit(pdest,psrc,dstw,dsth,icurx,icury,idx,idy,clip_r,clip_b,src_span,dest_span,ia,mode&LICE_BLIT_FILTER_MASK)
      |                                                                                                                     ^~~~~~
/workspace/scratch/286141ad5a40/repo-checkout/src/WDL/lice/lice_combine.h:765:36: note: in expansion of macro ‘__LICE__ACTION’
  765 |       case LICE_BLIT_MODE_OVERLAY: __LICE__ACTION(_LICE_CombinePixelsOverlay); break;  \
      |                                    ^~~~~~~~~~~~~~
/workspace/scratch/286141ad5a40/repo-checkout/src/WDL/lice/lice.cpp:1476:11: note: in expansion of macro ‘__LICE_ACTION_SRCALPHA’
 1476 |           __LICE_ACTION_SRCALPHA(mode,ia,false);
      |           ^~~~~~~~~~~~~~~~~~~~~~
/workspace/scratch/286141ad5a40/repo-checkout/src/WDL/lice/lice.cpp:1474:124: warning: conversion to ‘unsigned int’ from ‘int’ may change the sign of the result [-Wsign-conversion]
 1474 |         #define __LICE__ACTION(comb) _LICE_Template_Blit2<comb>::scaleBlit(pdest,psrc,dstw,dsth,icurx,icury,idx,idy,clip_r,clip_b,src_span,dest_span,ia,mode&LICE_BLIT_FILTER_MASK)
      |                                                                                                                            ^~~~~~
/workspace/scratch/286141ad5a40/repo-checkout/src/WDL/lice/lice_combine.h:765:36: note: in expansion of macro ‘__LICE__ACTION’
  765 |       case LICE_BLIT_MODE_OVERLAY: __LICE__ACTION(_LICE_CombinePixelsOverlay); break;  \
      |                                    ^~~~~~~~~~~~~~
/workspace/scratch/286141ad5a40/repo-checkout/src/WDL/lice/lice.cpp:1476:11: note: in expansion of macro ‘__LICE_ACTION_SRCALPHA’
 1476 |           __LICE_ACTION_SRCALPHA(mode,ia,false);
      |           ^~~~~~~~~~~~~~~~~~~~~~
/workspace/scratch/286141ad5a40/repo-checkout/src/WDL/lice/lice.cpp:1474:117: warning: conversion to ‘unsigned int’ from ‘int’ may change the sign of the result [-Wsign-conversion]
 1474 |         #define __LICE__ACTION(comb) _LICE_Template_Blit2<comb>::scaleBlit(pdest,psrc,dstw,dsth,icurx,icury,idx,idy,clip_r,clip_b,src_span,dest_span,ia,mode&LICE_BLIT_FILTER_MASK)
      |                                                                                                                     ^~~~~~
/workspace/scratch/286141ad5a40/repo-checkout/src/WDL/lice/lice_combine.h:766:35: note: in expansion of macro ‘__LICE__ACTION’
  766 |       case LICE_BLIT_MODE_HSVADJ: __LICE__ACTION(_LICE_CombinePixelsHSVAdjust); break;  \
      |                                   ^~~~~~~~~~~~~~
/workspace/scratch/286141ad5a40/repo-checkout/src/WDL/lice/lice.cpp:1476:11: note: in expansion of macro ‘__LICE_ACTION_SRCALPHA’
 1476 |           __LICE_ACTION_SRCALPHA(mode,ia,false);
      |           ^~~~~~~~~~~~~~~~~~~~~~
/workspace/scratch/286141ad5a40/repo-checkout/src/WDL/lice/lice.cpp:1474:124: warning: conversion to ‘unsigned int’ from ‘int’ may change the sign of the result [-Wsign-conversion]
 1474 |         #define __LICE__ACTION(comb) _LICE_Template_Blit2<comb>::scaleBlit(pdest,psrc,dstw,dsth,icurx,icury,idx,idy,clip_r,clip_b,src_span,dest_span,ia,mode&LICE_BLIT_FILTER_MASK)
      |                                                                                                                            ^~~~~~
/workspace/scratch/286141ad5a40/repo-checkout/src/WDL/lice/lice_combine.h:766:35: note: in expansion of macro ‘__LICE__ACTION’
  766 |       case LICE_BLIT_MODE_HSVADJ: __LICE__ACTION(_LICE_CombinePixelsHSVAdjust); break;  \
      |                                   ^~~~~~~~~~~~~~
/workspace/scratch/286141ad5a40/repo-checkout/src/WDL/lice/lice.cpp:1476:11: note: in expansion of macro ‘__LICE_ACTION_SRCALPHA’
 1476 |           __LICE_ACTION_SRCALPHA(mode,ia,false);
      |           ^~~~~~~~~~~~~~~~~~~~~~
/workspace/scratch/286141ad5a40/repo-checkout/src/WDL/lice/lice.cpp:1474:117: warning: conversion to ‘unsigned int’ from ‘int’ may change the sign of the result [-Wsign-conversion]
 1474 |         #define __LICE__ACTION(comb) _LICE_Template_Blit2<comb>::scaleBlit(pdest,psrc,dstw,dsth,icurx,icury,idx,idy,clip_r,clip_b,src_span,dest_span,ia,mode&LICE_BLIT_FILTER_MASK)
      |                                                                                                                     ^~~~~~
/workspace/scratch/286141ad5a40/repo-checkout/src/WDL/lice/lice_combine.h:769:28: note: in expansion of macro ‘__LICE__ACTION’
  769 |           if ((ia)==256) { __LICE__ACTION(_LICE_CombinePixelsCopySourceAlphaIgnoreAlphaParmClamp);} \
      |                            ^~~~~~~~~~~~~~
/workspace/scratch/286141ad5a40/repo-checkout/src/WDL/lice/lice.cpp:1476:11: note: in expansion of macro ‘__LICE_ACTION_SRCALPHA’
 1476 |           __LICE_ACTION_SRCALPHA(mode,ia,false);
      |           ^~~~~~~~~~~~~~~~~~~~~~
/workspace/scratch/286141ad5a40/repo-checkout/src/WDL/lice/lice.cpp:1474:124: warning: conversion to ‘unsigned int’ from ‘int’ may change the sign of the result [-Wsign-conversion]
 1474 |         #define __LICE__ACTION(comb) _LICE_Template_Blit2<comb>::scaleBlit(pdest,psrc,dstw,dsth,icurx,icury,idx,idy,clip_r,clip_b,src_span,dest_span,ia,mode&LICE_BLIT_FILTER_MASK)
      |                                                                                                                            ^~~~~~
/workspace/scratch/286141ad5a40/repo-checkout/src/WDL/lice/lice_combine.h:769:28: note: in expansion of macro ‘__LICE__ACTION’
  769 |           if ((ia)==256) { __LICE__ACTION(_LICE_CombinePixelsCopySourceAlphaIgnoreAlphaParmClamp);} \
      |                            ^~~~~~~~~~~~~~
/workspace/scratch/286141ad5a40/repo-checkout/src/WDL/lice/lice.cpp:1476:11: note: in expansion of macro ‘__LICE_ACTION_SRCALPHA’
 1476 |           __LICE_ACTION_SRCALPHA(mode,ia,false);
      |           ^~~~~~~~~~~~~~~~~~~~~~
/workspace/scratch/286141ad5a40/repo-checkout/src/WDL/lice/lice.cpp:1474:117: warning: conversion to ‘unsigned int’ from ‘int’ may change the sign of the result [-Wsign-conversion]
 1474 |         #define __LICE__ACTION(comb) _LICE_Template_Blit2<comb>::scaleBlit(pdest,psrc,dstw,dsth,icurx,icury,idx,idy,clip_r,clip_b,src_span,dest_span,ia,mode&LICE_BLIT_FILTER_MASK)
      |                                                                                                                     ^~~~~~
/workspace/scratch/286141ad5a40/repo-checkout/src/WDL/lice/lice_combine.h:770:18: note: in expansion of macro ‘__LICE__ACTION’
  770 |           else { __LICE__ACTION(_LICE_CombinePixelsCopySourceAlphaClamp); } \
      |                  ^~~~~~~~~~~~~~
/workspace/scratch/286141ad5a40/repo-checkout/src/WDL/lice/lice.cpp:1476:11: note: in expansion of macro ‘__LICE_ACTION_SRCALPHA’
 1476 |           __LICE_ACTION_SRCALPHA(mode,ia,false);
      |           ^~~~~~~~~~~~~~~~~~~~~~
/workspace/scratch/286141ad5a40/repo-checkout/src/WDL/lice/lice.cpp:1474:124: warning: conversion to ‘unsigned int’ from ‘int’ may change the sign of the result [-Wsign-conversion]
 1474 |         #define __LICE__ACTION(comb) _LICE_Template_Blit2<comb>::scaleBlit(pdest,psrc,dstw,dsth,icurx,icury,idx,idy,clip_r,clip_b,src_span,dest_span,ia,mode&LICE_BLIT_FILTER_MASK)
      |                                                                                                                            ^~~~~~
/workspace/scratch/286141ad5a40/repo-checkout/src/WDL/lice/lice_combine.h:770:18: note: in expansion of macro ‘__LICE__ACTION’
  770 |           else { __LICE__ACTION(_LICE_CombinePixelsCopySourceAlphaClamp); } \
      |                  ^~~~~~~~~~~~~~
/workspace/scratch/286141ad5a40/repo-checkout/src/WDL/lice/lice.cpp:1476:11: note: in expansion of macro ‘__LICE_ACTION_SRCALPHA’
 1476 |           __LICE_ACTION_SRCALPHA(mode,ia,false);
      |           ^~~~~~~~~~~~~~~~~~~~~~
/workspace/scratch/286141ad5a40/repo-checkout/src/WDL/lice/lice.cpp:1474:117: warning: conversion to ‘unsigned int’ from ‘int’ may change the sign of the result [-Wsign-conversion]
 1474 |         #define __LICE__ACTION(comb) _LICE_Template_Blit2<comb>::scaleBlit(pdest,psrc,dstw,dsth,icurx,icury,idx,idy,clip_r,clip_b,src_span,dest_span,ia,mode&LICE_BLIT_FILTER_MASK)
      |                                                                                                                     ^~~~~~
/workspace/scratch/286141ad5a40/repo-checkout/src/WDL/lice/lice_combine.h:772:28: note: in expansion of macro ‘__LICE__ACTION’
  772 |           if ((ia)==256) { __LICE__ACTION(_LICE_CombinePixelsCopySourceAlphaIgnoreAlphaParmNoClamp); } \
      |                            ^~~~~~~~~~~~~~
/workspace/scratch/286141ad5a40/repo-checkout/src/WDL/lice/lice.cpp:1476:11: note: in expansion of macro ‘__LICE_ACTION_SRCALPHA’
 1476 |           __LICE_ACTION_SRCALPHA(mode,ia,false);
      |           ^~~~~~~~~~~~~~~~~~~~~~
/workspace/scratch/286141ad5a40/repo-checkout/src/WDL/lice/lice.cpp:1474:124: warning: conversion to ‘unsigned int’ from ‘int’ may change the sign of the result [-Wsign-conversion]
 1474 |         #define __LICE__ACTION(comb) _LICE_Template_Blit2<comb>::scaleBlit(pdest,psrc,dstw,dsth,icurx,icury,idx,idy,clip_r,clip_b,src_span,dest_span,ia,mode&LICE_BLIT_FILTER_MASK)
      |                                                                                                                            ^~~~~~
/workspace/scratch/286141ad5a40/repo-checkout/src/WDL/lice/lice_combine.h:772:28: note: in expansion of macro ‘__LICE__ACTION’
  772 |           if ((ia)==256) { __LICE__ACTION(_LICE_CombinePixelsCopySourceAlphaIgnoreAlphaParmNoClamp); } \
      |                            ^~~~~~~~~~~~~~
/workspace/scratch/286141ad5a40/repo-checkout/src/WDL/lice/lice.cpp:1476:11: note: in expansion of macro ‘__LICE_ACTION_SRCALPHA’
 1476 |           __LICE_ACTION_SRCALPHA(mode,ia,false);
      |           ^~~~~~~~~~~~~~~~~~~~~~
/workspace/scratch/286141ad5a40/repo-checkout/src/WDL/lice/lice.cpp:1474:117: warning: conversion to ‘unsigned int’ from ‘int’ may change the sign of the result [-Wsign-conversion]
 1474 |         #define __LICE__ACTION(comb) _LICE_Template_Blit2<comb>::scaleBlit(pdest,psrc,dstw,dsth,icurx,icury,idx,idy,clip_r,clip_b,src_span,dest_span,ia,mode&LICE_BLIT_FILTER_MASK)
      |                                                                                                                     ^~~~~~
/workspace/scratch/286141ad5a40/repo-checkout/src/WDL/lice/lice_combine.h:773:18: note: in expansion of macro ‘__LICE__ACTION’
  773 |           else { __LICE__ACTION(_LICE_CombinePixelsCopySourceAlphaNoClamp); } \
      |                  ^~~~~~~~~~~~~~
/workspace/scratch/286141ad5a40/repo-checkout/src/WDL/lice/lice.cpp:1476:11: note: in expansion of macro ‘__LICE_ACTION_SRCALPHA’
 1476 |           __LICE_ACTION_SRCALPHA(mode,ia,false);
      |           ^~~~~~~~~~~~~~~~~~~~~~
/workspace/scratch/286141ad5a40/repo-checkout/src/WDL/lice/lice.cpp:1474:124: warning: conversion to ‘unsigned int’ from ‘int’ may change the sign of the result [-Wsign-conversion]
 1474 |         #define __LICE__ACTION(comb) _LICE_Template_Blit2<comb>::scaleBlit(pdest,psrc,dstw,dsth,icurx,icury,idx,idy,clip_r,clip_b,src_span,dest_span,ia,mode&LICE_BLIT_FILTER_MASK)
      |                                                                                                                            ^~~~~~
/workspace/scratch/286141ad5a40/repo-checkout/src/WDL/lice/lice_combine.h:773:18: note: in expansion of macro ‘__LICE__ACTION’
  773 |           else { __LICE__ACTION(_LICE_CombinePixelsCopySourceAlphaNoClamp); } \
      |                  ^~~~~~~~~~~~~~
/workspace/scratch/286141ad5a40/repo-checkout/src/WDL/lice/lice.cpp:1476:11: note: in expansion of macro ‘__LICE_ACTION_SRCALPHA’
 1476 |           __LICE_ACTION_SRCALPHA(mode,ia,false);
      |           ^~~~~~~~~~~~~~~~~~~~~~
/workspace/scratch/286141ad5a40/repo-checkout/src/WDL/lice/lice.cpp:1474:117: warning: conversion to ‘unsigned int’ from ‘int’ may change the sign of the result [-Wsign-conversion]
 1474 |         #define __LICE__ACTION(comb) _LICE_Template_Blit2<comb>::scaleBlit(pdest,psrc,dstw,dsth,icurx,icury,idx,idy,clip_r,clip_b,src_span,dest_span,ia,mode&LICE_BLIT_FILTER_MASK)
      |                                                                                                                     ^~~~~~
/workspace/scratch/286141ad5a40/repo-checkout/src/WDL/lice/lice_combine.h:777:11: note: in expansion of macro ‘__LICE__ACTION’
  777 |           __LICE__ACTION(_LICE_CombinePixelsAddSourceAlpha);  \
      |           ^~~~~~~~~~~~~~
/workspace/scratch/286141ad5a40/repo-checkout/src/WDL/lice/lice.cpp:1476:11: note: in expansion of macro ‘__LICE_ACTION_SRCALPHA’
 1476 |           __LICE_ACTION_SRCALPHA(mode,ia,false);
      |           ^~~~~~~~~~~~~~~~~~~~~~
/workspace/scratch/286141ad5a40/repo-checkout/src/WDL/lice/lice.cpp:1474:124: warning: conversion to ‘unsigned int’ from ‘int’ may change the sign of the result [-Wsign-conversion]
 1474 |         #define __LICE__ACTION(comb) _LICE_Template_Blit2<comb>::scaleBlit(pdest,psrc,dstw,dsth,icurx,icury,idx,idy,clip_r,clip_b,src_span,dest_span,ia,mode&LICE_BLIT_FILTER_MASK)
      |                                                                                                                            ^~~~~~
/workspace/scratch/286141ad5a40/repo-checkout/src/WDL/lice/lice_combine.h:777:11: note: in expansion of macro ‘__LICE__ACTION’
  777 |           __LICE__ACTION(_LICE_CombinePixelsAddSourceAlpha);  \
      |           ^~~~~~~~~~~~~~
/workspace/scratch/286141ad5a40/repo-checkout/src/WDL/lice/lice.cpp:1476:11: note: in expansion of macro ‘__LICE_ACTION_SRCALPHA’
 1476 |           __LICE_ACTION_SRCALPHA(mode,ia,false);
      |           ^~~~~~~~~~~~~~~~~~~~~~
/workspace/scratch/286141ad5a40/repo-checkout/src/WDL/lice/lice.cpp:1474:117: warning: conversion to ‘unsigned int’ from ‘int’ may change the sign of the result [-Wsign-conversion]
 1474 |         #define __LICE__ACTION(comb) _LICE_Template_Blit2<comb>::scaleBlit(pdest,psrc,dstw,dsth,icurx,icury,idx,idy,clip_r,clip_b,src_span,dest_span,ia,mode&LICE_BLIT_FILTER_MASK)
      |                                                                                                                     ^~~~~~
/workspace/scratch/286141ad5a40/repo-checkout/src/WDL/lice/lice_combine.h:780:11: note: in expansion of macro ‘__LICE__ACTION’
  780 |           __LICE__ACTION(_LICE_CombinePixelsColorDodgeSourceAlpha); \
      |           ^~~~~~~~~~~~~~
/workspace/scratch/286141ad5a40/repo-checkout/src/WDL/lice/lice.cpp:1476:11: note: in expansion of macro ‘__LICE_ACTION_SRCALPHA’
 1476 |           __LICE_ACTION_SRCALPHA(mode,ia,false);
      |           ^~~~~~~~~~~~~~~~~~~~~~
/workspace/scratch/286141ad5a40/repo-checkout/src/WDL/lice/lice.cpp:1474:124: warning: conversion to ‘unsigned int’ from ‘int’ may change the sign of the result [-Wsign-conversion]
 1474 |         #define __LICE__ACTION(comb) _LICE_Template_Blit2<comb>::scaleBlit(pdest,psrc,dstw,dsth,icurx,icury,idx,idy,clip_r,clip_b,src_span,dest_span,ia,mode&LICE_BLIT_FILTER_MASK)
      |                                                                                                                            ^~~~~~
/workspace/scratch/286141ad5a40/repo-checkout/src/WDL/lice/lice_combine.h:780:11: note: in expansion of macro ‘__LICE__ACTION’
  780 |           __LICE__ACTION(_LICE_CombinePixelsColorDodgeSourceAlpha); \
      |           ^~~~~~~~~~~~~~
/workspace/scratch/286141ad5a40/repo-checkout/src/WDL/lice/lice.cpp:1476:11: note: in expansion of macro ‘__LICE_ACTION_SRCALPHA’
 1476 |           __LICE_ACTION_SRCALPHA(mode,ia,false);
      |           ^~~~~~~~~~~~~~~~~~~~~~
/workspace/scratch/286141ad5a40/repo-checkout/src/WDL/lice/lice.cpp:1474:117: warning: conversion to ‘unsigned int’ from ‘int’ may change the sign of the result [-Wsign-conversion]
 1474 |         #define __LICE__ACTION(comb) _LICE_Template_Blit2<comb>::scaleBlit(pdest,psrc,dstw,dsth,icurx,icury,idx,idy,clip_r,clip_b,src_span,dest_span,ia,mode&LICE_BLIT_FILTER_MASK)
      |                                                                                                                     ^~~~~~
/workspace/scratch/286141ad5a40/repo-checkout/src/WDL/lice/lice_combine.h:783:22: note: in expansion of macro ‘__LICE__ACTION’
  783 |         if (clamp) { __LICE__ACTION(_LICE_CombinePixelsMulSourceAlphaClamp); } \
      |                      ^~~~~~~~~~~~~~
/workspace/scratch/286141ad5a40/repo-checkout/src/WDL/lice/lice.cpp:1476:11: note: in expansion of macro ‘__LICE_ACTION_SRCALPHA’
 1476 |           __LICE_ACTION_SRCALPHA(mode,ia,false);
      |           ^~~~~~~~~~~~~~~~~~~~~~
/workspace/scratch/286141ad5a40/repo-checkout/src/WDL/lice/lice.cpp:1474:124: warning: conversion to ‘unsigned int’ from ‘int’ may change the sign of the result [-Wsign-conversion]
 1474 |         #define __LICE__ACTION(comb) _LICE_Template_Blit2<comb>::scaleBlit(pdest,psrc,dstw,dsth,icurx,icury,idx,idy,clip_r,clip_b,src_span,dest_span,ia,mode&LICE_BLIT_FILTER_MASK)
      |                                                                                                                            ^~~~~~
/workspace/scratch/286141ad5a40/repo-checkout/src/WDL/lice/lice_combine.h:783:22: note: in expansion of macro ‘__LICE__ACTION’
  783 |         if (clamp) { __LICE__ACTION(_LICE_CombinePixelsMulSourceAlphaClamp); } \
      |                      ^~~~~~~~~~~~~~
/workspace/scratch/286141ad5a40/repo-checkout/src/WDL/lice/lice.cpp:1476:11: note: in expansion of macro ‘__LICE_ACTION_SRCALPHA’
 1476 |           __LICE_ACTION_SRCALPHA(mode,ia,false);
      |           ^~~~~~~~~~~~~~~~~~~~~~
/workspace/scratch/286141ad5a40/repo-checkout/src/WDL/lice/lice.cpp:1474:117: warning: conversion to ‘unsigned int’ from ‘int’ may change the sign of the result [-Wsign-conversion]
 1474 |         #define __LICE__ACTION(comb) _LICE_Template_Blit2<comb>::scaleBlit(pdest,psrc,dstw,dsth,icurx,icury,idx,idy,clip_r,clip_b,src_span,dest_span,ia,mode&LICE_BLIT_FILTER_MASK)
      |                                                                                                                     ^~~~~~
/workspace/scratch/286141ad5a40/repo-checkout/src/WDL/lice/lice_combine.h:784:16: note: in expansion of macro ‘__LICE__ACTION’
  784 |         else { __LICE__ACTION(_LICE_CombinePixelsMulSourceAlphaNoClamp); } \
      |                ^~~~~~~~~~~~~~
/workspace/scratch/286141ad5a40/repo-checkout/src/WDL/lice/lice.cpp:1476:11: note: in expansion of macro ‘__LICE_ACTION_SRCALPHA’
 1476 |           __LICE_ACTION_SRCALPHA(mode,ia,false);
      |           ^~~~~~~~~~~~~~~~~~~~~~
/workspace/scratch/286141ad5a40/repo-checkout/src/WDL/lice/lice.cpp:1474:124: warning: conversion to ‘unsigned int’ from ‘int’ may change the sign of the result [-Wsign-conversion]
 1474 |         #define __LICE__ACTION(comb) _LICE_Template_Blit2<comb>::scaleBlit(pdest,psrc,dstw,dsth,icurx,icury,idx,idy,clip_r,clip_b,src_span,dest_span,ia,mode&LICE_BLIT_FILTER_MASK)
      |                                                                                                                            ^~~~~~
/workspace/scratch/286141ad5a40/repo-checkout/src/WDL/lice/lice_combine.h:784:16: note: in expansion of macro ‘__LICE__ACTION’
  784 |         else { __LICE__ACTION(_LICE_CombinePixelsMulSourceAlphaNoClamp); } \
      |                ^~~~~~~~~~~~~~
/workspace/scratch/286141ad5a40/repo-checkout/src/WDL/lice/lice.cpp:1476:11: note: in expansion of macro ‘__LICE_ACTION_SRCALPHA’
 1476 |           __LICE_ACTION_SRCALPHA(mode,ia,false);
      |           ^~~~~~~~~~~~~~~~~~~~~~
/workspace/scratch/286141ad5a40/repo-checkout/src/WDL/lice/lice.cpp:1474:117: warning: conversion to ‘unsigned int’ from ‘int’ may change the sign of the result [-Wsign-conversion]
 1474 |         #define __LICE__ACTION(comb) _LICE_Template_Blit2<comb>::scaleBlit(pdest,psrc,dstw,dsth,icurx,icury,idx,idy,clip_r,clip_b,src_span,dest_span,ia,mode&LICE_BLIT_FILTER_MASK)
      |                                                                                                                     ^~~~~~
/workspace/scratch/286141ad5a40/repo-checkout/src/WDL/lice/lice_combine.h:787:11: note: in expansion of macro ‘__LICE__ACTION’
  787 |           __LICE__ACTION(_LICE_CombinePixelsOverlaySourceAlpha); \
      |           ^~~~~~~~~~~~~~
/workspace/scratch/286141ad5a40/repo-checkout/src/WDL/lice/lice.cpp:1476:11: note: in expansion of macro ‘__LICE_ACTION_SRCALPHA’
 1476 |           __LICE_ACTION_SRCALPHA(mode,ia,false);
      |           ^~~~~~~~~~~~~~~~~~~~~~
/workspace/scratch/286141ad5a40/repo-checkout/src/WDL/lice/lice.cpp:1474:124: warning: conversion to ‘unsigned int’ from ‘int’ may change the sign of the result [-Wsign-conversion]
 1474 |         #define __LICE__ACTION(comb) _LICE_Template_Blit2<comb>::scaleBlit(pdest,psrc,dstw,dsth,icurx,icury,idx,idy,clip_r,clip_b,src_span,dest_span,ia,mode&LICE_BLIT_FILTER_MASK)
      |                                                                                                                            ^~~~~~
/workspace/scratch/286141ad5a40/repo-checkout/src/WDL/lice/lice_combine.h:787:11: note: in expansion of macro ‘__LICE__ACTION’
  787 |           __LICE__ACTION(_LICE_CombinePixelsOverlaySourceAlpha); \
      |           ^~~~~~~~~~~~~~
/workspace/scratch/286141ad5a40/repo-checkout/src/WDL/lice/lice.cpp:1476:11: note: in expansion of macro ‘__LICE_ACTION_SRCALPHA’
 1476 |           __LICE_ACTION_SRCALPHA(mode,ia,false);
      |           ^~~~~~~~~~~~~~~~~~~~~~
/workspace/scratch/286141ad5a40/repo-checkout/src/WDL/lice/lice.cpp:1474:117: warning: conversion to ‘unsigned int’ from ‘int’ may change the sign of the result [-Wsign-conversion]
 1474 |         #define __LICE__ACTION(comb) _LICE_Template_Blit2<comb>::scaleBlit(pdest,psrc,dstw,dsth,icurx,icury,idx,idy,clip_r,clip_b,src_span,dest_span,ia,mode&LICE_BLIT_FILTER_MASK)
      |                                                                                                                     ^~~~~~
/workspace/scratch/286141ad5a40/repo-checkout/src/WDL/lice/lice_combine.h:790:11: note: in expansion of macro ‘__LICE__ACTION’
  790 |           __LICE__ACTION(_LICE_CombinePixelsHSVAdjustSourceAlpha); \
      |           ^~~~~~~~~~~~~~
/workspace/scratch/286141ad5a40/repo-checkout/src/WDL/lice/lice.cpp:1476:11: note: in expansion of macro ‘__LICE_ACTION_SRCALPHA’
 1476 |           __LICE_ACTION_SRCALPHA(mode,ia,false);
      |           ^~~~~~~~~~~~~~~~~~~~~~
/workspace/scratch/286141ad5a40/repo-checkout/src/WDL/lice/lice.cpp:1474:124: warning: conversion to ‘unsigned int’ from ‘int’ may change the sign of the result [-Wsign-conversion]
 1474 |         #define __LICE__ACTION(comb) _LICE_Template_Blit2<comb>::scaleBlit(pdest,psrc,dstw,dsth,icurx,icury,idx,idy,clip_r,clip_b,src_span,dest_span,ia,mode&LICE_BLIT_FILTER_MASK)
      |                                                                                                                            ^~~~~~
/workspace/scratch/286141ad5a40/repo-checkout/src/WDL/lice/lice_combine.h:790:11: note: in expansion of macro ‘__LICE__ACTION’
  790 |           __LICE__ACTION(_LICE_CombinePixelsHSVAdjustSourceAlpha); \
      |           ^~~~~~~~~~~~~~
/workspace/scratch/286141ad5a40/repo-checkout/src/WDL/lice/lice.cpp:1476:11: note: in expansion of macro ‘__LICE_ACTION_SRCALPHA’
 1476 |           __LICE_ACTION_SRCALPHA(mode,ia,false);
      |           ^~~~~~~~~~~~~~~~~~~~~~
/workspace/scratch/286141ad5a40/repo-checkout/src/WDL/lice/lice.cpp: In function ‘void LICE_DeltaBlit(LICE_IBitmap*, LICE_IBitmap*, int, int, int, int, float, float, float, float, double, double, double, double, double, double, bool, float, int)’:
/workspace/scratch/286141ad5a40/repo-checkout/src/WDL/lice/lice.cpp:1583:33: warning: conversion to ‘long unsigned int’ from ‘int’ may change the sign of the result [-Wsign-conversion]
 1583 |   int dest_span=dest->getRowSpan()*sizeof(LICE_pixel);
      |                 ~~~~~~~~~~~~~~~~^~
/workspace/scratch/286141ad5a40/repo-checkout/src/WDL/lice/lice.cpp:1584:31: warning: conversion to ‘long unsigned int’ from ‘int’ may change the sign of the result [-Wsign-conversion]
 1584 |   int src_span=src->getRowSpan()*sizeof(LICE_pixel);
      |                ~~~~~~~~~~~~~~~^~
/workspace/scratch/286141ad5a40/repo-checkout/src/WDL/lice/lice.cpp:1602:10: warning: conversion to ‘long unsigned int’ from ‘int’ may change the sign of the result [-Wsign-conversion]
 1602 |   pdest+=dstx*sizeof(LICE_pixel);
      |          ^~~~
/workspace/scratch/286141ad5a40/repo-checkout/src/WDL/lice/lice.cpp:1613:27: warning: conversion to ‘long unsigned int’ from ‘int’ may change the sign of the result [-Wsign-conversion]
 1613 |   psrc += src_span * st + sl * sizeof(LICE_pixel);
      |                           ^~
/workspace/scratch/286141ad5a40/repo-checkout/src/WDL/lice/lice.cpp:1613:20: warning: conversion to ‘long unsigned int’ from ‘int’ may change the sign of the result [-Wsign-conversion]
 1613 |   psrc += src_span * st + sl * sizeof(LICE_pixel);
      |           ~~~~~~~~~^~~~
/workspace/scratch/286141ad5a40/repo-checkout/src/WDL/lice/lice.cpp:1635:122: warning: conversion to ‘unsigned int’ from ‘int’ may change the sign of the result [-Wsign-conversion]
 1635 |   if (blitfunc) _LICE_Template_Blit3::deltaBlit(pdest,psrc,dstw,dsth,isrcx,isrcy,idsdx,idtdx,idsdy,idtdy,idsdxdy,idtdxdy,sr,sb,src_span,dest_span,ia,mode&LICE_BLIT_FILTER_MASK,blitfunc);
      |                                                                                                                          ^~
/workspace/scratch/286141ad5a40/repo-checkout/src/WDL/lice/lice.cpp:1635:125: warning: conversion to ‘unsigned int’ from ‘int’ may change the sign of the result [-Wsign-conversion]
 1635 |   if (blitfunc) _LICE_Template_Blit3::deltaBlit(pdest,psrc,dstw,dsth,isrcx,isrcy,idsdx,idtdx,idsdy,idtdy,idsdxdy,idtdxdy,sr,sb,src_span,dest_span,ia,mode&LICE_BLIT_FILTER_MASK,blitfunc);
      |                                                                                                                             ^~
/workspace/scratch/286141ad5a40/repo-checkout/src/WDL/lice/lice.cpp: In function ‘void LICE_DeltaBlitAlpha(LICE_IBitmap*, LICE_IBitmap*, int, int, int, int, float, float, float, float, double, double, double, double, double, double, bool, float, int, double, double, double)’:
/workspace/scratch/286141ad5a40/repo-checkout/src/WDL/lice/lice.cpp:1749:33: warning: conversion to ‘long unsigned int’ from ‘int’ may change the sign of the result [-Wsign-conversion]
 1749 |   int dest_span=dest->getRowSpan()*sizeof(LICE_pixel);
      |                 ~~~~~~~~~~~~~~~~^~
/workspace/scratch/286141ad5a40/repo-checkout/src/WDL/lice/lice.cpp:1750:31: warning: conversion to ‘long unsigned int’ from ‘int’ may change the sign of the result [-Wsign-conversion]
 1750 |   int src_span=src->getRowSpan()*sizeof(LICE_pixel);
      |                ~~~~~~~~~~~~~~~^~
/workspace/scratch/286141ad5a40/repo-checkout/src/WDL/lice/lice.cpp:1768:10: warning: conversion to ‘long unsigned int’ from ‘int’ may change the sign of the result [-Wsign-conversion]
 1768 |   pdest+=dstx*sizeof(LICE_pixel);
      |          ^~~~
/workspace/scratch/286141ad5a40/repo-checkout/src/WDL/lice/lice.cpp:1779:27: warning: conversion to ‘long unsigned int’ from ‘int’ may change the sign of the result [-Wsign-conversion]
 1779 |   psrc += src_span * st + sl * sizeof(LICE_pixel);
      |                           ^~
/workspace/scratch/286141ad5a40/repo-checkout/src/WDL/lice/lice.cpp:1779:20: warning: conversion to ‘long unsigned int’ from ‘int’ may change the sign of the result [-Wsign-conversion]
 1779 |   psrc += src_span * st + sl * sizeof(LICE_pixel);
      |           ~~~~~~~~~^~~~
/workspace/scratch/286141ad5a40/repo-checkout/src/WDL/lice/lice.cpp:1805:127: warning: conversion to ‘unsigned int’ from ‘int’ may change the sign of the result [-Wsign-conversion]
 1805 |   if (blitfunc) _LICE_Template_Blit4::deltaBlitAlpha(pdest,psrc,dstw,dsth,isrcx,isrcy,idsdx,idtdx,idsdy,idtdy,idsdxdy,idtdxdy,sr,sb,src_span,dest_span,ia,idadx,idady,idadxdy,mode&LICE_BLIT_FILTER_MASK,blitfunc);
      |                                                                                                                               ^~
/workspace/scratch/286141ad5a40/repo-checkout/src/WDL/lice/lice.cpp:1805:130: warning: conversion to ‘unsigned int’ from ‘int’ may change the sign of the result [-Wsign-conversion]
 1805 |   if (blitfunc) _LICE_Template_Blit4::deltaBlitAlpha(pdest,psrc,dstw,dsth,isrcx,isrcy,idsdx,idtdx,idsdy,idtdy,idsdxdy,idtdxdy,sr,sb,src_span,dest_span,ia,idadx,idady,idadxdy,mode&LICE_BLIT_FILTER_MASK,blitfunc);
      |                                                                                                                                  ^~
/workspace/scratch/286141ad5a40/repo-checkout/src/WDL/lice/lice.cpp: In function ‘void LICE_RotatedBlit(LICE_IBitmap*, LICE_IBitmap*, int, int, int, int, float, float, float, float, float, bool, float, int, float, float)’:
/workspace/scratch/286141ad5a40/repo-checkout/src/WDL/lice/lice.cpp:1911:33: warning: conversion to ‘long unsigned int’ from ‘int’ may change the sign of the result [-Wsign-conversion]
 1911 |   int dest_span=dest->getRowSpan()*sizeof(LICE_pixel);
      |                 ~~~~~~~~~~~~~~~~^~
/workspace/scratch/286141ad5a40/repo-checkout/src/WDL/lice/lice.cpp:1912:31: warning: conversion to ‘long unsigned int’ from ‘int’ may change the sign of the result [-Wsign-conversion]
 1912 |   int src_span=src->getRowSpan()*sizeof(LICE_pixel);
      |                ~~~~~~~~~~~~~~~^~
/workspace/scratch/286141ad5a40/repo-checkout/src/WDL/lice/lice.cpp:1930:10: warning: conversion to ‘long unsigned int’ from ‘int’ may change the sign of the result [-Wsign-conversion]
 1930 |   pdest+=dstx*sizeof(LICE_pixel);
      |          ^~~~
/workspace/scratch/286141ad5a40/repo-checkout/src/WDL/lice/lice.cpp:1943:27: warning: conversion to ‘long unsigned int’ from ‘int’ may change the sign of the result [-Wsign-conversion]
 1943 |   psrc += src_span * st + sl * sizeof(LICE_pixel);
      |                           ^~
/workspace/scratch/286141ad5a40/repo-checkout/src/WDL/lice/lice.cpp:1943:20: warning: conversion to ‘long unsigned int’ from ‘int’ may change the sign of the result [-Wsign-conversion]
 1943 |   psrc += src_span * st + sl * sizeof(LICE_pixel);
      |           ~~~~~~~~~^~~~
/workspace/scratch/286141ad5a40/repo-checkout/src/WDL/lice/lice.cpp:1963:110: warning: conversion to ‘unsigned int’ from ‘int’ may change the sign of the result [-Wsign-conversion]
 1963 |   if (blitfunc) _LICE_Template_Blit3::deltaBlit(pdest,psrc,dstw,dsth,isrcx,isrcy,idsdx,idtdx,idsdy,idtdy,0,0,sr,sb,src_span,dest_span,ia,mode&LICE_BLIT_FILTER_MASK,blitfunc);
      |                                                                                                              ^~
/workspace/scratch/286141ad5a40/repo-checkout/src/WDL/lice/lice.cpp:1963:113: warning: conversion to ‘unsigned int’ from ‘int’ may change the sign of the result [-Wsign-conversion]
 1963 |   if (blitfunc) _LICE_Template_Blit3::deltaBlit(pdest,psrc,dstw,dsth,isrcx,isrcy,idsdx,idtdx,idsdy,idtdy,0,0,sr,sb,src_span,dest_span,ia,mode&LICE_BLIT_FILTER_MASK,blitfunc);
      |                                                                                                                 ^~
/workspace/scratch/286141ad5a40/repo-checkout/src/WDL/lice/lice.cpp: In function ‘void LICE_FillRect(LICE_IBitmap*, int, int, int, int, LICE_pixel, float, int)’:
/workspace/scratch/286141ad5a40/repo-checkout/src/WDL/lice/lice.cpp:2122:8: warning: comparing floating-point with ‘==’ or ‘!=’ is unsafe [-Wfloat-equal]
 2122 |   if (!alpha || !p || !sp || w<1 || h < 1 || x >= destbm_w || y >= destbm_h) return;
      |        ^~~~~
/workspace/scratch/286141ad5a40/repo-checkout/src/WDL/lice/lice.cpp:2122:8: warning: comparing floating-point with ‘==’ or ‘!=’ is unsafe [-Wfloat-equal]
/workspace/scratch/286141ad5a40/repo-checkout/src/WDL/lice/lice.cpp:2170:148: warning: conversion to ‘long unsigned int’ from ‘int’ may change the sign of the result [-Wsign-conversion]
 2170 |   #define __LICE__ACTION(comb) _LICE_Template_Blit1<comb>::solidBlit((LICE_pixel_chan*)p,w,h,LICE_GETR(color),LICE_GETG(color),LICE_GETB(color),ia,sp*sizeof(LICE_pixel))
      |                                                                                                                                                    ^~
/workspace/scratch/286141ad5a40/repo-checkout/src/WDL/lice/lice_combine.h:798:60: note: in expansion of macro ‘__LICE__ACTION’
  798 |       case LICE_BLIT_MODE_COPY: if ((ia)>0) { if (clamp) { __LICE__ACTION(_LICE_CombinePixelsCopyClamp); } else { __LICE__ACTION(_LICE_CombinePixelsCopyNoClamp); } } break;  \
      |                                                            ^~~~~~~~~~~~~~
/workspace/scratch/286141ad5a40/repo-checkout/src/WDL/lice/lice.cpp:2175:7: note: in expansion of macro ‘__LICE_ACTION_NOSRCALPHA’
 2175 |       __LICE_ACTION_NOSRCALPHA(mode,ia,false);
      |       ^~~~~~~~~~~~~~~~~~~~~~~~
/workspace/scratch/286141ad5a40/repo-checkout/src/WDL/lice/lice.cpp:2170:148: warning: conversion to ‘long unsigned int’ from ‘int’ may change the sign of the result [-Wsign-conversion]
 2170 |   #define __LICE__ACTION(comb) _LICE_Template_Blit1<comb>::solidBlit((LICE_pixel_chan*)p,w,h,LICE_GETR(color),LICE_GETG(color),LICE_GETB(color),ia,sp*sizeof(LICE_pixel))
      |                                                                                                                                                    ^~
/workspace/scratch/286141ad5a40/repo-checkout/src/WDL/lice/lice_combine.h:798:115: note: in expansion of macro ‘__LICE__ACTION’
  798 |       case LICE_BLIT_MODE_COPY: if ((ia)>0) { if (clamp) { __LICE__ACTION(_LICE_CombinePixelsCopyClamp); } else { __LICE__ACTION(_LICE_CombinePixelsCopyNoClamp); } } break;  \
      |                                                                                                                   ^~~~~~~~~~~~~~
/workspace/scratch/286141ad5a40/repo-checkout/src/WDL/lice/lice.cpp:2175:7: note: in expansion of macro ‘__LICE_ACTION_NOSRCALPHA’
 2175 |       __LICE_ACTION_NOSRCALPHA(mode,ia,false);
      |       ^~~~~~~~~~~~~~~~~~~~~~~~
/workspace/scratch/286141ad5a40/repo-checkout/src/WDL/lice/lice.cpp:2170:148: warning: conversion to ‘long unsigned int’ from ‘int’ may change the sign of the result [-Wsign-conversion]
 2170 |   #define __LICE__ACTION(comb) _LICE_Template_Blit1<comb>::solidBlit((LICE_pixel_chan*)p,w,h,LICE_GETR(color),LICE_GETG(color),LICE_GETB(color),ia,sp*sizeof(LICE_pixel))
      |                                                                                                                                                    ^~
/workspace/scratch/286141ad5a40/repo-checkout/src/WDL/lice/lice_combine.h:799:32: note: in expansion of macro ‘__LICE__ACTION’
  799 |       case LICE_BLIT_MODE_ADD: __LICE__ACTION(_LICE_CombinePixelsAdd); break;  \
      |                                ^~~~~~~~~~~~~~
/workspace/scratch/286141ad5a40/repo-checkout/src/WDL/lice/lice.cpp:2175:7: note: in expansion of macro ‘__LICE_ACTION_NOSRCALPHA’
 2175 |       __LICE_ACTION_NOSRCALPHA(mode,ia,false);
      |       ^~~~~~~~~~~~~~~~~~~~~~~~
/workspace/scratch/286141ad5a40/repo-checkout/src/WDL/lice/lice.cpp:2170:148: warning: conversion to ‘long unsigned int’ from ‘int’ may change the sign of the result [-Wsign-conversion]
 2170 |   #define __LICE__ACTION(comb) _LICE_Template_Blit1<comb>::solidBlit((LICE_pixel_chan*)p,w,h,LICE_GETR(color),LICE_GETG(color),LICE_GETB(color),ia,sp*sizeof(LICE_pixel))
      |                                                                                                                                                    ^~
/workspace/scratch/286141ad5a40/repo-checkout/src/WDL/lice/lice_combine.h:800:34: note: in expansion of macro ‘__LICE__ACTION’
  800 |       case LICE_BLIT_MODE_DODGE: __LICE__ACTION(_LICE_CombinePixelsColorDodge);  break;  \
      |                                  ^~~~~~~~~~~~~~
/workspace/scratch/286141ad5a40/repo-checkout/src/WDL/lice/lice.cpp:2175:7: note: in expansion of macro ‘__LICE_ACTION_NOSRCALPHA’
 2175 |       __LICE_ACTION_NOSRCALPHA(mode,ia,false);
      |       ^~~~~~~~~~~~~~~~~~~~~~~~
/workspace/scratch/286141ad5a40/repo-checkout/src/WDL/lice/lice.cpp:2170:148: warning: conversion to ‘long unsigned int’ from ‘int’ may change the sign of the result [-Wsign-conversion]
 2170 |   #define __LICE__ACTION(comb) _LICE_Template_Blit1<comb>::solidBlit((LICE_pixel_chan*)p,w,h,LICE_GETR(color),LICE_GETG(color),LICE_GETB(color),ia,sp*sizeof(LICE_pixel))
      |                                                                                                                                                    ^~
/workspace/scratch/286141ad5a40/repo-checkout/src/WDL/lice/lice_combine.h:801:45: note: in expansion of macro ‘__LICE__ACTION’
  801 |       case LICE_BLIT_MODE_MUL: if (clamp) { __LICE__ACTION(_LICE_CombinePixelsMulClamp); } else { __LICE__ACTION(_LICE_CombinePixelsMulNoClamp); } break; \
      |                                             ^~~~~~~~~~~~~~
/workspace/scratch/286141ad5a40/repo-checkout/src/WDL/lice/lice.cpp:2175:7: note: in expansion of macro ‘__LICE_ACTION_NOSRCALPHA’
 2175 |       __LICE_ACTION_NOSRCALPHA(mode,ia,false);
      |       ^~~~~~~~~~~~~~~~~~~~~~~~
/workspace/scratch/286141ad5a40/repo-checkout/src/WDL/lice/lice.cpp:2170:148: warning: conversion to ‘long unsigned int’ from ‘int’ may change the sign of the result [-Wsign-conversion]
 2170 |   #define __LICE__ACTION(comb) _LICE_Template_Blit1<comb>::solidBlit((LICE_pixel_chan*)p,w,h,LICE_GETR(color),LICE_GETG(color),LICE_GETB(color),ia,sp*sizeof(LICE_pixel))
      |                                                                                                                                                    ^~
/workspace/scratch/286141ad5a40/repo-checkout/src/WDL/lice/lice_combine.h:801:99: note: in expansion of macro ‘__LICE__ACTION’
  801 |       case LICE_BLIT_MODE_MUL: if (clamp) { __LICE__ACTION(_LICE_CombinePixelsMulClamp); } else { __LICE__ACTION(_LICE_CombinePixelsMulNoClamp); } break; \
      |                                                                                                   ^~~~~~~~~~~~~~
/workspace/scratch/286141ad5a40/repo-checkout/src/WDL/lice/lice.cpp:2175:7: note: in expansion of macro ‘__LICE_ACTION_NOSRCALPHA’
 2175 |       __LICE_ACTION_NOSRCALPHA(mode,ia,false);
      |       ^~~~~~~~~~~~~~~~~~~~~~~~
/workspace/scratch/286141ad5a40/repo-checkout/src/WDL/lice/lice.cpp:2170:148: warning: conversion to ‘long unsigned int’ from ‘int’ may change the sign of the result [-Wsign-conversion]
 2170 |   #define __LICE__ACTION(comb) _LICE_Template_Blit1<comb>::solidBlit((LICE_pixel_chan*)p,w,h,LICE_GETR(color),LICE_GETG(color),LICE_GETB(color),ia,sp*sizeof(LICE_pixel))
      |                                                                                                                                                    ^~
/workspace/scratch/286141ad5a40/repo-checkout/src/WDL/lice/lice_combine.h:802:36: note: in expansion of macro ‘__LICE__ACTION’
  802 |       case LICE_BLIT_MODE_OVERLAY: __LICE__ACTION(_LICE_CombinePixelsOverlay); break;  \
      |                                    ^~~~~~~~~~~~~~
/workspace/scratch/286141ad5a40/repo-checkout/src/WDL/lice/lice.cpp:2175:7: note: in expansion of macro ‘__LICE_ACTION_NOSRCALPHA’
 2175 |       __LICE_ACTION_NOSRCALPHA(mode,ia,false);
      |       ^~~~~~~~~~~~~~~~~~~~~~~~
/workspace/scratch/286141ad5a40/repo-checkout/src/WDL/lice/lice.cpp:2170:148: warning: conversion to ‘long unsigned int’ from ‘int’ may change the sign of the result [-Wsign-conversion]
 2170 |   #define __LICE__ACTION(comb) _LICE_Template_Blit1<comb>::solidBlit((LICE_pixel_chan*)p,w,h,LICE_GETR(color),LICE_GETG(color),LICE_GETB(color),ia,sp*sizeof(LICE_pixel))
      |                                                                                                                                                    ^~
/workspace/scratch/286141ad5a40/repo-checkout/src/WDL/lice/lice_combine.h:803:35: note: in expansion of macro ‘__LICE__ACTION’
  803 |       case LICE_BLIT_MODE_HSVADJ: __LICE__ACTION(_LICE_CombinePixelsHSVAdjust); break;  \
      |                                   ^~~~~~~~~~~~~~
/workspace/scratch/286141ad5a40/repo-checkout/src/WDL/lice/lice.cpp:2175:7: note: in expansion of macro ‘__LICE_ACTION_NOSRCALPHA’
 2175 |       __LICE_ACTION_NOSRCALPHA(mode,ia,false);
      |       ^~~~~~~~~~~~~~~~~~~~~~~~
/workspace/scratch/286141ad5a40/repo-checkout/src/WDL/lice/lice.cpp: In function ‘void LICE_PutPixel(LICE_IBitmap*, int, int, LICE_pixel, float, int)’:
/workspace/scratch/286141ad5a40/repo-checkout/src/WDL/lice/lice.h:61:32: warning: conversion to ‘int’ from ‘LICE_pixel’ {aka ‘unsigned int’} may change the sign of the result [-Wsign-conversion]
   61 | #define LICE_GETA(v) (((v)>>24)&0xff)
      |                      ~~~~~~~~~~^~~~~~
/workspace/scratch/286141ad5a40/repo-checkout/src/WDL/lice/lice.cpp:2307:116: note: in expansion of macro ‘LICE_GETA’
 2307 | #define __LICE__ACTION(comb) comb::doPix((LICE_pixel_chan *)px, LICE_GETR(color),LICE_GETG(color),LICE_GETB(color),LICE_GETA(color), ia)
      |                                                                                                                    ^~~~~~~~~
/workspace/scratch/286141ad5a40/repo-checkout/src/WDL/lice/lice_combine.h:798:60: note: in expansion of macro ‘__LICE__ACTION’
  798 |       case LICE_BLIT_MODE_COPY: if ((ia)>0) { if (clamp) { __LICE__ACTION(_LICE_CombinePixelsCopyClamp); } else { __LICE__ACTION(_LICE_CombinePixelsCopyNoClamp); } } break;  \
      |                                                            ^~~~~~~~~~~~~~
/workspace/scratch/286141ad5a40/repo-checkout/src/WDL/lice/lice.cpp:2308:3: note: in expansion of macro ‘__LICE_ACTION_NOSRCALPHA’
 2308 |   __LICE_ACTION_NOSRCALPHA(mode,ia,false);
      |   ^~~~~~~~~~~~~~~~~~~~~~~~
/workspace/scratch/286141ad5a40/repo-checkout/src/WDL/lice/lice.h:61:32: warning: conversion to ‘int’ from ‘LICE_pixel’ {aka ‘unsigned int’} may change the sign of the result [-Wsign-conversion]
   61 | #define LICE_GETA(v) (((v)>>24)&0xff)
      |                      ~~~~~~~~~~^~~~~~
/workspace/scratch/286141ad5a40/repo-checkout/src/WDL/lice/lice.cpp:2307:116: note: in expansion of macro ‘LICE_GETA’
 2307 | #define __LICE__ACTION(comb) comb::doPix((LICE_pixel_chan *)px, LICE_GETR(color),LICE_GETG(color),LICE_GETB(color),LICE_GETA(color), ia)
      |                                                                                                                    ^~~~~~~~~
/workspace/scratch/286141ad5a40/repo-checkout/src/WDL/lice/lice_combine.h:798:115: note: in expansion of macro ‘__LICE__ACTION’
  798 |       case LICE_BLIT_MODE_COPY: if ((ia)>0) { if (clamp) { __LICE__ACTION(_LICE_CombinePixelsCopyClamp); } else { __LICE__ACTION(_LICE_CombinePixelsCopyNoClamp); } } break;  \
      |                                                                                                                   ^~~~~~~~~~~~~~
/workspace/scratch/286141ad5a40/repo-checkout/src/WDL/lice/lice.cpp:2308:3: note: in expansion of macro ‘__LICE_ACTION_NOSRCALPHA’
 2308 |   __LICE_ACTION_NOSRCALPHA(mode,ia,false);
      |   ^~~~~~~~~~~~~~~~~~~~~~~~
/workspace/scratch/286141ad5a40/repo-checkout/src/WDL/lice/lice.h:61:32: warning: conversion to ‘int’ from ‘LICE_pixel’ {aka ‘unsigned int’} may change the sign of the result [-Wsign-conversion]
   61 | #define LICE_GETA(v) (((v)>>24)&0xff)
      |                      ~~~~~~~~~~^~~~~~
/workspace/scratch/286141ad5a40/repo-checkout/src/WDL/lice/lice.cpp:2307:116: note: in expansion of macro ‘LICE_GETA’
 2307 | #define __LICE__ACTION(comb) comb::doPix((LICE_pixel_chan *)px, LICE_GETR(color),LICE_GETG(color),LICE_GETB(color),LICE_GETA(color), ia)
      |                                                                                                                    ^~~~~~~~~
/workspace/scratch/286141ad5a40/repo-checkout/src/WDL/lice/lice_combine.h:799:32: note: in expansion of macro ‘__LICE__ACTION’
  799 |       case LICE_BLIT_MODE_ADD: __LICE__ACTION(_LICE_CombinePixelsAdd); break;  \
      |                                ^~~~~~~~~~~~~~
/workspace/scratch/286141ad5a40/repo-checkout/src/WDL/lice/lice.cpp:2308:3: note: in expansion of macro ‘__LICE_ACTION_NOSRCALPHA’
 2308 |   __LICE_ACTION_NOSRCALPHA(mode,ia,false);
      |   ^~~~~~~~~~~~~~~~~~~~~~~~
/workspace/scratch/286141ad5a40/repo-checkout/src/WDL/lice/lice.h:61:32: warning: conversion to ‘int’ from ‘LICE_pixel’ {aka ‘unsigned int’} may change the sign of the result [-Wsign-conversion]
   61 | #define LICE_GETA(v) (((v)>>24)&0xff)
      |                      ~~~~~~~~~~^~~~~~
/workspace/scratch/286141ad5a40/repo-checkout/src/WDL/lice/lice.cpp:2307:116: note: in expansion of macro ‘LICE_GETA’
 2307 | #define __LICE__ACTION(comb) comb::doPix((LICE_pixel_chan *)px, LICE_GETR(color),LICE_GETG(color),LICE_GETB(color),LICE_GETA(color), ia)
      |                                                                                                                    ^~~~~~~~~
/workspace/scratch/286141ad5a40/repo-checkout/src/WDL/lice/lice_combine.h:800:34: note: in expansion of macro ‘__LICE__ACTION’
  800 |       case LICE_BLIT_MODE_DODGE: __LICE__ACTION(_LICE_CombinePixelsColorDodge);  break;  \
      |                                  ^~~~~~~~~~~~~~
/workspace/scratch/286141ad5a40/repo-checkout/src/WDL/lice/lice.cpp:2308:3: note: in expansion of macro ‘__LICE_ACTION_NOSRCALPHA’
 2308 |   __LICE_ACTION_NOSRCALPHA(mode,ia,false);
      |   ^~~~~~~~~~~~~~~~~~~~~~~~
/workspace/scratch/286141ad5a40/repo-checkout/src/WDL/lice/lice.h:61:32: warning: conversion to ‘int’ from ‘LICE_pixel’ {aka ‘unsigned int’} may change the sign of the result [-Wsign-conversion]
   61 | #define LICE_GETA(v) (((v)>>24)&0xff)
      |                      ~~~~~~~~~~^~~~~~
/workspace/scratch/286141ad5a40/repo-checkout/src/WDL/lice/lice.cpp:2307:116: note: in expansion of macro ‘LICE_GETA’
 2307 | #define __LICE__ACTION(comb) comb::doPix((LICE_pixel_chan *)px, LICE_GETR(color),LICE_GETG(color),LICE_GETB(color),LICE_GETA(color), ia)
      |                                                                                                                    ^~~~~~~~~
/workspace/scratch/286141ad5a40/repo-checkout/src/WDL/lice/lice_combine.h:801:45: note: in expansion of macro ‘__LICE__ACTION’
  801 |       case LICE_BLIT_MODE_MUL: if (clamp) { __LICE__ACTION(_LICE_CombinePixelsMulClamp); } else { __LICE__ACTION(_LICE_CombinePixelsMulNoClamp); } break; \
      |                                             ^~~~~~~~~~~~~~
/workspace/scratch/286141ad5a40/repo-checkout/src/WDL/lice/lice.cpp:2308:3: note: in expansion of macro ‘__LICE_ACTION_NOSRCALPHA’
 2308 |   __LICE_ACTION_NOSRCALPHA(mode,ia,false);
      |   ^~~~~~~~~~~~~~~~~~~~~~~~
/workspace/scratch/286141ad5a40/repo-checkout/src/WDL/lice/lice.h:61:32: warning: conversion to ‘int’ from ‘LICE_pixel’ {aka ‘unsigned int’} may change the sign of the result [-Wsign-conversion]
   61 | #define LICE_GETA(v) (((v)>>24)&0xff)
      |                      ~~~~~~~~~~^~~~~~
/workspace/scratch/286141ad5a40/repo-checkout/src/WDL/lice/lice.cpp:2307:116: note: in expansion of macro ‘LICE_GETA’
 2307 | #define __LICE__ACTION(comb) comb::doPix((LICE_pixel_chan *)px, LICE_GETR(color),LICE_GETG(color),LICE_GETB(color),LICE_GETA(color), ia)
      |                                                                                                                    ^~~~~~~~~
/workspace/scratch/286141ad5a40/repo-checkout/src/WDL/lice/lice_combine.h:801:99: note: in expansion of macro ‘__LICE__ACTION’
  801 |       case LICE_BLIT_MODE_MUL: if (clamp) { __LICE__ACTION(_LICE_CombinePixelsMulClamp); } else { __LICE__ACTION(_LICE_CombinePixelsMulNoClamp); } break; \
      |                                                                                                   ^~~~~~~~~~~~~~
/workspace/scratch/286141ad5a40/repo-checkout/src/WDL/lice/lice.cpp:2308:3: note: in expansion of macro ‘__LICE_ACTION_NOSRCALPHA’
 2308 |   __LICE_ACTION_NOSRCALPHA(mode,ia,false);
      |   ^~~~~~~~~~~~~~~~~~~~~~~~
/workspace/scratch/286141ad5a40/repo-checkout/src/WDL/lice/lice.h:61:32: warning: conversion to ‘int’ from ‘LICE_pixel’ {aka ‘unsigned int’} may change the sign of the result [-Wsign-conversion]
   61 | #define LICE_GETA(v) (((v)>>24)&0xff)
      |                      ~~~~~~~~~~^~~~~~
/workspace/scratch/286141ad5a40/repo-checkout/src/WDL/lice/lice.cpp:2307:116: note: in expansion of macro ‘LICE_GETA’
 2307 | #define __LICE__ACTION(comb) comb::doPix((LICE_pixel_chan *)px, LICE_GETR(color),LICE_GETG(color),LICE_GETB(color),LICE_GETA(color), ia)
      |                                                                                                                    ^~~~~~~~~
/workspace/scratch/286141ad5a40/repo-checkout/src/WDL/lice/lice_combine.h:802:36: note: in expansion of macro ‘__LICE__ACTION’
  802 |       case LICE_BLIT_MODE_OVERLAY: __LICE__ACTION(_LICE_CombinePixelsOverlay); break;  \
      |                                    ^~~~~~~~~~~~~~
/workspace/scratch/286141ad5a40/repo-checkout/src/WDL/lice/lice.cpp:2308:3: note: in expansion of macro ‘__LICE_ACTION_NOSRCALPHA’
 2308 |   __LICE_ACTION_NOSRCALPHA(mode,ia,false);
      |   ^~~~~~~~~~~~~~~~~~~~~~~~
/workspace/scratch/286141ad5a40/repo-checkout/src/WDL/lice/lice.h:61:32: warning: conversion to ‘int’ from ‘LICE_pixel’ {aka ‘unsigned int’} may change the sign of the result [-Wsign-conversion]
   61 | #define LICE_GETA(v) (((v)>>24)&0xff)
      |                      ~~~~~~~~~~^~~~~~
/workspace/scratch/286141ad5a40/repo-checkout/src/WDL/lice/lice.cpp:2307:116: note: in expansion of macro ‘LICE_GETA’
 2307 | #define __LICE__ACTION(comb) comb::doPix((LICE_pixel_chan *)px, LICE_GETR(color),LICE_GETG(color),LICE_GETB(color),LICE_GETA(color), ia)
      |                                                                                                                    ^~~~~~~~~
/workspace/scratch/286141ad5a40/repo-checkout/src/WDL/lice/lice_combine.h:803:35: note: in expansion of macro ‘__LICE__ACTION’
  803 |       case LICE_BLIT_MODE_HSVADJ: __LICE__ACTION(_LICE_CombinePixelsHSVAdjust); break;  \
      |                                   ^~~~~~~~~~~~~~
/workspace/scratch/286141ad5a40/repo-checkout/src/WDL/lice/lice.cpp:2308:3: note: in expansion of macro ‘__LICE_ACTION_NOSRCALPHA’
 2308 |   __LICE_ACTION_NOSRCALPHA(mode,ia,false);
      |   ^~~~~~~~~~~~~~~~~~~~~~~~
/workspace/scratch/286141ad5a40/repo-checkout/src/WDL/lice/lice.cpp: In function ‘void LICE_SetAlphaFromColorMask(LICE_IBitmap*, LICE_pixel)’:
/workspace/scratch/286141ad5a40/repo-checkout/src/WDL/lice/lice.h:57:72: warning: unsigned conversion from ‘int’ to ‘LICE_pixel’ {aka ‘unsigned int’} changes value from ‘-16777216’ to ‘4278190080’ [-Wsign-conversion]
   57 | #define LICE_RGBA(r,g,b,a) (((b)&0xff)|(((g)&0xff)<<8)|(((r)&0xff)<<16)|(((a)&0xff)<<24))
      |                            ~~~~~~~~~~~~~~~~~~~~~~~~~~~~~~~~~~~~~~~~~~~~^~~~~~~~~~~~~~~~~~
/workspace/scratch/286141ad5a40/repo-checkout/src/WDL/lice/lice.cpp:2499:16: note: in expansion of macro ‘LICE_RGBA’
 2499 |       else *p|=LICE_RGBA(0,0,0,255);
      |                ^~~~~~~~~
/workspace/scratch/286141ad5a40/repo-checkout/src/WDL/lice/lice.cpp: In function ‘void LICE_HalveBlitAA(LICE_IBitmap*, LICE_IBitmap*)’:
/workspace/scratch/286141ad5a40/repo-checkout/src/WDL/lice/lice.cpp:2863:35: warning: conversion to ‘unsigned int’ from ‘int’ may change the sign of the result [-Wsign-conversion]
 2863 |       r1 += ((sp[1]>>2)&0x3f3f3f3f);
      |                                   ^
/workspace/scratch/286141ad5a40/repo-checkout/src/WDL/lice/lice.cpp:2863:10: warning: conversion to ‘int’ from ‘unsigned int’ may change the sign of the result [-Wsign-conversion]
 2863 |       r1 += ((sp[1]>>2)&0x3f3f3f3f);
      |       ~~~^~~~~~~~~~~~~~~~~~~~~~~~~~
/workspace/scratch/286141ad5a40/repo-checkout/src/WDL/lice/lice.cpp:2864:35: warning: conversion to ‘unsigned int’ from ‘int’ may change the sign of the result [-Wsign-conversion]
 2864 |       r2 += ((sp[3]>>2)&0x3f3f3f3f);
      |                                   ^
/workspace/scratch/286141ad5a40/repo-checkout/src/WDL/lice/lice.cpp:2864:10: warning: conversion to ‘int’ from ‘unsigned int’ may change the sign of the result [-Wsign-conversion]
 2864 |       r2 += ((sp[3]>>2)&0x3f3f3f3f);
      |       ~~~^~~~~~~~~~~~~~~~~~~~~~~~~~
/workspace/scratch/286141ad5a40/repo-checkout/src/WDL/lice/lice.cpp:2865:15: warning: conversion to ‘unsigned int’ from ‘int’ may change the sign of the result [-Wsign-conversion]
 2865 |       dp[0] = r1  +
      |               ^~
/workspace/scratch/286141ad5a40/repo-checkout/src/WDL/lice/lice.cpp:2868:15: warning: conversion to ‘unsigned int’ from ‘int’ may change the sign of the result [-Wsign-conversion]
 2868 |       dp[1] = r2  +
      |               ^~
/workspace/scratch/286141ad5a40/repo-checkout/src/WDL/lice/lice.cpp: In function ‘int LICE_BitmapCmp(LICE_IBitmap*, LICE_IBitmap*, int*)’:
/workspace/scratch/286141ad5a40/repo-checkout/src/WDL/lice/lice.h:57:72: warning: unsigned conversion from ‘int’ to ‘LICE_pixel’ {aka ‘unsigned int’} changes value from ‘-1’ to ‘4294967295’ [-Wsign-conversion]
   57 | #define LICE_RGBA(r,g,b,a) (((b)&0xff)|(((g)&0xff)<<8)|(((r)&0xff)<<16)|(((a)&0xff)<<24))
      |                            ~~~~~~~~~~~~~~~~~~~~~~~~~~~~~~~~~~~~~~~~~~~~^~~~~~~~~~~~~~~~~~
/workspace/scratch/286141ad5a40/repo-checkout/src/WDL/lice/lice.cpp:2892:31: note: in expansion of macro ‘LICE_RGBA’
 2892 |   return LICE_BitmapCmpEx(a,b,LICE_RGBA(255,255,255,255),coordsOut);
      |                               ^~~~~~~~~
/workspace/scratch/286141ad5a40/repo-checkout/src/WDL/lice/lice.cpp: In function ‘int LICE_BitmapCmpEx(LICE_IBitmap*, LICE_IBitmap*, LICE_pixel, int*)’:
/workspace/scratch/286141ad5a40/repo-checkout/src/WDL/lice/lice.cpp:2930:39: warning: conversion to ‘long unsigned int’ from ‘int’ may change the sign of the result [-Wsign-conversion]
 2930 |         const int dv = memcmp(px1,px2,aw*sizeof(LICE_pixel));
      |                                       ^~
In file included from /workspace/scratch/286141ad5a40/repo-checkout/src/JsfxGfxLice.h:8:
/workspace/scratch/286141ad5a40/repo-checkout/src/WDL/lice/lice_line.cpp: In function ‘void LICE_DiagLineFAST(LICE_pixel*, int, int, int, int, LICE_pixel, bool)’:
/workspace/scratch/286141ad5a40/repo-checkout/src/WDL/lice/lice_line.cpp:169:58: warning: unused parameter ‘span’ [-Wunused-parameter]
  169 | inline static void LICE_DiagLineFAST(LICE_pixel *px, int span, int n, int xstep, int ystep, LICE_pixel color, bool aa)
      |                                                      ~~~~^~~~
/workspace/scratch/286141ad5a40/repo-checkout/src/WDL/lice/lice_line.cpp: In function ‘void LICE_Line(LICE_IBitmap*, int, int, int, int, LICE_pixel, float, int, bool)’:
/workspace/scratch/286141ad5a40/repo-checkout/src/WDL/lice/lice_line.cpp:645:70: warning: comparing floating-point with ‘==’ or ‘!=’ is unsafe [-Wfloat-equal]
  645 |       if ((mode&LICE_BLIT_MODE_MASK) == LICE_BLIT_MODE_COPY && alpha == 1.0f)
      |                                                                ~~~~~~^~~~~~~
/workspace/scratch/286141ad5a40/repo-checkout/src/WDL/lice/lice_line.cpp:649:75: warning: comparing floating-point with ‘==’ or ‘!=’ is unsafe [-Wfloat-equal]
  649 |       else if ((mode&LICE_BLIT_MODE_MASK) == LICE_BLIT_MODE_COPY && alpha == 0.5f)
      |                                                                     ~~~~~~^~~~~~~
/workspace/scratch/286141ad5a40/repo-checkout/src/WDL/lice/lice_line.cpp:654:75: warning: comparing floating-point with ‘==’ or ‘!=’ is unsafe [-Wfloat-equal]
  654 |       else if ((mode&LICE_BLIT_MODE_MASK) == LICE_BLIT_MODE_COPY && alpha == 0.25f)
      |                                                                     ~~~~~~^~~~~~~~
/workspace/scratch/286141ad5a40/repo-checkout/src/WDL/lice/lice_line.cpp:659:75: warning: comparing floating-point with ‘==’ or ‘!=’ is unsafe [-Wfloat-equal]
  659 |       else if ((mode&LICE_BLIT_MODE_MASK) == LICE_BLIT_MODE_COPY && alpha == 0.75f)
      |                                                                     ~~~~~~^~~~~~~~
/workspace/scratch/286141ad5a40/repo-checkout/src/WDL/lice/lice_line.cpp:679:70: warning: comparing floating-point with ‘==’ or ‘!=’ is unsafe [-Wfloat-equal]
  679 |       if ((mode&LICE_BLIT_MODE_MASK) == LICE_BLIT_MODE_COPY && alpha == 1.0f)
      |                                                                ~~~~~~^~~~~~~
/workspace/scratch/286141ad5a40/repo-checkout/src/WDL/lice/lice_line.cpp:683:75: warning: comparing floating-point with ‘==’ or ‘!=’ is unsafe [-Wfloat-equal]
  683 |       else if ((mode&LICE_BLIT_MODE_MASK) == LICE_BLIT_MODE_COPY && alpha == 0.5f)
      |                                                                     ~~~~~~^~~~~~~
/workspace/scratch/286141ad5a40/repo-checkout/src/WDL/lice/lice_line.cpp:688:75: warning: comparing floating-point with ‘==’ or ‘!=’ is unsafe [-Wfloat-equal]
  688 |       else if ((mode&LICE_BLIT_MODE_MASK) == LICE_BLIT_MODE_COPY && alpha == 0.25f)
      |                                                                     ~~~~~~^~~~~~~~
/workspace/scratch/286141ad5a40/repo-checkout/src/WDL/lice/lice_line.cpp:693:75: warning: comparing floating-point with ‘==’ or ‘!=’ is unsafe [-Wfloat-equal]
  693 |       else if ((mode&LICE_BLIT_MODE_MASK) == LICE_BLIT_MODE_COPY && alpha == 0.75f)
      |                                                                     ~~~~~~^~~~~~~~
/workspace/scratch/286141ad5a40/repo-checkout/src/WDL/lice/lice_line.cpp:700:97: warning: conversion to ‘int’ from ‘LICE_pixel’ {aka ‘unsigned int’} may change the sign of the result [-Wsign-conversion]
  700 | #define __LICE__ACTION(COMBFUNC) __LICE_LineClassSimple<COMBFUNC>::LICE_VertLine(px, span, len, color,aw)
      |                                                                                                 ^~~~~
/workspace/scratch/286141ad5a40/repo-checkout/src/WDL/lice/lice_combine.h:810:39: note: in expansion of macro ‘__LICE__ACTION’
  810 |         if ((ia)==256) { if (clamp) { __LICE__ACTION(_LICE_CombinePixelsClobberClamp); } else { __LICE__ACTION(_LICE_CombinePixelsClobberNoClamp); } } \
      |                                       ^~~~~~~~~~~~~~
/workspace/scratch/286141ad5a40/repo-checkout/src/WDL/lice/lice_line.cpp:701:9: note: in expansion of macro ‘__LICE_ACTION_CONSTANTALPHA’
  701 |         __LICE_ACTION_CONSTANTALPHA(mode, aw, false);
      |         ^~~~~~~~~~~~~~~~~~~~~~~~~~~
/workspace/scratch/286141ad5a40/repo-checkout/src/WDL/lice/lice_line.cpp:700:97: warning: conversion to ‘int’ from ‘LICE_pixel’ {aka ‘unsigned int’} may change the sign of the result [-Wsign-conversion]
  700 | #define __LICE__ACTION(COMBFUNC) __LICE_LineClassSimple<COMBFUNC>::LICE_VertLine(px, span, len, color,aw)
      |                                                                                                 ^~~~~
/workspace/scratch/286141ad5a40/repo-checkout/src/WDL/lice/lice_combine.h:810:97: note: in expansion of macro ‘__LICE__ACTION’
  810 |         if ((ia)==256) { if (clamp) { __LICE__ACTION(_LICE_CombinePixelsClobberClamp); } else { __LICE__ACTION(_LICE_CombinePixelsClobberNoClamp); } } \
      |                                                                                                 ^~~~~~~~~~~~~~
/workspace/scratch/286141ad5a40/repo-checkout/src/WDL/lice/lice_line.cpp:701:9: note: in expansion of macro ‘__LICE_ACTION_CONSTANTALPHA’
  701 |         __LICE_ACTION_CONSTANTALPHA(mode, aw, false);
      |         ^~~~~~~~~~~~~~~~~~~~~~~~~~~
/workspace/scratch/286141ad5a40/repo-checkout/src/WDL/lice/lice_line.cpp:700:97: warning: conversion to ‘int’ from ‘LICE_pixel’ {aka ‘unsigned int’} may change the sign of the result [-Wsign-conversion]
  700 | #define __LICE__ACTION(COMBFUNC) __LICE_LineClassSimple<COMBFUNC>::LICE_VertLine(px, span, len, color,aw)
      |                                                                                                 ^~~~~
/workspace/scratch/286141ad5a40/repo-checkout/src/WDL/lice/lice_combine.h:811:44: note: in expansion of macro ‘__LICE__ACTION’
  811 |         else if ((ia)==128) { if (clamp) { __LICE__ACTION(_LICE_CombinePixelsHalfMixClamp); } else { __LICE__ACTION(_LICE_CombinePixelsHalfMixNoClamp); }  } \
      |                                            ^~~~~~~~~~~~~~
/workspace/scratch/286141ad5a40/repo-checkout/src/WDL/lice/lice_line.cpp:701:9: note: in expansion of macro ‘__LICE_ACTION_CONSTANTALPHA’
  701 |         __LICE_ACTION_CONSTANTALPHA(mode, aw, false);
      |         ^~~~~~~~~~~~~~~~~~~~~~~~~~~
/workspace/scratch/286141ad5a40/repo-checkout/src/WDL/lice/lice_line.cpp:700:97: warning: conversion to ‘int’ from ‘LICE_pixel’ {aka ‘unsigned int’} may change the sign of the result [-Wsign-conversion]
  700 | #define __LICE__ACTION(COMBFUNC) __LICE_LineClassSimple<COMBFUNC>::LICE_VertLine(px, span, len, color,aw)
      |                                                                                                 ^~~~~
/workspace/scratch/286141ad5a40/repo-checkout/src/WDL/lice/lice_combine.h:811:102: note: in expansion of macro ‘__LICE__ACTION’
  811 |         else if ((ia)==128) { if (clamp) { __LICE__ACTION(_LICE_CombinePixelsHalfMixClamp); } else { __LICE__ACTION(_LICE_CombinePixelsHalfMixNoClamp); }  } \
      |                                                                                                      ^~~~~~~~~~~~~~
/workspace/scratch/286141ad5a40/repo-checkout/src/WDL/lice/lice_line.cpp:701:9: note: in expansion of macro ‘__LICE_ACTION_CONSTANTALPHA’
  701 |         __LICE_ACTION_CONSTANTALPHA(mode, aw, false);
      |         ^~~~~~~~~~~~~~~~~~~~~~~~~~~
/workspace/scratch/286141ad5a40/repo-checkout/src/WDL/lice/lice_line.cpp:700:97: warning: conversion to ‘int’ from ‘LICE_pixel’ {aka ‘unsigned int’} may change the sign of the result [-Wsign-conversion]
  700 | #define __LICE__ACTION(COMBFUNC) __LICE_LineClassSimple<COMBFUNC>::LICE_VertLine(px, span, len, color,aw)
      |                                                                                                 ^~~~~
/workspace/scratch/286141ad5a40/repo-checkout/src/WDL/lice/lice_combine.h:812:41: note: in expansion of macro ‘__LICE__ACTION’
  812 |         else if ((ia)>0) { if (clamp) { __LICE__ACTION(_LICE_CombinePixelsCopyClamp); } else { __LICE__ACTION(_LICE_CombinePixelsCopyNoClamp); } } \
      |                                         ^~~~~~~~~~~~~~
/workspace/scratch/286141ad5a40/repo-checkout/src/WDL/lice/lice_line.cpp:701:9: note: in expansion of macro ‘__LICE_ACTION_CONSTANTALPHA’
  701 |         __LICE_ACTION_CONSTANTALPHA(mode, aw, false);
      |         ^~~~~~~~~~~~~~~~~~~~~~~~~~~
/workspace/scratch/286141ad5a40/repo-checkout/src/WDL/lice/lice_line.cpp:700:97: warning: conversion to ‘int’ from ‘LICE_pixel’ {aka ‘unsigned int’} may change the sign of the result [-Wsign-conversion]
  700 | #define __LICE__ACTION(COMBFUNC) __LICE_LineClassSimple<COMBFUNC>::LICE_VertLine(px, span, len, color,aw)
      |                                                                                                 ^~~~~
/workspace/scratch/286141ad5a40/repo-checkout/src/WDL/lice/lice_combine.h:812:96: note: in expansion of macro ‘__LICE__ACTION’
  812 |         else if ((ia)>0) { if (clamp) { __LICE__ACTION(_LICE_CombinePixelsCopyClamp); } else { __LICE__ACTION(_LICE_CombinePixelsCopyNoClamp); } } \
      |                                                                                                ^~~~~~~~~~~~~~
/workspace/scratch/286141ad5a40/repo-checkout/src/WDL/lice/lice_line.cpp:701:9: note: in expansion of macro ‘__LICE_ACTION_CONSTANTALPHA’
  701 |         __LICE_ACTION_CONSTANTALPHA(mode, aw, false);
      |         ^~~~~~~~~~~~~~~~~~~~~~~~~~~
/workspace/scratch/286141ad5a40/repo-checkout/src/WDL/lice/lice_line.cpp:700:97: warning: conversion to ‘int’ from ‘LICE_pixel’ {aka ‘unsigned int’} may change the sign of the result [-Wsign-conversion]
  700 | #define __LICE__ACTION(COMBFUNC) __LICE_LineClassSimple<COMBFUNC>::LICE_VertLine(px, span, len, color,aw)
      |                                                                                                 ^~~~~
/workspace/scratch/286141ad5a40/repo-checkout/src/WDL/lice/lice_combine.h:814:32: note: in expansion of macro ‘__LICE__ACTION’
  814 |       case LICE_BLIT_MODE_ADD: __LICE__ACTION(_LICE_CombinePixelsAdd); break;  \
      |                                ^~~~~~~~~~~~~~
/workspace/scratch/286141ad5a40/repo-checkout/src/WDL/lice/lice_line.cpp:701:9: note: in expansion of macro ‘__LICE_ACTION_CONSTANTALPHA’
  701 |         __LICE_ACTION_CONSTANTALPHA(mode, aw, false);
      |         ^~~~~~~~~~~~~~~~~~~~~~~~~~~
/workspace/scratch/286141ad5a40/repo-checkout/src/WDL/lice/lice_line.cpp:700:97: warning: conversion to ‘int’ from ‘LICE_pixel’ {aka ‘unsigned int’} may change the sign of the result [-Wsign-conversion]
  700 | #define __LICE__ACTION(COMBFUNC) __LICE_LineClassSimple<COMBFUNC>::LICE_VertLine(px, span, len, color,aw)
      |                                                                                                 ^~~~~
/workspace/scratch/286141ad5a40/repo-checkout/src/WDL/lice/lice_combine.h:815:34: note: in expansion of macro ‘__LICE__ACTION’
  815 |       case LICE_BLIT_MODE_DODGE: __LICE__ACTION(_LICE_CombinePixelsColorDodge);  break;  \
      |                                  ^~~~~~~~~~~~~~
/workspace/scratch/286141ad5a40/repo-checkout/src/WDL/lice/lice_line.cpp:701:9: note: in expansion of macro ‘__LICE_ACTION_CONSTANTALPHA’
  701 |         __LICE_ACTION_CONSTANTALPHA(mode, aw, false);
      |         ^~~~~~~~~~~~~~~~~~~~~~~~~~~
/workspace/scratch/286141ad5a40/repo-checkout/src/WDL/lice/lice_line.cpp:700:97: warning: conversion to ‘int’ from ‘LICE_pixel’ {aka ‘unsigned int’} may change the sign of the result [-Wsign-conversion]
  700 | #define __LICE__ACTION(COMBFUNC) __LICE_LineClassSimple<COMBFUNC>::LICE_VertLine(px, span, len, color,aw)
      |                                                                                                 ^~~~~
/workspace/scratch/286141ad5a40/repo-checkout/src/WDL/lice/lice_combine.h:816:45: note: in expansion of macro ‘__LICE__ACTION’
  816 |       case LICE_BLIT_MODE_MUL: if (clamp) { __LICE__ACTION(_LICE_CombinePixelsMulClamp); } else { __LICE__ACTION(_LICE_CombinePixelsMulNoClamp); } break;  \
      |                                             ^~~~~~~~~~~~~~
/workspace/scratch/286141ad5a40/repo-checkout/src/WDL/lice/lice_line.cpp:701:9: note: in expansion of macro ‘__LICE_ACTION_CONSTANTALPHA’
  701 |         __LICE_ACTION_CONSTANTALPHA(mode, aw, false);
      |         ^~~~~~~~~~~~~~~~~~~~~~~~~~~
/workspace/scratch/286141ad5a40/repo-checkout/src/WDL/lice/lice_line.cpp:700:97: warning: conversion to ‘int’ from ‘LICE_pixel’ {aka ‘unsigned int’} may change the sign of the result [-Wsign-conversion]
  700 | #define __LICE__ACTION(COMBFUNC) __LICE_LineClassSimple<COMBFUNC>::LICE_VertLine(px, span, len, color,aw)
      |                                                                                                 ^~~~~
/workspace/scratch/286141ad5a40/repo-checkout/src/WDL/lice/lice_combine.h:816:99: note: in expansion of macro ‘__LICE__ACTION’
  816 |       case LICE_BLIT_MODE_MUL: if (clamp) { __LICE__ACTION(_LICE_CombinePixelsMulClamp); } else { __LICE__ACTION(_LICE_CombinePixelsMulNoClamp); } break;  \
      |                                                                                                   ^~~~~~~~~~~~~~
/workspace/scratch/286141ad5a40/repo-checkout/src/WDL/lice/lice_line.cpp:701:9: note: in expansion of macro ‘__LICE_ACTION_CONSTANTALPHA’
  701 |         __LICE_ACTION_CONSTANTALPHA(mode, aw, false);
      |         ^~~~~~~~~~~~~~~~~~~~~~~~~~~
/workspace/scratch/286141ad5a40/repo-checkout/src/WDL/lice/lice_line.cpp:700:97: warning: conversion to ‘int’ from ‘LICE_pixel’ {aka ‘unsigned int’} may change the sign of the result [-Wsign-conversion]
  700 | #define __LICE__ACTION(COMBFUNC) __LICE_LineClassSimple<COMBFUNC>::LICE_VertLine(px, span, len, color,aw)
      |                                                                                                 ^~~~~
/workspace/scratch/286141ad5a40/repo-checkout/src/WDL/lice/lice_combine.h:817:36: note: in expansion of macro ‘__LICE__ACTION’
  817 |       case LICE_BLIT_MODE_OVERLAY: __LICE__ACTION(_LICE_CombinePixelsOverlay); break;  \
      |                                    ^~~~~~~~~~~~~~
/workspace/scratch/286141ad5a40/repo-checkout/src/WDL/lice/lice_line.cpp:701:9: note: in expansion of macro ‘__LICE_ACTION_CONSTANTALPHA’
  701 |         __LICE_ACTION_CONSTANTALPHA(mode, aw, false);
      |         ^~~~~~~~~~~~~~~~~~~~~~~~~~~
/workspace/scratch/286141ad5a40/repo-checkout/src/WDL/lice/lice_line.cpp:700:97: warning: conversion to ‘int’ from ‘LICE_pixel’ {aka ‘unsigned int’} may change the sign of the result [-Wsign-conversion]
  700 | #define __LICE__ACTION(COMBFUNC) __LICE_LineClassSimple<COMBFUNC>::LICE_VertLine(px, span, len, color,aw)
      |                                                                                                 ^~~~~
/workspace/scratch/286141ad5a40/repo-checkout/src/WDL/lice/lice_combine.h:818:35: note: in expansion of macro ‘__LICE__ACTION’
  818 |       case LICE_BLIT_MODE_HSVADJ: __LICE__ACTION(_LICE_CombinePixelsHSVAdjust); break;  \
      |                                   ^~~~~~~~~~~~~~
/workspace/scratch/286141ad5a40/repo-checkout/src/WDL/lice/lice_line.cpp:701:9: note: in expansion of macro ‘__LICE_ACTION_CONSTANTALPHA’
  701 |         __LICE_ACTION_CONSTANTALPHA(mode, aw, false);
      |         ^~~~~~~~~~~~~~~~~~~~~~~~~~~
/workspace/scratch/286141ad5a40/repo-checkout/src/WDL/lice/lice_line.cpp:712:70: warning: comparing floating-point with ‘==’ or ‘!=’ is unsafe [-Wfloat-equal]
  712 |       if ((mode&LICE_BLIT_MODE_MASK) == LICE_BLIT_MODE_COPY && alpha == 1.0f)
      |                                                                ~~~~~~^~~~~~~
/workspace/scratch/286141ad5a40/repo-checkout/src/WDL/lice/lice_line.cpp: In function ‘void LICE_FLine(LICE_IBitmap*, float, float, float, float, LICE_pixel, float, int, bool)’:
/workspace/scratch/286141ad5a40/repo-checkout/src/WDL/lice/lice_line.cpp:837:12: warning: comparing floating-point with ‘==’ or ‘!=’ is unsafe [-Wfloat-equal]
  837 |     if (x1 != x2 || y1 != y2)
      |         ~~~^~~~~
/workspace/scratch/286141ad5a40/repo-checkout/src/WDL/lice/lice_line.cpp:837:24: warning: comparing floating-point with ‘==’ or ‘!=’ is unsafe [-Wfloat-equal]
  837 |     if (x1 != x2 || y1 != y2)
      |                     ~~~^~~~~
/workspace/scratch/286141ad5a40/repo-checkout/src/WDL/lice/lice_line.cpp: In function ‘void LICE_DashedLine(LICE_IBitmap*, int, int, int, int, int, int, LICE_pixel, float, int, bool)’:
/workspace/scratch/286141ad5a40/repo-checkout/src/WDL/lice/lice_line.cpp:950:107: warning: comparing floating-point with ‘==’ or ‘!=’ is unsafe [-Wfloat-equal]
  950 |     if (pxon == 1 && pxoff == 1 && x1 == x2 && (mode&LICE_BLIT_MODE_MASK) == LICE_BLIT_MODE_COPY && alpha == 1.0f)
      |                                                                                                     ~~~~~~^~~~~~~
/workspace/scratch/286141ad5a40/repo-checkout/src/WDL/lice/lice_line.cpp:917:141: warning: unused parameter ‘aa’ [-Wunused-parameter]
  917 | void LICE_DashedLine(LICE_IBitmap* dest, int x1, int y1, int x2, int y2, int pxon, int pxoff, LICE_pixel color, float alpha, int mode, bool aa)
      |                                                                                                                                        ~~~~~^~
In file included from /workspace/scratch/286141ad5a40/repo-checkout/src/WDL/lice/lice_line.cpp:1009:
/workspace/scratch/286141ad5a40/repo-checkout/src/WDL/lice/lice_bezier.h: In function ‘T LICE_Bezier_GetY(T, T, T, T, T, T, T, double*)’:
/workspace/scratch/286141ad5a40/repo-checkout/src/WDL/lice/lice_bezier.h:67:9: warning: comparing floating-point with ‘==’ or ‘!=’ is unsafe [-Wfloat-equal]
   67 |   if (a == 0.0)
      |       ~~^~~~~~
/workspace/scratch/286141ad5a40/repo-checkout/src/WDL/lice/lice_bezier.h: In function ‘void LICE_QNurbs(T*, int, int*, T*, int)’:
/workspace/scratch/286141ad5a40/repo-checkout/src/WDL/lice/lice_bezier.h:187:13: warning: comparing floating-point with ‘==’ or ‘!=’ is unsafe [-Wfloat-equal]
  187 |     if (ym1 == ym2 && y1 == ym1)
      |         ~~~~^~~~~~
/workspace/scratch/286141ad5a40/repo-checkout/src/WDL/lice/lice_bezier.h: In function ‘T LICE_CBezier_GetY(T, T, T, T, T, T, T, T, T, T*, T*, double*, double*)’:
/workspace/scratch/286141ad5a40/repo-checkout/src/WDL/lice/lice_bezier.h:281:11: warning: comparing floating-point with ‘==’ or ‘!=’ is unsafe [-Wfloat-equal]
  281 |   if (tLo == 0.0) EVAL_CBEZ(xLo, ax, bx, cx, (double) ctrl_x1, 0.0);
      |       ~~~~^~~~~~
/workspace/scratch/286141ad5a40/repo-checkout/src/WDL/lice/lice_bezier.h:282:11: warning: comparing floating-point with ‘==’ or ‘!=’ is unsafe [-Wfloat-equal]
  282 |   if (tHi == 1.0) EVAL_CBEZ(xHi, ax, bx, cx, (double) ctrl_x1, 1.0);
      |       ~~~~^~~~~~
/workspace/scratch/286141ad5a40/repo-checkout/src/WDL/lice/lice_bezier.h:287:22: warning: comparing floating-point with ‘==’ or ‘!=’ is unsafe [-Wfloat-equal]
  287 |   double dYdX = (xLo == xHi ? 0.0 : (yHi - yLo) / (xHi - xLo));
      |                  ~~~~^~~~~~
/workspace/scratch/286141ad5a40/repo-checkout/src/WDL/lice/lice_line.cpp: In function ‘void LICE_FillTrapezoidF(LICE_IBitmap*, double, double, int, double, double, int, LICE_pixel, float, int)’:
/workspace/scratch/286141ad5a40/repo-checkout/src/WDL/lice/lice.h:61:32: warning: conversion to ‘int’ from ‘LICE_pixel’ {aka ‘unsigned int’} may change the sign of the result [-Wsign-conversion]
   61 | #define LICE_GETA(v) (((v)>>24)&0xff)
      |                      ~~~~~~~~~~^~~~~~
/workspace/scratch/286141ad5a40/repo-checkout/src/WDL/lice/lice_line.cpp:1738:83: note: in expansion of macro ‘LICE_GETA’
 1738 |     int cr = LICE_GETR(color), cg = LICE_GETG(color), cb = LICE_GETB(color), ca = LICE_GETA(color);
      |                                                                                   ^~~~~~~~~
/workspace/scratch/286141ad5a40/repo-checkout/src/WDL/lice/lice_line.cpp: In function ‘int FindNextEdgeVertex(int*, int, int, int)’:
/workspace/scratch/286141ad5a40/repo-checkout/src/WDL/lice/lice_line.cpp:1786:23: warning: comparing floating-point with ‘==’ or ‘!=’ is unsafe [-Wfloat-equal]
 1786 |     if (!init || dxdy == dxdy_best || (dir < 0 && dxdy < dxdy_best) || (dir > 0 && dxdy > dxdy_best))
      |                  ~~~~~^~~~~~~~~~~~
/workspace/scratch/286141ad5a40/repo-checkout/src/WDL/lice/lice_line.cpp: In function ‘void LICE_FillConvexPolygon(LICE_IBitmap*, const int*, const int*, int, LICE_pixel, float, int)’:
/workspace/scratch/286141ad5a40/repo-checkout/src/WDL/lice/lice_line.cpp:1813:13: warning: zero as null pointer constant [-Wzero-as-null-pointer-constant]
 1813 |   int* xy = 0;
      |             ^
/workspace/scratch/286141ad5a40/repo-checkout/src/WDL/lice/lice_line.cpp:1817:26: warning: conversion to ‘long unsigned int’ from ‘int’ may change the sign of the result [-Wsign-conversion]
 1817 |   else xy = (int*)malloc(npoints*sizeof(int)*2);
      |                          ^~~~~~~
/workspace/scratch/286141ad5a40/repo-checkout/src/WDL/lice/lice_line.cpp:1831:15: warning: conversion to ‘size_t’ {aka ‘long unsigned int’} from ‘int’ may change the sign of the result [-Wsign-conversion]
 1831 |     qsort(xy, npoints, 2*sizeof(int), _ysort);  // sorts by y, at same y sorts by x
      |               ^~~~~~~
/workspace/scratch/286141ad5a40/repo-checkout/src/WDL/lice/lice_line.cpp: In function ‘void LICE_ThickFLine(LICE_IBitmap*, double, double, double, double, LICE_pixel, float, int, int)’:
/workspace/scratch/286141ad5a40/repo-checkout/src/WDL/lice/lice_line.cpp:1946:12: warning: comparing floating-point with ‘==’ or ‘!=’ is unsafe [-Wfloat-equal]
 1946 |     if (x1 != x2 || y1 != y2)
      |         ~~~^~~~~
/workspace/scratch/286141ad5a40/repo-checkout/src/WDL/lice/lice_line.cpp:1946:24: warning: comparing floating-point with ‘==’ or ‘!=’ is unsafe [-Wfloat-equal]
 1946 |     if (x1 != x2 || y1 != y2)
      |                     ~~~^~~~~
/workspace/scratch/286141ad5a40/repo-checkout/src/WDL/lice/lice_line.cpp:2016:106: warning: conversion to ‘unsigned int’ from ‘int’ may change the sign of the result [-Wsign-conversion]
 2016 |         __LICE_LineClass<COMBFUNC>::LICE_FLineImplFill(px,n,err,derr,astep,bstep, color, aw, wid, b_pos, b_max)
      |                                                                                                          ^~~~~
/workspace/scratch/286141ad5a40/repo-checkout/src/WDL/lice/lice_combine.h:798:60: note: in expansion of macro ‘__LICE__ACTION’
  798 |       case LICE_BLIT_MODE_COPY: if ((ia)>0) { if (clamp) { __LICE__ACTION(_LICE_CombinePixelsCopyClamp); } else { __LICE__ACTION(_LICE_CombinePixelsCopyNoClamp); } } break;  \
      |                                                            ^~~~~~~~~~~~~~
/workspace/scratch/286141ad5a40/repo-checkout/src/WDL/lice/lice_line.cpp:2019:7: note: in expansion of macro ‘__LICE_ACTION_NOSRCALPHA’
 2019 |       __LICE_ACTION_NOSRCALPHA(mode, aw, false);
      |       ^~~~~~~~~~~~~~~~~~~~~~~~
/workspace/scratch/286141ad5a40/repo-checkout/src/WDL/lice/lice_line.cpp:2016:106: warning: conversion to ‘unsigned int’ from ‘int’ may change the sign of the result [-Wsign-conversion]
 2016 |         __LICE_LineClass<COMBFUNC>::LICE_FLineImplFill(px,n,err,derr,astep,bstep, color, aw, wid, b_pos, b_max)
      |                                                                                                          ^~~~~
/workspace/scratch/286141ad5a40/repo-checkout/src/WDL/lice/lice_combine.h:798:115: note: in expansion of macro ‘__LICE__ACTION’
  798 |       case LICE_BLIT_MODE_COPY: if ((ia)>0) { if (clamp) { __LICE__ACTION(_LICE_CombinePixelsCopyClamp); } else { __LICE__ACTION(_LICE_CombinePixelsCopyNoClamp); } } break;  \
      |                                                                                                                   ^~~~~~~~~~~~~~
/workspace/scratch/286141ad5a40/repo-checkout/src/WDL/lice/lice_line.cpp:2019:7: note: in expansion of macro ‘__LICE_ACTION_NOSRCALPHA’
 2019 |       __LICE_ACTION_NOSRCALPHA(mode, aw, false);
      |       ^~~~~~~~~~~~~~~~~~~~~~~~
/workspace/scratch/286141ad5a40/repo-checkout/src/WDL/lice/lice_line.cpp:2016:106: warning: conversion to ‘unsigned int’ from ‘int’ may change the sign of the result [-Wsign-conversion]
 2016 |         __LICE_LineClass<COMBFUNC>::LICE_FLineImplFill(px,n,err,derr,astep,bstep, color, aw, wid, b_pos, b_max)
      |                                                                                                          ^~~~~
/workspace/scratch/286141ad5a40/repo-checkout/src/WDL/lice/lice_combine.h:799:32: note: in expansion of macro ‘__LICE__ACTION’
  799 |       case LICE_BLIT_MODE_ADD: __LICE__ACTION(_LICE_CombinePixelsAdd); break;  \
      |                                ^~~~~~~~~~~~~~
/workspace/scratch/286141ad5a40/repo-checkout/src/WDL/lice/lice_line.cpp:2019:7: note: in expansion of macro ‘__LICE_ACTION_NOSRCALPHA’
 2019 |       __LICE_ACTION_NOSRCALPHA(mode, aw, false);
      |       ^~~~~~~~~~~~~~~~~~~~~~~~
/workspace/scratch/286141ad5a40/repo-checkout/src/WDL/lice/lice_line.cpp:2016:106: warning: conversion to ‘unsigned int’ from ‘int’ may change the sign of the result [-Wsign-conversion]
 2016 |         __LICE_LineClass<COMBFUNC>::LICE_FLineImplFill(px,n,err,derr,astep,bstep, color, aw, wid, b_pos, b_max)
      |                                                                                                          ^~~~~
/workspace/scratch/286141ad5a40/repo-checkout/src/WDL/lice/lice_combine.h:800:34: note: in expansion of macro ‘__LICE__ACTION’
  800 |       case LICE_BLIT_MODE_DODGE: __LICE__ACTION(_LICE_CombinePixelsColorDodge);  break;  \
      |                                  ^~~~~~~~~~~~~~
/workspace/scratch/286141ad5a40/repo-checkout/src/WDL/lice/lice_line.cpp:2019:7: note: in expansion of macro ‘__LICE_ACTION_NOSRCALPHA’
 2019 |       __LICE_ACTION_NOSRCALPHA(mode, aw, false);
      |       ^~~~~~~~~~~~~~~~~~~~~~~~
/workspace/scratch/286141ad5a40/repo-checkout/src/WDL/lice/lice_line.cpp:2016:106: warning: conversion to ‘unsigned int’ from ‘int’ may change the sign of the result [-Wsign-conversion]
 2016 |         __LICE_LineClass<COMBFUNC>::LICE_FLineImplFill(px,n,err,derr,astep,bstep, color, aw, wid, b_pos, b_max)
      |                                                                                                          ^~~~~
/workspace/scratch/286141ad5a40/repo-checkout/src/WDL/lice/lice_combine.h:801:45: note: in expansion of macro ‘__LICE__ACTION’
  801 |       case LICE_BLIT_MODE_MUL: if (clamp) { __LICE__ACTION(_LICE_CombinePixelsMulClamp); } else { __LICE__ACTION(_LICE_CombinePixelsMulNoClamp); } break; \
      |                                             ^~~~~~~~~~~~~~
/workspace/scratch/286141ad5a40/repo-checkout/src/WDL/lice/lice_line.cpp:2019:7: note: in expansion of macro ‘__LICE_ACTION_NOSRCALPHA’
 2019 |       __LICE_ACTION_NOSRCALPHA(mode, aw, false);
      |       ^~~~~~~~~~~~~~~~~~~~~~~~
/workspace/scratch/286141ad5a40/repo-checkout/src/WDL/lice/lice_line.cpp:2016:106: warning: conversion to ‘unsigned int’ from ‘int’ may change the sign of the result [-Wsign-conversion]
 2016 |         __LICE_LineClass<COMBFUNC>::LICE_FLineImplFill(px,n,err,derr,astep,bstep, color, aw, wid, b_pos, b_max)
      |                                                                                                          ^~~~~
/workspace/scratch/286141ad5a40/repo-checkout/src/WDL/lice/lice_combine.h:801:99: note: in expansion of macro ‘__LICE__ACTION’
  801 |       case LICE_BLIT_MODE_MUL: if (clamp) { __LICE__ACTION(_LICE_CombinePixelsMulClamp); } else { __LICE__ACTION(_LICE_CombinePixelsMulNoClamp); } break; \
      |                                                                                                   ^~~~~~~~~~~~~~
/workspace/scratch/286141ad5a40/repo-checkout/src/WDL/lice/lice_line.cpp:2019:7: note: in expansion of macro ‘__LICE_ACTION_NOSRCALPHA’
 2019 |       __LICE_ACTION_NOSRCALPHA(mode, aw, false);
      |       ^~~~~~~~~~~~~~~~~~~~~~~~
/workspace/scratch/286141ad5a40/repo-checkout/src/WDL/lice/lice_line.cpp:2016:106: warning: conversion to ‘unsigned int’ from ‘int’ may change the sign of the result [-Wsign-conversion]
 2016 |         __LICE_LineClass<COMBFUNC>::LICE_FLineImplFill(px,n,err,derr,astep,bstep, color, aw, wid, b_pos, b_max)
      |                                                                                                          ^~~~~
/workspace/scratch/286141ad5a40/repo-checkout/src/WDL/lice/lice_combine.h:802:36: note: in expansion of macro ‘__LICE__ACTION’
  802 |       case LICE_BLIT_MODE_OVERLAY: __LICE__ACTION(_LICE_CombinePixelsOverlay); break;  \
      |                                    ^~~~~~~~~~~~~~
/workspace/scratch/286141ad5a40/repo-checkout/src/WDL/lice/lice_line.cpp:2019:7: note: in expansion of macro ‘__LICE_ACTION_NOSRCALPHA’
 2019 |       __LICE_ACTION_NOSRCALPHA(mode, aw, false);
      |       ^~~~~~~~~~~~~~~~~~~~~~~~
/workspace/scratch/286141ad5a40/repo-checkout/src/WDL/lice/lice_line.cpp:2016:106: warning: conversion to ‘unsigned int’ from ‘int’ may change the sign of the result [-Wsign-conversion]
 2016 |         __LICE_LineClass<COMBFUNC>::LICE_FLineImplFill(px,n,err,derr,astep,bstep, color, aw, wid, b_pos, b_max)
      |                                                                                                          ^~~~~
/workspace/scratch/286141ad5a40/repo-checkout/src/WDL/lice/lice_combine.h:803:35: note: in expansion of macro ‘__LICE__ACTION’
  803 |       case LICE_BLIT_MODE_HSVADJ: __LICE__ACTION(_LICE_CombinePixelsHSVAdjust); break;  \
      |                                   ^~~~~~~~~~~~~~
/workspace/scratch/286141ad5a40/repo-checkout/src/WDL/lice/lice_line.cpp:2019:7: note: in expansion of macro ‘__LICE_ACTION_NOSRCALPHA’
 2019 |       __LICE_ACTION_NOSRCALPHA(mode, aw, false);
      |       ^~~~~~~~~~~~~~~~~~~~~~~~
In file included from /workspace/scratch/286141ad5a40/repo-checkout/src/JsfxGfxLice.h:9:
/workspace/scratch/286141ad5a40/repo-checkout/src/WDL/lice/lice_arc.cpp: In function ‘bool CachedCircle(LICE_IBitmap*, float, float, float, LICE_pixel, float, int, bool, bool)’:
/workspace/scratch/286141ad5a40/repo-checkout/src/WDL/lice/lice_arc.cpp:26:9: warning: comparing floating-point with ‘==’ or ‘!=’ is unsafe [-Wfloat-equal]
   26 |   if (r == 1.5f)
      |       ~~^~~~~~~
/workspace/scratch/286141ad5a40/repo-checkout/src/WDL/lice/lice_arc.cpp:54:14: warning: comparing floating-point with ‘==’ or ‘!=’ is unsafe [-Wfloat-equal]
   54 |   else if (r == 2.0f)
      |            ~~^~~~~~~
/workspace/scratch/286141ad5a40/repo-checkout/src/WDL/lice/lice_arc.cpp:84:14: warning: comparing floating-point with ‘==’ or ‘!=’ is unsafe [-Wfloat-equal]
   84 |   else if (r == 2.5f) {
      |            ~~^~~~~~~
/workspace/scratch/286141ad5a40/repo-checkout/src/WDL/lice/lice_arc.cpp:113:14: warning: comparing floating-point with ‘==’ or ‘!=’ is unsafe [-Wfloat-equal]
  113 |   else if (r == 3.0f) {
      |            ~~^~~~~~~
/workspace/scratch/286141ad5a40/repo-checkout/src/WDL/lice/lice_arc.cpp:144:14: warning: comparing floating-point with ‘==’ or ‘!=’ is unsafe [-Wfloat-equal]
  144 |   else if (r == 3.5f) {
      |            ~~^~~~~~~
/workspace/scratch/286141ad5a40/repo-checkout/src/WDL/lice/lice_arc.cpp:177:14: warning: comparing floating-point with ‘==’ or ‘!=’ is unsafe [-Wfloat-equal]
  177 |   else if (r == 4.0f) {
      |            ~~^~~~~~~
/workspace/scratch/286141ad5a40/repo-checkout/src/WDL/lice/lice_arc.cpp:212:14: warning: comparing floating-point with ‘==’ or ‘!=’ is unsafe [-Wfloat-equal]
  212 |   else if (r == 5.0f)
      |            ~~^~~~~~~
/workspace/scratch/286141ad5a40/repo-checkout/src/WDL/lice/lice_arc.cpp:234:14: warning: comparing floating-point with ‘==’ or ‘!=’ is unsafe [-Wfloat-equal]
  234 |   else if (r == 6.0f)
      |            ~~^~~~~~~
/workspace/scratch/286141ad5a40/repo-checkout/src/WDL/lice/lice_arc.cpp:258:14: warning: comparing floating-point with ‘==’ or ‘!=’ is unsafe [-Wfloat-equal]
  258 |   else if (r == 7.0f)
      |            ~~^~~~~~~
/workspace/scratch/286141ad5a40/repo-checkout/src/WDL/lice/lice_arc.cpp: In function ‘void __DrawArc(int, int, LICE_IBitmap*, float, float, float, double, double, LICE_pixel, int, bool, int)’:
/workspace/scratch/286141ad5a40/repo-checkout/src/WDL/lice/lice_arc.cpp:558:13: warning: comparing floating-point with ‘==’ or ‘!=’ is unsafe [-Wfloat-equal]
  558 |     if (xhi != cx) xhi++;
      |         ~~~~^~~~~
/workspace/scratch/286141ad5a40/repo-checkout/src/WDL/lice/lice_arc.cpp:559:13: warning: comparing floating-point with ‘==’ or ‘!=’ is unsafe [-Wfloat-equal]
  559 |     if (yhi != cy) yhi++;
      |         ~~~~^~~~~
/workspace/scratch/286141ad5a40/repo-checkout/src/WDL/lice/lice_text.cpp: In function ‘void LICE_DrawChar(LICE_IBitmap*, int, int, char, LICE_pixel, float, int)’:
/workspace/scratch/286141ad5a40/repo-checkout/src/WDL/lice/lice.h:61:32: warning: conversion to ‘int’ from ‘LICE_pixel’ {aka ‘unsigned int’} may change the sign of the result [-Wsign-conversion]
   61 | #define LICE_GETA(v) (((v)>>24)&0xff)
      |                      ~~~~~~~~~~^~~~~~
/workspace/scratch/286141ad5a40/repo-checkout/src/WDL/lice/lice_text.cpp:1321:80: note: in expansion of macro ‘LICE_GETA’
 1321 |   int red=LICE_GETR(color), green=LICE_GETG(color), blue=LICE_GETB(color), alp=LICE_GETA(color), ialpha=(int) (alpha * 256.0f);
      |                                                                                ^~~~~~~~~
/workspace/scratch/286141ad5a40/repo-checkout/src/YSFXGfxInterpreter.h: In function ‘jsfx_gfx::JsfxSections jsfx_gfx::extractJsfxSections(const char*)’:
/workspace/scratch/286141ad5a40/repo-checkout/src/YSFXGfxInterpreter.h:313:12: warning: enumeration value ‘None’ not handled in switch [-Wswitch-enum]
  313 |     switch (cur)
      |            ^
/workspace/scratch/286141ad5a40/repo-checkout/src/YSFXGfxInterpreter.h: In function ‘juce::Font jsfx_gfx::makeGfxFont(const juce::String&, float, int)’:
/workspace/scratch/286141ad5a40/repo-checkout/src/YSFXGfxInterpreter.h:716:36: warning: ‘juce::Font::Font(const juce::String&, float, int)’ is deprecated: Use the constructor that takes a FontOptions argument [-Wdeprecated-declarations]
  716 |   juce::Font font(name, size, flags);
      |                                    ^
/workspace/scratch/286141ad5a40/repo-checkout/libs/JUCE/modules/juce_graphics/fonts/juce_Font.h:89:5: note: declared here
   89 |     Font (const String& typefaceName, float fontHeight, int styleFlags);
      |     ^~~~
/workspace/scratch/286141ad5a40/repo-checkout/src/YSFXGfxInterpreter.h:719:77: warning: ‘juce::Font::Font(const juce::String&, float, int)’ is deprecated: Use the constructor that takes a FontOptions argument [-Wdeprecated-declarations]
  719 |     font = juce::Font(juce::Font::getDefaultSansSerifFontName(), size, flags);
      |                                                                             ^
/workspace/scratch/286141ad5a40/repo-checkout/libs/JUCE/modules/juce_graphics/fonts/juce_Font.h:89:5: note: declared here
   89 |     Font (const String& typefaceName, float fontHeight, int styleFlags);
      |     ^~~~
In file included from /workspace/scratch/286141ad5a40/repo-checkout/src/YSFXGfxInterpreter.h:787:
/workspace/scratch/286141ad5a40/repo-checkout/src/JsfxGfxRaster.h: In function ‘bool jsfx_gfx::fullGfxReplacement(const DrawCmd&, int, int)’:
/workspace/scratch/286141ad5a40/repo-checkout/src/JsfxGfxRaster.h:56:63: warning: comparing floating-point with ‘==’ or ‘!=’ is unsafe [-Wfloat-equal]
   56 |   return c.type == DrawCmd::Type::Rect && c.fill && c.opacity == 1.0f
      |                                                     ~~~~~~~~~~^~~~~~~
/workspace/scratch/286141ad5a40/repo-checkout/src/JsfxGfxRaster.h: In member function ‘const jsfx_gfx::GfxTextMaskCache::Entry* jsfx_gfx::GfxRenderSession::textMask(jsfx_gfx::GfxTextMaskCache&, const jsfx_gfx::DrawCmd&, const juce::String&)’:
/workspace/scratch/286141ad5a40/repo-checkout/src/JsfxGfxRaster.h:174:78: warning: ‘float juce::Font::getStringWidthFloat(const juce::String&) const’ is deprecated: Use GlyphArrangement or TextLayout to compute text layouts [-Wdeprecated-declarations]
  174 |     const int w=std::max(1,boundedGfxInt(std::ceil(c.font.getStringWidthFloat(line)))+4);
      |                                                    ~~~~~~~~~~~~~~~~~~~~~~~~~~^~~~~~
/workspace/scratch/286141ad5a40/repo-checkout/libs/JUCE/modules/juce_graphics/fonts/juce_Font.h:572:11: note: declared here
  572 |     float getStringWidthFloat (const String& text) const;
      |           ^~~~~~~~~~~~~~~~~~~
/workspace/scratch/286141ad5a40/repo-checkout/src/JsfxGfxRaster.h:176:39: warning: conversion to ‘size_t’ {aka ‘long unsigned int’} from ‘int’ may change the sign of the result [-Wsign-conversion]
  176 |     if(w>16384 || h>2048 || (size_t)w*h>GfxTextMaskCache::maxBytes) return nullptr;
      |                                       ^
/workspace/scratch/286141ad5a40/repo-checkout/src/JsfxGfxRaster.h:178:36: warning: conversion to ‘size_t’ {aka ‘long unsigned int’} from ‘int’ may change the sign of the result [-Wsign-conversion]
  178 |           || cache.bytes+(size_t)w*h>GfxTextMaskCache::maxBytes)) {
      |                                    ^
/workspace/scratch/286141ad5a40/repo-checkout/src/JsfxGfxRaster.h:185:33: warning: conversion to ‘size_t’ {aka ‘long unsigned int’} from ‘int’ may change the sign of the result [-Wsign-conversion]
  185 |     e.coverage.resize((size_t)w*h);
      |                                 ^
/workspace/scratch/286141ad5a40/repo-checkout/src/JsfxGfxRaster.h:196:30: warning: conversion to ‘size_t’ {aka ‘long unsigned int’} from ‘int’ may change the sign of the result [-Wsign-conversion]
  196 |         e.coverage[(size_t)y*w+x]=(unsigned char)(p>>24);
      |                              ^
/workspace/scratch/286141ad5a40/repo-checkout/src/JsfxGfxRaster.h:196:32: warning: conversion to ‘size_t’ {aka ‘long unsigned int’} from ‘int’ may change the sign of the result [-Wsign-conversion]
  196 |         e.coverage[(size_t)y*w+x]=(unsigned char)(p>>24);
      |                                ^
/workspace/scratch/286141ad5a40/repo-checkout/src/JsfxGfxRaster.h: In member function ‘void jsfx_gfx::GfxRenderSession::text(LICE_IBitmap*, const jsfx_gfx::DrawCmd&)’:
/workspace/scratch/286141ad5a40/repo-checkout/src/JsfxGfxRaster.h:227:68: warning: ‘float juce::Font::getStringWidthFloat(const juce::String&) const’ is deprecated: Use GlyphArrangement or TextLayout to compute text layouts [-Wdeprecated-declarations]
  227 |       else width=boundedGfxInt(std::ceil(c.font.getStringWidthFloat(lines[i])));
      |                                          ~~~~~~~~~~~~~~~~~~~~~~~~~~^~~~~~~~~~
/workspace/scratch/286141ad5a40/repo-checkout/libs/JUCE/modules/juce_graphics/fonts/juce_Font.h:572:11: note: declared here
  572 |     float getStringWidthFloat (const String& text) const;
      |           ^~~~~~~~~~~~~~~~~~~
/workspace/scratch/286141ad5a40/repo-checkout/src/JsfxGfxRaster.h: In member function ‘void jsfx_gfx::GfxRenderSession::paint(const jsfx_gfx::DrawCmd&)’:
/workspace/scratch/286141ad5a40/repo-checkout/src/JsfxGfxRaster.h:302:9: warning: this ‘else’ clause does not guard... [-Wmisleading-indentation]
  302 |         else LICE_FillConvexPolygon(d,xs.data(),ys.data(),(int)xs.size(),col,c.opacity,m);break;
      |         ^~~~
/workspace/scratch/286141ad5a40/repo-checkout/src/JsfxGfxRaster.h:302:91: note: ...this statement, but the latter is misleadingly indented as if it were guarded by the ‘else’
  302 |         else LICE_FillConvexPolygon(d,xs.data(),ys.data(),(int)xs.size(),col,c.opacity,m);break;
      |                                                                                           ^~~~~
/workspace/scratch/286141ad5a40/repo-checkout/src/JsfxGfxRaster.h:332:66: warning: conversion to ‘size_t’ {aka ‘long unsigned int’} from ‘int’ may change the sign of the result [-Wsign-conversion]
  332 |               ||c.transformPoints.size()!=(size_t)c.divisionsX*c.divisionsY*2)return;
      |                                                                ~~^~~~~~~~~~
/workspace/scratch/286141ad5a40/repo-checkout/src/JsfxGfxRaster.h:272:11: warning: enumeration value ‘SetImageDim’ not handled in switch [-Wswitch-enum]
  272 |     switch(c.type) {
      |           ^
/workspace/scratch/286141ad5a40/repo-checkout/src/JsfxGfxRaster.h:272:11: warning: enumeration value ‘LoadImage’ not handled in switch [-Wswitch-enum]
/workspace/scratch/286141ad5a40/repo-checkout/src/YSFXGfxInterpreter.h: At global scope:
/workspace/scratch/286141ad5a40/repo-checkout/src/YSFXGfxInterpreter.h:1174:41: warning: ignoring attributes on template argument ‘EEL_F*’ {aka ‘double*’} [-Wignored-attributes]
 1174 |   std::array<EEL_F*, DSPJSFX_MAX_SLIDERS> sliderPtrs {{}};
      |                                         ^
/workspace/scratch/286141ad5a40/repo-checkout/src/YSFXGfxInterpreter.h:1175:41: warning: ignoring attributes on template argument ‘EEL_F*’ {aka ‘double*’} [-Wignored-attributes]
 1175 |   std::array<EEL_F*, DSPJSFX_MAX_SLIDERS> sliderAliasPtrs {{}};
      |                                         ^
/workspace/scratch/286141ad5a40/repo-checkout/src/YSFXGfxInterpreter.h: In constructor ‘jsfx_gfx::GfxVm::GfxVm()’:
/workspace/scratch/286141ad5a40/repo-checkout/src/YSFXGfxInterpreter.h:847:3: warning: ‘juce::Font::Font()’ is deprecated: Use the constructor that takes a FontOptions argument [-Wdeprecated-declarations]
  847 |   {
      |   ^
/workspace/scratch/286141ad5a40/repo-checkout/libs/JUCE/modules/juce_graphics/fonts/juce_Font.h:111:5: note: declared here
  111 |     Font();
      |     ^~~~
/workspace/scratch/286141ad5a40/repo-checkout/src/YSFXGfxInterpreter.h:913:97: warning: ‘juce::Font::Font(const juce::String&, float, int)’ is deprecated: Use the constructor that takes a FontOptions argument [-Wdeprecated-declarations]
  913 |     currentFont = juce::Font(juce::Font::getDefaultSansSerifFontName(), 12.0f, juce::Font::plain);
      |                                                                                                 ^
/workspace/scratch/286141ad5a40/repo-checkout/libs/JUCE/modules/juce_graphics/fonts/juce_Font.h:89:5: note: declared here
   89 |     Font (const String& typefaceName, float fontHeight, int styleFlags);
      |     ^~~~
/workspace/scratch/286141ad5a40/repo-checkout/src/YSFXGfxInterpreter.h: In constructor ‘jsfx_gfx::DrawCmd::DrawCmd()’:
/workspace/scratch/286141ad5a40/repo-checkout/src/YSFXGfxInterpreter.h:724:8: warning: ‘juce::Font::Font()’ is deprecated: Use the constructor that takes a FontOptions argument [-Wdeprecated-declarations]
  724 | struct DrawCmd
      |        ^~~~~~~
/workspace/scratch/286141ad5a40/repo-checkout/libs/JUCE/modules/juce_graphics/fonts/juce_Font.h:111:5: note: declared here
  111 |     Font();
      |     ^~~~
/workspace/scratch/286141ad5a40/repo-checkout/src/YSFXGfxInterpreter.h: In member function ‘void jsfx_gfx::GfxVm::setImageDirty()’:
/workspace/scratch/286141ad5a40/repo-checkout/src/YSFXGfxInterpreter.h:1049:15: note: synthesized method ‘jsfx_gfx::DrawCmd::DrawCmd()’ first required here
 1049 |       DrawCmd cmd;
      |               ^~~
/workspace/scratch/286141ad5a40/repo-checkout/src/YSFXGfxInterpreter.h: In member function ‘void jsfx_gfx::GfxVm::readSliders(double*, int) const’:
/workspace/scratch/286141ad5a40/repo-checkout/src/YSFXGfxInterpreter.h:1276:57: warning: comparing floating-point with ‘==’ or ‘!=’ is unsafe [-Wfloat-equal]
 1276 |       const bool directChanged = haveBaseline && direct != baseline;
      |                                                  ~~~~~~~^~~~~~~~~~~
/workspace/scratch/286141ad5a40/repo-checkout/src/YSFXGfxInterpreter.h:1277:55: warning: comparing floating-point with ‘==’ or ‘!=’ is unsafe [-Wfloat-equal]
 1277 |       const bool aliasChanged = haveBaseline && alias != baseline;
      |                                                 ~~~~~~^~~~~~~~~~~
/workspace/scratch/286141ad5a40/repo-checkout/src/YSFXGfxInterpreter.h: In member function ‘bool jsfx_gfx::GfxVm::replaceImage(int, juce::Image, int, int)’:
/workspace/scratch/286141ad5a40/repo-checkout/src/YSFXGfxInterpreter.h:1711:36: warning: conversion to ‘size_t’ {aka ‘long unsigned int’} from ‘int’ may change the sign of the result [-Wsign-conversion]
 1711 |       pendingImageBytes+=(size_t)w*h*4;
      |                                    ^
/workspace/scratch/286141ad5a40/repo-checkout/src/YSFXGfxInterpreter.h: In static member function ‘static EEL_F jsfx_gfx::GfxVm::eel_gfx_blitext(void*, INT_PTR, EEL_F**)’:
/workspace/scratch/286141ad5a40/repo-checkout/src/YSFXGfxInterpreter.h:1826:5: warning: this ‘for’ clause does not guard... [-Wmisleading-indentation]
 1826 |     for(int i=0;i<10;++i)a[i+3]=table[(size_t)i];for(int i=0;i<13;++i)p[i]=a+i;
      |     ^~~
/workspace/scratch/286141ad5a40/repo-checkout/src/YSFXGfxInterpreter.h:1826:50: note: ...this statement, but the latter is misleadingly indented as if it were guarded by the ‘for’
 1826 |     for(int i=0;i<10;++i)a[i+3]=table[(size_t)i];for(int i=0;i<13;++i)p[i]=a+i;
      |                                                  ^~~
/workspace/scratch/286141ad5a40/repo-checkout/src/YSFXGfxInterpreter.h: In static member function ‘static EEL_F jsfx_gfx::GfxVm::eel_gfx_measurechar(void*, INT_PTR, EEL_F**)’:
/workspace/scratch/286141ad5a40/repo-checkout/src/YSFXGfxInterpreter.h:1887:77: warning: ‘float juce::Font::getStringWidthFloat(const juce::String&) const’ is deprecated: Use GlyphArrangement or TextLayout to compute text layouts [-Wdeprecated-declarations]
 1887 |     *parms[1]=self->currentFontId==0?8:self->currentFont.getStringWidthFloat(text);
      |                                        ~~~~~~~~~~~~~~~~~~~~~~~~~~~~~~~~~~~~~^~~~~~
/workspace/scratch/286141ad5a40/repo-checkout/libs/JUCE/modules/juce_graphics/fonts/juce_Font.h:572:11: note: declared here
  572 |     float getStringWidthFloat (const String& text) const;
      |           ^~~~~~~~~~~~~~~~~~~
/workspace/scratch/286141ad5a40/repo-checkout/src/YSFXGfxInterpreter.h: In static member function ‘static EEL_F jsfx_gfx::GfxVm::eel_gfx_blit(void*, INT_PTR, EEL_F**)’:
/workspace/scratch/286141ad5a40/repo-checkout/src/YSFXGfxInterpreter.h:2120:18: warning: comparing floating-point with ‘==’ or ‘!=’ is unsafe [-Wfloat-equal]
 2120 |     if (cmd.srcW == 0.0f || cmd.srcH == 0.0f || cmd.destW == 0.0f || cmd.destH == 0.0f)
      |         ~~~~~~~~~^~~~~~~
/workspace/scratch/286141ad5a40/repo-checkout/src/YSFXGfxInterpreter.h:2120:38: warning: comparing floating-point with ‘==’ or ‘!=’ is unsafe [-Wfloat-equal]
 2120 |     if (cmd.srcW == 0.0f || cmd.srcH == 0.0f || cmd.destW == 0.0f || cmd.destH == 0.0f)
      |                             ~~~~~~~~~^~~~~~~
/workspace/scratch/286141ad5a40/repo-checkout/src/YSFXGfxInterpreter.h:2120:59: warning: comparing floating-point with ‘==’ or ‘!=’ is unsafe [-Wfloat-equal]
 2120 |     if (cmd.srcW == 0.0f || cmd.srcH == 0.0f || cmd.destW == 0.0f || cmd.destH == 0.0f)
      |                                                 ~~~~~~~~~~^~~~~~~
/workspace/scratch/286141ad5a40/repo-checkout/src/YSFXGfxInterpreter.h:2120:80: warning: comparing floating-point with ‘==’ or ‘!=’ is unsafe [-Wfloat-equal]
 2120 |     if (cmd.srcW == 0.0f || cmd.srcH == 0.0f || cmd.destW == 0.0f || cmd.destH == 0.0f)
      |                                                                      ~~~~~~~~~~^~~~~~~
/workspace/scratch/286141ad5a40/repo-checkout/src/YSFXGfxInterpreter.h: In static member function ‘static EEL_F jsfx_gfx::GfxVm::eel_gfx_setfont(void*, INT_PTR, EEL_F**)’:
/workspace/scratch/286141ad5a40/repo-checkout/src/YSFXGfxInterpreter.h:2245:107: warning: comparing floating-point with ‘==’ or ‘!=’ is unsafe [-Wfloat-equal]
 2245 |       if(!self->fontSerials[(size_t)id]||!(self->fontNames[(size_t)id]==name)||self->fontSizes[(size_t)id]!=size||self->fontFlags[(size_t)id]!=flags){
/workspace/scratch/286141ad5a40/repo-checkout/src/YSFXGfxInterpreter.h: In static member function ‘static float jsfx_gfx::GfxVm::measureTextWidth(const juce::Font&, const juce::String&)’:
/workspace/scratch/286141ad5a40/repo-checkout/src/YSFXGfxInterpreter.h:2287:38: warning: ‘float juce::Font::getStringWidthFloat(const juce::String&) const’ is deprecated: Use GlyphArrangement or TextLayout to compute text layouts [-Wdeprecated-declarations]
 2287 |       return font.getStringWidthFloat(text);
      |              ~~~~~~~~~~~~~~~~~~~~~~~~^~~~~~
/workspace/scratch/286141ad5a40/repo-checkout/libs/JUCE/modules/juce_graphics/fonts/juce_Font.h:572:11: note: declared here
  572 |     float getStringWidthFloat (const String& text) const;
      |           ^~~~~~~~~~~~~~~~~~~
/workspace/scratch/286141ad5a40/repo-checkout/src/YSFXGfxInterpreter.h:2291:55: warning: ‘float juce::Font::getStringWidthFloat(const juce::String&) const’ is deprecated: Use GlyphArrangement or TextLayout to compute text layouts [-Wdeprecated-declarations]
 2291 |       width = std::max(width, font.getStringWidthFloat(split[i]));
      |                               ~~~~~~~~~~~~~~~~~~~~~~~~^~~~~~~~~~
/workspace/scratch/286141ad5a40/repo-checkout/libs/JUCE/modules/juce_graphics/fonts/juce_Font.h:572:11: note: declared here
  572 |     float getStringWidthFloat (const String& text) const;
      |           ^~~~~~~~~~~~~~~~~~~
/workspace/scratch/286141ad5a40/repo-checkout/src/YSFXGfxInterpreter.h: In static member function ‘static void jsfx_gfx::GfxVm::updateTextPenPosition(jsfx_gfx::GfxVm*, const juce::String&)’:
/workspace/scratch/286141ad5a40/repo-checkout/src/YSFXGfxInterpreter.h:2309:110: warning: ‘float juce::Font::getStringWidthFloat(const juce::String&) const’ is deprecated: Use GlyphArrangement or TextLayout to compute text layouts [-Wdeprecated-declarations]
 2309 |     const float advance = self->currentFontId==0 ? (float)bitmapWidth : self->currentFont.getStringWidthFloat(lastLine);
      |                                                                         ~~~~~~~~~~~~~~~~~~~~~~~~~~~~~~~~~~~~~^~~~~~~~~~
/workspace/scratch/286141ad5a40/repo-checkout/libs/JUCE/modules/juce_graphics/fonts/juce_Font.h:572:11: note: declared here
  572 |     float getStringWidthFloat (const String& text) const;
      |           ^~~~~~~~~~~~~~~~~~~
/workspace/scratch/286141ad5a40/repo-checkout/src/YSFXGfxInterpreter.h: In static member function ‘static EEL_F jsfx_gfx::GfxVm::eel_gfx_getchar(void*, INT_PTR, EEL_F**)’:
/workspace/scratch/286141ad5a40/repo-checkout/src/YSFXGfxInterpreter.h:2585:25: warning: comparing floating-point with ‘==’ or ‘!=’ is unsafe [-Wfloat-equal]
 2585 |     if(np>0 && *parms[0]!=0) {
      |                ~~~~~~~~~^~~
/workspace/scratch/286141ad5a40/repo-checkout/src/YSFXGfxInterpreter.h:2586:19: warning: comparing floating-point with ‘==’ or ‘!=’ is unsafe [-Wfloat-equal]
 2586 |       if(*parms[0]==65536)return self->windowFlags;
      |          ~~~~~~~~~^~~~~~~
/workspace/scratch/286141ad5a40/repo-checkout/src/YSFXGfxInterpreter.h: In static member function ‘static EEL_F jsfx_gfx::GfxVm::eel_slider_automate(void*, INT_PTR, EEL_F**)’:
/workspace/scratch/286141ad5a40/repo-checkout/src/YSFXGfxInterpreter.h:2708:49: warning: comparing floating-point with ‘==’ or ‘!=’ is unsafe [-Wfloat-equal]
 2708 |     const bool endTouch = (np >= 2 && *parms[1] != 0.0);
      |                                       ~~~~~~~~~~^~~~~~
/workspace/scratch/286141ad5a40/repo-checkout/src/YSFXGfxInterpreter.h: In static member function ‘static EEL_F jsfx_gfx::GfxVm::eel_slider_show(void*, INT_PTR, EEL_F**)’:
/workspace/scratch/286141ad5a40/repo-checkout/src/YSFXGfxInterpreter.h:2731:16: warning: comparing floating-point with ‘==’ or ‘!=’ is unsafe [-Wfloat-equal]
 2731 |       if (show == -1.0)
      |           ~~~~~^~~~~~~
/workspace/scratch/286141ad5a40/repo-checkout/src/YSFXGfxInterpreter.h: In static member function ‘static EEL_F jsfx_gfx::GfxVm::eel_freembuf(void*, INT_PTR, EEL_F**)’:
/workspace/scratch/286141ad5a40/repo-checkout/src/YSFXGfxInterpreter.h:2812:39: warning: conversion to ‘int’ from ‘unsigned int’ may change the sign of the result [-Wsign-conversion]
 2812 |       NSEEL_VM_setramsize(self->m_vm, (unsigned int)n);
      |                                       ^~~~~~~~~~~~~~~
/workspace/scratch/286141ad5a40/repo-checkout/src/YSFXGfxInterpreter.h: In member function ‘juce::Font jsfx_gfx::GfxVm::getCachedFont(const juce::String&, float, int, uint64_t*)’:
/workspace/scratch/286141ad5a40/repo-checkout/src/YSFXGfxInterpreter.h:3327:18: warning: comparing floating-point with ‘==’ or ‘!=’ is unsafe [-Wfloat-equal]
 3327 |       if (e.size == size && e.flags == flags && e.name == name) { if (identity) *identity=e.identity; return e.font; }
      |           ~~~~~~~^~~~~~~
/workspace/scratch/286141ad5a40/repo-checkout/src/YSFXGfxInterpreter.h: In constructor ‘jsfx_gfx::Interpreter::Interpreter(const char*, jsfx_gfx::GfxVm::ImageLoader, jsfx_gfx::GfxVm::FileResolver)’:
/workspace/scratch/286141ad5a40/repo-checkout/src/YSFXGfxInterpreter.h:3419:7: warning: this ‘if’ clause does not guard... [-Wmisleading-indentation]
 3419 |       if(first==std::string::npos)continue;name=name.substr(first);name.erase(name.find_last_not_of(" \t\r")+1);
      |       ^~
/workspace/scratch/286141ad5a40/repo-checkout/src/YSFXGfxInterpreter.h:3419:44: note: ...this statement, but the latter is misleadingly indented as if it were guarded by the ‘if’
 3419 |       if(first==std::string::npos)continue;name=name.substr(first);name.erase(name.find_last_not_of(" \t\r")+1);
      |                                            ^~~~
In file included from /workspace/scratch/286141ad5a40/repo-checkout/src/NativeGfxPrototype.h:16,
                 from /workspace/scratch/286141ad5a40/repo-checkout/src/JSFXJuceProcessor.cpp:187:
/workspace/scratch/286141ad5a40/repo-checkout/src/NativeJsfxStrings.h: In function ‘void jsfx_native_gfx::stringPutNumber(int, char*, double)’:
/workspace/scratch/286141ad5a40/repo-checkout/src/NativeJsfxStrings.h:87:9: warning: this ‘if’ clause does not guard... [-Wmisleading-indentation]
   87 |         if(raw<0)raw+=4294967296.;const uint32_t u=(uint32_t)raw;
      |         ^~
/workspace/scratch/286141ad5a40/repo-checkout/src/NativeJsfxStrings.h:87:35: note: ...this statement, but the latter is misleadingly indented as if it were guarded by the ‘if’
   87 |         if(raw<0)raw+=4294967296.;const uint32_t u=(uint32_t)raw;
      |                                   ^~~~~
/workspace/scratch/286141ad5a40/repo-checkout/src/NativeJsfxStrings.h: In member function ‘double jsfx_native_gfx::Strings::execute(int, const double*, int)’:
/workspace/scratch/286141ad5a40/repo-checkout/src/NativeJsfxStrings.h:103:26: warning: comparing floating-point with ‘==’ or ‘!=’ is unsafe [-Wfloat-equal]
  103 |         if(a[2]>0 || a[2]==0 && key(dest)==key(a[1]))second.resize(std::min(second.size(),(size_t)integer(a[2])));
      |                      ~~~~^~~
/workspace/scratch/286141ad5a40/repo-checkout/src/NativeJsfxStrings.h:103:30: warning: suggest parentheses around ‘&&’ within ‘||’ [-Wparentheses]
  103 |         if(a[2]>0 || a[2]==0 && key(dest)==key(a[1]))second.resize(std::min(second.size(),(size_t)integer(a[2])));
      |                      ~~~~~~~~^~~~~~~~~~~~~~~~~~~~~~~
/workspace/scratch/286141ad5a40/repo-checkout/src/NativeJsfxStrings.h:116:13: warning: this ‘if’ clause does not guard... [-Wmisleading-indentation]
  116 |             if(x!=y)return (signed char)x<(signed char)y?-1:1;if(!x && i>=first.size() && i>=second.size())break;
      |             ^~
/workspace/scratch/286141ad5a40/repo-checkout/src/NativeJsfxStrings.h:116:63: note: ...this statement, but the latter is misleadingly indented as if it were guarded by the ‘if’
  116 |             if(x!=y)return (signed char)x<(signed char)y?-1:1;if(!x && i>=first.size() && i>=second.size())break;
      |                                                               ^~
/workspace/scratch/286141ad5a40/repo-checkout/src/NativeJsfxStrings.h:158:9: warning: this ‘if’ clause does not guard... [-Wmisleading-indentation]
  158 |         if(result.size()>16383)result.resize(16383);return set(std::move(result));
      |         ^~
/workspace/scratch/286141ad5a40/repo-checkout/src/NativeJsfxStrings.h:158:53: note: ...this statement, but the latter is misleadingly indented as if it were guarded by the ‘if’
  158 |         if(result.size()>16383)result.resize(16383);return set(std::move(result));
      |                                                     ^~~~~~
/workspace/scratch/286141ad5a40/repo-checkout/src/NativeGfxPrototype.h: In member function ‘void jsfx_native_gfx::Publication::allocate()’:
/workspace/scratch/286141ad5a40/repo-checkout/src/NativeGfxPrototype.h:57:58: warning: conversion to ‘size_t’ {aka ‘long unsigned int’} from ‘int’ may change the sign of the result [-Wsign-conversion]
   57 |                                  DSPJSFX_NATIVE_VIEWS[i].fieldCount);
      |                                  ~~~~~~~~~~~~~~~~~~~~~~~~^~~~~~~~~~
/workspace/scratch/286141ad5a40/repo-checkout/src/NativeGfxPrototype.h: In member function ‘void jsfx_native_gfx::Publication::publish(const DSPJSFX_State&)’:
/workspace/scratch/286141ad5a40/repo-checkout/src/NativeGfxPrototype.h:89:61: warning: conversion to ‘size_t’ {aka ‘long unsigned int’} from ‘int’ may change the sign of the result [-Wsign-conversion]
   89 |                     auto &dest = view.data[(size_t)r * view.fieldCount + f];
      |                                                        ~~~~~^~~~~~~~~~
/workspace/scratch/286141ad5a40/repo-checkout/src/NativeGfxPrototype.h:89:74: warning: conversion to ‘size_t’ {aka ‘long unsigned int’} from ‘int’ may change the sign of the result [-Wsign-conversion]
   89 |                     auto &dest = view.data[(size_t)r * view.fieldCount + f];
      |                                                                          ^
/workspace/scratch/286141ad5a40/repo-checkout/src/NativeGfxPrototype.h: In member function ‘bool jsfx_native_gfx::Publication::read(int64_t, double&) const’:
/workspace/scratch/286141ad5a40/repo-checkout/src/NativeGfxPrototype.h:118:62: warning: conversion to ‘size_t’ {aka ‘long unsigned int’} from ‘int’ may change the sign of the result [-Wsign-conversion]
  118 |                     result = view.data[(size_t)record * view.fieldCount + f];
      |                                                         ~~~~~^~~~~~~~~~
/workspace/scratch/286141ad5a40/repo-checkout/src/NativeGfxPrototype.h:118:75: warning: conversion to ‘size_t’ {aka ‘long unsigned int’} from ‘int’ may change the sign of the result [-Wsign-conversion]
  118 |                     result = view.data[(size_t)record * view.fieldCount + f];
      |                                                                           ^
/workspace/scratch/286141ad5a40/repo-checkout/src/NativeGfxPrototype.h: In constructor ‘jsfx_native_gfx::Frame::FontSlot::FontSlot()’:
/workspace/scratch/286141ad5a40/repo-checkout/src/NativeGfxPrototype.h:168:12: warning: ‘juce::Font::Font()’ is deprecated: Use the constructor that takes a FontOptions argument [-Wdeprecated-declarations]
  168 |     struct FontSlot {
      |            ^~~~~~~~
/workspace/scratch/286141ad5a40/repo-checkout/libs/JUCE/modules/juce_graphics/fonts/juce_Font.h:111:5: note: declared here
  111 |     Font();
      |     ^~~~
In file included from /workspace/scratch/286141ad5a40/repo-checkout/libs/JUCE/modules/juce_core/system/juce_StandardHeader.h:63,
                 from /workspace/scratch/286141ad5a40/repo-checkout/libs/JUCE/modules/juce_core/juce_core.h:215,
                 from /workspace/scratch/286141ad5a40/repo-checkout/libs/JUCE/modules/juce_audio_basics/juce_audio_basics.h:66,
                 from /workspace/scratch/286141ad5a40/repo-checkout/libs/JUCE/modules/juce_audio_processors_headless/juce_audio_processors_headless.h:66,
                 from /workspace/scratch/286141ad5a40/repo-checkout/libs/JUCE/modules/juce_audio_processors/juce_audio_processors.h:64:
/usr/include/c++/13/array: In constructor ‘std::array<jsfx_native_gfx::Frame::FontSlot, 17>::array()’:
/usr/include/c++/13/array:94:12: note: synthesized method ‘jsfx_native_gfx::Frame::FontSlot::FontSlot()’ first required here
   94 |     struct array
      |            ^~~~~
/workspace/scratch/286141ad5a40/repo-checkout/src/NativeGfxPrototype.h: In constructor ‘jsfx_native_gfx::Frame::Frame()’:
/workspace/scratch/286141ad5a40/repo-checkout/src/NativeGfxPrototype.h:134:13: note: synthesized method ‘std::array<jsfx_native_gfx::Frame::FontSlot, 17>::array()’ first required here
  134 |     Frame() {
      |             ^
In file included from /workspace/scratch/286141ad5a40/repo-checkout/src/NativeGfxPrototype.h:313:
/workspace/scratch/286141ad5a40/repo-checkout/src/NativeGfxDrawing.inc: In member function ‘bool jsfx_native_gfx::Frame::replaceImage(int, juce::Image, int, int)’:
/workspace/scratch/286141ad5a40/repo-checkout/src/NativeGfxDrawing.inc:186:36: warning: conversion to ‘size_t’ {aka ‘long unsigned int’} from ‘int’ may change the sign of the result [-Wsign-conversion]
  186 |       pendingImageBytes+=(size_t)w*h*4;
      |                                    ^
/workspace/scratch/286141ad5a40/repo-checkout/src/NativeGfxDrawing.inc: In static member function ‘static double jsfx_native_gfx::Frame::eel_gfx_blit(void*, intptr_t, jsfx_native_gfx::Reference*)’:
/workspace/scratch/286141ad5a40/repo-checkout/src/NativeGfxDrawing.inc:584:18: warning: comparing floating-point with ‘==’ or ‘!=’ is unsafe [-Wfloat-equal]
  584 |     if (cmd.srcW == 0.0f || cmd.srcH == 0.0f || cmd.destW == 0.0f || cmd.destH == 0.0f)
      |         ~~~~~~~~~^~~~~~~
/workspace/scratch/286141ad5a40/repo-checkout/src/NativeGfxDrawing.inc:584:38: warning: comparing floating-point with ‘==’ or ‘!=’ is unsafe [-Wfloat-equal]
  584 |     if (cmd.srcW == 0.0f || cmd.srcH == 0.0f || cmd.destW == 0.0f || cmd.destH == 0.0f)
      |                             ~~~~~~~~~^~~~~~~
/workspace/scratch/286141ad5a40/repo-checkout/src/NativeGfxDrawing.inc:584:59: warning: comparing floating-point with ‘==’ or ‘!=’ is unsafe [-Wfloat-equal]
  584 |     if (cmd.srcW == 0.0f || cmd.srcH == 0.0f || cmd.destW == 0.0f || cmd.destH == 0.0f)
      |                                                 ~~~~~~~~~~^~~~~~~
/workspace/scratch/286141ad5a40/repo-checkout/src/NativeGfxDrawing.inc:584:80: warning: comparing floating-point with ‘==’ or ‘!=’ is unsafe [-Wfloat-equal]
  584 |     if (cmd.srcW == 0.0f || cmd.srcH == 0.0f || cmd.destW == 0.0f || cmd.destH == 0.0f)
      |                                                                      ~~~~~~~~~~^~~~~~~
/workspace/scratch/286141ad5a40/repo-checkout/src/NativeGfxDrawing.inc: In static member function ‘static double jsfx_native_gfx::Frame::eel_gfx_blitext(void*, intptr_t, jsfx_native_gfx::Reference*)’:
/workspace/scratch/286141ad5a40/repo-checkout/src/NativeGfxDrawing.inc:596:5: warning: this ‘for’ clause does not guard... [-Wmisleading-indentation]
  596 |     for(int i=0;i<10;++i)a[i+3]=table[(size_t)i];for(int i=0;i<13;++i)p[i]=a+i;
      |     ^~~
/workspace/scratch/286141ad5a40/repo-checkout/src/NativeGfxDrawing.inc:596:50: note: ...this statement, but the latter is misleadingly indented as if it were guarded by the ‘for’
  596 |     for(int i=0;i<10;++i)a[i+3]=table[(size_t)i];for(int i=0;i<13;++i)p[i]=a+i;
      |                                                  ^~~
/workspace/scratch/286141ad5a40/repo-checkout/src/NativeGfxDrawing.inc: In static member function ‘static double jsfx_native_gfx::Frame::eel_gfx_measurechar(void*, intptr_t, jsfx_native_gfx::Reference*)’:
/workspace/scratch/286141ad5a40/repo-checkout/src/NativeGfxDrawing.inc:714:101: warning: ‘float juce::Font::getStringWidthFloat(const juce::String&) const’ is deprecated: Use GlyphArrangement or TextLayout to compute text layouts [-Wdeprecated-declarations]
  714 |     *parms[1]=self->currentFont==0?8:self->fonts[(size_t)self->currentFont].font.getStringWidthFloat(text);
      |                                      ~~~~~~~~~~~~~~~~~~~~~~~~~~~~~~~~~~~~~~~~~~~~~~~~~~~~~~~~~~~~~~~^~~~~~
/workspace/scratch/286141ad5a40/repo-checkout/libs/JUCE/modules/juce_graphics/fonts/juce_Font.h:572:11: note: declared here
  572 |     float getStringWidthFloat (const String& text) const;
      |           ^~~~~~~~~~~~~~~~~~~
/workspace/scratch/286141ad5a40/repo-checkout/src/NativeGfxDrawing.inc: In static member function ‘static float jsfx_native_gfx::Frame::measureTextWidth(const juce::Font&, const juce::String&)’:
/workspace/scratch/286141ad5a40/repo-checkout/src/NativeGfxDrawing.inc:750:38: warning: ‘float juce::Font::getStringWidthFloat(const juce::String&) const’ is deprecated: Use GlyphArrangement or TextLayout to compute text layouts [-Wdeprecated-declarations]
  750 |       return font.getStringWidthFloat(text);
      |              ~~~~~~~~~~~~~~~~~~~~~~~~^~~~~~
/workspace/scratch/286141ad5a40/repo-checkout/libs/JUCE/modules/juce_graphics/fonts/juce_Font.h:572:11: note: declared here
  572 |     float getStringWidthFloat (const String& text) const;
      |           ^~~~~~~~~~~~~~~~~~~
/workspace/scratch/286141ad5a40/repo-checkout/src/NativeGfxDrawing.inc:754:55: warning: ‘float juce::Font::getStringWidthFloat(const juce::String&) const’ is deprecated: Use GlyphArrangement or TextLayout to compute text layouts [-Wdeprecated-declarations]
  754 |       width = std::max(width, font.getStringWidthFloat(split[i]));
      |                               ~~~~~~~~~~~~~~~~~~~~~~~~^~~~~~~~~~
/workspace/scratch/286141ad5a40/repo-checkout/libs/JUCE/modules/juce_graphics/fonts/juce_Font.h:572:11: note: declared here
  572 |     float getStringWidthFloat (const String& text) const;
      |           ^~~~~~~~~~~~~~~~~~~
/workspace/scratch/286141ad5a40/repo-checkout/src/NativeGfxDrawing.inc: In static member function ‘static void jsfx_native_gfx::Frame::updateTextPenPosition(jsfx_native_gfx::Frame*, const juce::String&)’:
/workspace/scratch/286141ad5a40/repo-checkout/src/NativeGfxDrawing.inc:772:134: warning: ‘float juce::Font::getStringWidthFloat(const juce::String&) const’ is deprecated: Use GlyphArrangement or TextLayout to compute text layouts [-Wdeprecated-declarations]
  772 |     const float advance = self->currentFont==0 ? (float)bitmapWidth : self->fonts[(size_t)self->currentFont].font.getStringWidthFloat(lastLine);
      |                                                                       ~~~~~~~~~~~~~~~~~~~~~~~~~~~~~~~~~~~~~~~~~~~~~~~~~~~~~~~~~~~~~~~^~~~~~~~~~
/workspace/scratch/286141ad5a40/repo-checkout/libs/JUCE/modules/juce_graphics/fonts/juce_Font.h:572:11: note: declared here
  572 |     float getStringWidthFloat (const String& text) const;
      |           ^~~~~~~~~~~~~~~~~~~
In file included from /workspace/scratch/286141ad5a40/repo-checkout/src/NativeGfxPrototype.h:314:
/workspace/scratch/286141ad5a40/repo-checkout/src/NativeGfxFiles.inc: In member function ‘void jsfx_native_gfx::Frame::resetDrawing()’:
/workspace/scratch/286141ad5a40/repo-checkout/src/NativeGfxFiles.inc:51:12: warning: ‘juce::Font::Font()’ is deprecated: Use the constructor that takes a FontOptions argument [-Wdeprecated-declarations]
   51 |     fonts={};fontCache.clear();currentFont=0;fileHandles.clear();freeFileHandles.clear();
      |            ^
/workspace/scratch/286141ad5a40/repo-checkout/libs/JUCE/modules/juce_graphics/fonts/juce_Font.h:111:5: note: declared here
  111 |     Font();
      |     ^~~~
/workspace/scratch/286141ad5a40/repo-checkout/src/NativeGfxFiles.inc:51:12: warning: ‘juce::Font::Font()’ is deprecated: Use the constructor that takes a FontOptions argument [-Wdeprecated-declarations]
   51 |     fonts={};fontCache.clear();currentFont=0;fileHandles.clear();freeFileHandles.clear();
      |            ^
/workspace/scratch/286141ad5a40/repo-checkout/libs/JUCE/modules/juce_graphics/fonts/juce_Font.h:111:5: note: declared here
  111 |     Font();
      |     ^~~~
/workspace/scratch/286141ad5a40/repo-checkout/src/NativeGfxFiles.inc:51:12: warning: ‘juce::Font::Font()’ is deprecated: Use the constructor that takes a FontOptions argument [-Wdeprecated-declarations]
   51 |     fonts={};fontCache.clear();currentFont=0;fileHandles.clear();freeFileHandles.clear();
      |            ^
/workspace/scratch/286141ad5a40/repo-checkout/libs/JUCE/modules/juce_graphics/fonts/juce_Font.h:111:5: note: declared here
  111 |     Font();
      |     ^~~~
In file included from /workspace/scratch/286141ad5a40/repo-checkout/src/NativeGfxPrototype.h:316:
/workspace/scratch/286141ad5a40/repo-checkout/src/NativeJsfxMatch.inc: In member function ‘double jsfx_native_gfx::Frame::matchStrings(int, jsfx_native_gfx::Reference*, bool)’:
/workspace/scratch/286141ad5a40/repo-checkout/src/NativeJsfxMatch.inc:291:11: warning: declaration of ‘strings’ shadows a member of ‘jsfx_native_gfx::Frame’ [-Wshadow]
  291 |     auto* strings=stringContext(&state);if(!strings)return 0;
      |           ^~~~~~~
/workspace/scratch/286141ad5a40/repo-checkout/src/NativeGfxPrototype.h:164:45: note: shadowed declaration is here
  164 |     std::unordered_map<double, std::string> strings;
      |                                             ^~~~~~~
/workspace/scratch/286141ad5a40/repo-checkout/src/NativeGfxPrototype.h: In function ‘double jsfx_native_gfx_setfont(DSPJSFX_State*, double, double, double, double, double)’:
/workspace/scratch/286141ad5a40/repo-checkout/src/NativeGfxPrototype.h:425:65: warning: comparing floating-point with ‘==’ or ‘!=’ is unsafe [-Wfloat-equal]
  425 |         if (!slot.serial || !(slot.name == family) || slot.size != height ||
      |                                                       ~~~~~~~~~~^~~~~~~~~
/workspace/scratch/286141ad5a40/repo-checkout/src/NativeGfxPrototype.h:428:58: warning: comparing floating-point with ‘==’ or ‘!=’ is unsafe [-Wfloat-equal]
  428 |                 if (cached.name == family && cached.size == height &&
      |                                              ~~~~~~~~~~~~^~~~~~~~~
/workspace/scratch/286141ad5a40/repo-checkout/src/NativeGfxPrototype.h: In function ‘double jsfx_native_gfx_measurestr(DSPJSFX_State*, double, double*, double*)’:
/workspace/scratch/286141ad5a40/repo-checkout/src/NativeGfxPrototype.h:467:41: warning: ‘float juce::Font::getStringWidthFloat(const juce::String&) const’ is deprecated: Use GlyphArrangement or TextLayout to compute text layouts [-Wdeprecated-declarations]
  467 |             w = font.getStringWidthFloat(text);
      |                 ~~~~~~~~~~~~~~~~~~~~~~~~^~~~~~
/workspace/scratch/286141ad5a40/repo-checkout/libs/JUCE/modules/juce_graphics/fonts/juce_Font.h:572:11: note: declared here
  572 |     float getStringWidthFloat (const String& text) const;
      |           ^~~~~~~~~~~~~~~~~~~
/workspace/scratch/286141ad5a40/repo-checkout/src/NativeGfxPrototype.h:470:65: warning: ‘float juce::Font::getStringWidthFloat(const juce::String&) const’ is deprecated: Use GlyphArrangement or TextLayout to compute text layouts [-Wdeprecated-declarations]
  470 |                 w = std::max(w, (double)font.getStringWidthFloat(line));
      |                                         ~~~~~~~~~~~~~~~~~~~~~~~~^~~~~~
/workspace/scratch/286141ad5a40/repo-checkout/libs/JUCE/modules/juce_graphics/fonts/juce_Font.h:572:11: note: declared here
  572 |     float getStringWidthFloat (const String& text) const;
      |           ^~~~~~~~~~~~~~~~~~~
/workspace/scratch/286141ad5a40/repo-checkout/src/NativeGfxPrototype.h: In function ‘double jsfx_native_gfx_drawstr(DSPJSFX_State*, double)’:
/workspace/scratch/286141ad5a40/repo-checkout/src/NativeGfxPrototype.h:503:75: warning: ‘float juce::Font::getStringWidthFloat(const juce::String&) const’ is deprecated: Use GlyphArrangement or TextLayout to compute text layouts [-Wdeprecated-declarations]
  503 |                                            ? font.font.getStringWidthFloat(last)
      |                                              ~~~~~~~~~~~~~~~~~~~~~~~~~~~~~^~~~~~
/workspace/scratch/286141ad5a40/repo-checkout/libs/JUCE/modules/juce_graphics/fonts/juce_Font.h:572:11: note: declared here
  572 |     float getStringWidthFloat (const String& text) const;
      |           ^~~~~~~~~~~~~~~~~~~
/workspace/scratch/286141ad5a40/repo-checkout/src/NativeGfxPrototype.h: In function ‘double jsfx_native_gfx_getchar(DSPJSFX_State*, double)’:
/workspace/scratch/286141ad5a40/repo-checkout/src/NativeGfxPrototype.h:607:14: warning: comparing floating-point with ‘==’ or ‘!=’ is unsafe [-Wfloat-equal]
  607 |     if (code == 65536)
      |         ~~~~~^~~~~~~~
/workspace/scratch/286141ad5a40/repo-checkout/src/NativeGfxPrototype.h:609:14: warning: comparing floating-point with ‘==’ or ‘!=’ is unsafe [-Wfloat-equal]
  609 |     if (code != 0)
      |         ~~~~~^~~~
/workspace/scratch/286141ad5a40/repo-checkout/src/NativeGfxPrototype.h: In function ‘double jsfx_native_slider_event(DSPJSFX_State*, double, int32_t, int32_t, double)’:
/workspace/scratch/286141ad5a40/repo-checkout/src/NativeGfxPrototype.h:643:17: warning: comparing floating-point with ‘==’ or ‘!=’ is unsafe [-Wfloat-equal]
  643 |         if (end != 0)
      |             ~~~~^~~~
In file included from /workspace/scratch/286141ad5a40/repo-checkout/src/JsfxGfxResources.h:3,
                 from /workspace/scratch/286141ad5a40/repo-checkout/src/JSFXJuceProcessor.cpp:189:
/workspace/scratch/286141ad5a40/repo-checkout/src/JsfxGfxPng.h: In function ‘bool jsfx_gfx_resources::decodePng(const void*, size_t, PngPixels&, Inflate)’:
/workspace/scratch/286141ad5a40/repo-checkout/src/JsfxGfxPng.h:47:7: warning: this ‘if’ clause does not guard... [-Wmisleading-indentation]
   47 |       if(gotHeader||n!=13)return false;gotHeader=true;width=pngBE32(p);height=pngBE32(p+4);depth=p[8];type=p[9];interlace=p[12];
      |       ^~
/workspace/scratch/286141ad5a40/repo-checkout/src/JsfxGfxPng.h:47:40: note: ...this statement, but the latter is misleadingly indented as if it were guarded by the ‘if’
   47 |       if(gotHeader||n!=13)return false;gotHeader=true;width=pngBE32(p);height=pngBE32(p+4);depth=p[8];type=p[9];interlace=p[12];
      |                                        ^~~~~~~~~
/workspace/scratch/286141ad5a40/repo-checkout/src/JsfxGfxPng.h:64:7: warning: this ‘if’ clause does not guard... [-Wmisleading-indentation]
   64 |       if(n||!gotData)return false;gotEnd=true;pos+=12;break;
      |       ^~
/workspace/scratch/286141ad5a40/repo-checkout/src/JsfxGfxPng.h:64:35: note: ...this statement, but the latter is misleadingly indented as if it were guarded by the ‘if’
   64 |       if(n||!gotData)return false;gotEnd=true;pos+=12;break;
      |                                   ^~~~~~
/workspace/scratch/286141ad5a40/repo-checkout/src/JsfxGfxResources.h: In function ‘std::filesystem::__cxx11::path jsfx_gfx_resources::moduleDirectory()’:
/workspace/scratch/286141ad5a40/repo-checkout/src/JsfxGfxResources.h:56:35: warning: ‘std::filesystem::__cxx11::path std::filesystem::__cxx11::u8path(const _Source&) [with _Source = const char*; _Require = path; _CharT = char]’ is deprecated: use 'path((const char8_t*)&*source)' instead [-Wdeprecated-declarations]
   56 |     return std::filesystem::u8path(info.dli_fname).parent_path();
      |            ~~~~~~~~~~~~~~~~~~~~~~~^~~~~~~~~~~~~~~~
In file included from /usr/include/c++/13/filesystem:49,
                 from /workspace/scratch/286141ad5a40/repo-checkout/src/JsfxGfxResources.h:4:
/usr/include/c++/13/bits/fs_path.h:843:5: note: declared here
  843 |     u8path(const _Source& __source)
      |     ^~~~~~
/workspace/scratch/286141ad5a40/repo-checkout/src/JsfxGfxResources.h: In function ‘bool jsfx_gfx_resources::safeOtherImageDimensions(const unsigned char*, size_t)’:
/workspace/scratch/286141ad5a40/repo-checkout/src/JsfxGfxResources.h:77:5: warning: this ‘if’ clause does not guard... [-Wmisleading-indentation]
   77 |     if(i+2>n)return false;size_t length=(size_t)p[i]*256+p[i+1];if(length<2||length>n-i)return false;
      |     ^~
/workspace/scratch/286141ad5a40/repo-checkout/src/JsfxGfxResources.h:77:27: note: ...this statement, but the latter is misleadingly indented as if it were guarded by the ‘if’
   77 |     if(i+2>n)return false;size_t length=(size_t)p[i]*256+p[i+1];if(length<2||length>n-i)return false;
      |                           ^~~~~~
/workspace/scratch/286141ad5a40/repo-checkout/src/JsfxGfxResources.h: In function ‘juce::Image jsfx_gfx_resources::decodeImage(const void*, size_t)’:
/workspace/scratch/286141ad5a40/repo-checkout/src/JsfxGfxResources.h:93:111: warning: conversion to ‘size_t’ {aka ‘long unsigned int’} from ‘int’ may change the sign of the result [-Wsign-conversion]
   93 |     for(int y=0;y<decoded.height;++y)std::memcpy(bits.getLinePointer(y),decoded.argb.data()+(size_t)y*decoded.width,(size_t)decoded.width*4);
      |                                                                                                       ~~~~~~~~^~~~~
/workspace/scratch/286141ad5a40/repo-checkout/src/JsfxGfxResources.h: In function ‘juce::Image jsfx_gfx_resources::loadImage(const juce::String&)’:
/workspace/scratch/286141ad5a40/repo-checkout/src/JsfxGfxResources.h:108:44: warning: ‘std::filesystem::__cxx11::path std::filesystem::__cxx11::u8path(const _Source&) [with _Source = std::__cxx11::basic_string<char>; _Require = path; _CharT = char]’ is deprecated: use 'path((const char8_t*)&*source)' instead [-Wdeprecated-declarations]
  108 |     const auto path=std::filesystem::u8path(name);
      |                     ~~~~~~~~~~~~~~~~~~~~~~~^~~~~~
/usr/include/c++/13/bits/fs_path.h:843:5: note: declared here
  843 |     u8path(const _Source& __source)
      |     ^~~~~~
/workspace/scratch/286141ad5a40/repo-checkout/src/JsfxGfxResources.h:118:72: warning: ‘std::filesystem::__cxx11::path std::filesystem::__cxx11::u8path(const _Source&) [with _Source = std::__cxx11::basic_string<char>; _Require = path; _CharT = char]’ is deprecated: use 'path((const char8_t*)&*source)' instead [-Wdeprecated-declarations]
  118 |         candidates.push_back(module/"Resources"/std::filesystem::u8path(normalized));
      |                                                 ~~~~~~~~~~~~~~~~~~~~~~~^~~~~~~~~~~~
/usr/include/c++/13/bits/fs_path.h:843:5: note: declared here
  843 |     u8path(const _Source& __source)
      |     ^~~~~~
/workspace/scratch/286141ad5a40/repo-checkout/src/JsfxGfxResources.h:119:86: warning: ‘std::filesystem::__cxx11::path std::filesystem::__cxx11::u8path(const _Source&) [with _Source = std::__cxx11::basic_string<char>; _Require = path; _CharT = char]’ is deprecated: use 'path((const char8_t*)&*source)' instead [-Wdeprecated-declarations]
  119 |         candidates.push_back(module.parent_path()/"Resources"/std::filesystem::u8path(normalized));
      |                                                               ~~~~~~~~~~~~~~~~~~~~~~~^~~~~~~~~~~~
/usr/include/c++/13/bits/fs_path.h:843:5: note: declared here
  843 |     u8path(const _Source& __source)
      |     ^~~~~~
/workspace/scratch/286141ad5a40/repo-checkout/src/JsfxGfxResources.h:120:100: warning: ‘std::filesystem::__cxx11::path std::filesystem::__cxx11::u8path(const _Source&) [with _Source = std::__cxx11::basic_string<char>; _Require = path; _CharT = char]’ is deprecated: use 'path((const char8_t*)&*source)' instead [-Wdeprecated-declarations]
  120 |         candidates.push_back(module.parent_path().parent_path()/"Resources"/std::filesystem::u8path(normalized));
      |                                                                             ~~~~~~~~~~~~~~~~~~~~~~~^~~~~~~~~~~~
/usr/include/c++/13/bits/fs_path.h:843:5: note: declared here
  843 |     u8path(const _Source& __source)
      |     ^~~~~~
/workspace/scratch/286141ad5a40/repo-checkout/src/JsfxGfxResources.h:123:50: warning: ‘std::filesystem::__cxx11::path std::filesystem::__cxx11::u8path(const _Source&) [with _Source = const char*; _Require = path; _CharT = char]’ is deprecated: use 'path((const char8_t*)&*source)' instead [-Wdeprecated-declarations]
  123 |         const auto source=std::filesystem::u8path(kSourceDir);
      |                           ~~~~~~~~~~~~~~~~~~~~~~~^~~~~~~~~~~~
/usr/include/c++/13/bits/fs_path.h:843:5: note: declared here
  843 |     u8path(const _Source& __source)
      |     ^~~~~~
/workspace/scratch/286141ad5a40/repo-checkout/src/JsfxGfxResources.h:125:86: warning: ‘std::filesystem::__cxx11::path std::filesystem::__cxx11::u8path(const _Source&) [with _Source = std::__cxx11::basic_string<char>; _Require = path; _CharT = char]’ is deprecated: use 'path((const char8_t*)&*source)' instead [-Wdeprecated-declarations]
  125 |         candidates.push_back(source.parent_path()/"Resources"/std::filesystem::u8path(normalized));
      |                                                               ~~~~~~~~~~~~~~~~~~~~~~~^~~~~~~~~~~~
/usr/include/c++/13/bits/fs_path.h:843:5: note: declared here
  843 |     u8path(const _Source& __source)
      |     ^~~~~~
/workspace/scratch/286141ad5a40/repo-checkout/src/JSFXJuceProcessor.cpp: In function ‘std::vector<{anonymous}::JsfxSliderDecl> {anonymous}::parseJsfxSliderDecls(const char*, juce::String*)’:
/workspace/scratch/286141ad5a40/repo-checkout/src/JSFXJuceProcessor.cpp:783:9: warning: this ‘if’ clause does not guard... [-Wmisleading-indentation]
  783 |         if (label.isEmpty())
      |         ^~
/workspace/scratch/286141ad5a40/repo-checkout/src/JSFXJuceProcessor.cpp:787:13: note: ...this statement, but the latter is misleadingly indented as if it were guarded by the ‘if’
  787 |             if (label.startsWithChar ('-'))
      |             ^~
/workspace/scratch/286141ad5a40/repo-checkout/src/JSFXJuceProcessor.cpp: In function ‘void {anonymous}::jsfxSetCurrentMidiBus(DSPJSFX_State*, int)’:
/workspace/scratch/286141ad5a40/repo-checkout/src/JSFXJuceProcessor.cpp:1593:26: warning: comparing floating-point with ‘==’ or ‘!=’ is unsafe [-Wfloat-equal]
 1593 |     if (st->ext_midi_bus == 0.0)
      |         ~~~~~~~~~~~~~~~~~^~~~~~
/workspace/scratch/286141ad5a40/repo-checkout/src/JSFXJuceProcessor.cpp: In function ‘int {anonymous}::jsfxGetCurrentMidiBus(const DSPJSFX_State*)’:
/workspace/scratch/286141ad5a40/repo-checkout/src/JSFXJuceProcessor.cpp:1601:43: warning: comparing floating-point with ‘==’ or ‘!=’ is unsafe [-Wfloat-equal]
 1601 |     if (st == nullptr || st->ext_midi_bus == 0.0)
      |                          ~~~~~~~~~~~~~~~~~^~~~~~
/workspace/scratch/286141ad5a40/repo-checkout/src/JSFXJuceProcessor.cpp: In function ‘int jsfx_slider_automate(DSPJSFX_State*, double, int, double)’:
/workspace/scratch/286141ad5a40/repo-checkout/src/JSFXJuceProcessor.cpp:2497:18: warning: comparing floating-point with ‘==’ or ‘!=’ is unsafe [-Wfloat-equal]
 2497 |     if (endTouch != 0.0)
      |         ~~~~~~~~~^~~~~~
/workspace/scratch/286141ad5a40/repo-checkout/src/JSFXJuceProcessor.cpp: In function ‘double jsfx_slider_show(DSPJSFX_State*, double, int, double, int)’:
/workspace/scratch/286141ad5a40/repo-checkout/src/JSFXJuceProcessor.cpp:2526:22: warning: comparing floating-point with ‘==’ or ‘!=’ is unsafe [-Wfloat-equal]
 2526 |             if (mode == -1.0)
      |                 ~~~~~^~~~~~~
In file included from /workspace/scratch/286141ad5a40/repo-checkout/libs/JUCE/modules/juce_audio_processors_headless/juce_audio_processors_headless.h:145:
/workspace/scratch/286141ad5a40/repo-checkout/libs/JUCE/modules/juce_audio_processors_headless/processors/juce_AudioProcessor.h: At global scope:
/workspace/scratch/286141ad5a40/repo-checkout/libs/JUCE/modules/juce_audio_processors_headless/processors/juce_AudioProcessor.h:291:18: warning: ‘virtual void juce::AudioProcessor::processBlock(juce::AudioBuffer<double>&, juce::MidiBuffer&)’ was hidden [-Woverloaded-virtual=]
  291 |     virtual void processBlock (AudioBuffer<double>& buffer,
      |                  ^~~~~~~~~~~~
/workspace/scratch/286141ad5a40/repo-checkout/src/JSFXJuceProcessor.cpp:3582:10: note:   by ‘virtual void JSFXJuceProcessor::processBlock(juce::AudioBuffer<float>&, juce::MidiBuffer&)’
 3582 |     void processBlock (juce::AudioBuffer<float>& buffer, juce::MidiBuffer& midiMessages) override
      |          ^~~~~~~~~~~~
/workspace/scratch/286141ad5a40/repo-checkout/src/JSFXJuceProcessor.cpp: In lambda function:
/workspace/scratch/286141ad5a40/repo-checkout/src/JSFXJuceProcessor.cpp:2922:37: warning: comparing floating-point with ‘==’ or ‘!=’ is unsafe [-Wfloat-equal]
 2922 |                     if (declaredEnd == declaredStart) return 0.0f;
      |                         ~~~~~~~~~~~~^~~~~~~~~~~~~~~~
/workspace/scratch/286141ad5a40/repo-checkout/src/JSFXJuceProcessor.cpp: In lambda function:
/workspace/scratch/286141ad5a40/repo-checkout/src/JSFXJuceProcessor.cpp:2931:28: warning: comparing floating-point with ‘==’ or ‘!=’ is unsafe [-Wfloat-equal]
 2931 |                     if (st == 0.0f) return v;
      |                         ~~~^~~~~~~
/workspace/scratch/286141ad5a40/repo-checkout/src/JSFXJuceProcessor.cpp: In lambda function:
/workspace/scratch/286141ad5a40/repo-checkout/src/JSFXJuceProcessor.cpp:3167:23: warning: comparing floating-point with ‘==’ or ‘!=’ is unsafe [-Wfloat-equal]
 3167 |                 if (a == b)
      |                     ~~^~~~
/workspace/scratch/286141ad5a40/repo-checkout/src/JSFXJuceProcessor.cpp: In member function ‘virtual void JSFXJuceProcessor::processBlock(juce::AudioBuffer<float>&, juce::MidiBuffer&)’:
/workspace/scratch/286141ad5a40/repo-checkout/src/JSFXJuceProcessor.cpp:3729:77: warning: comparing floating-point with ‘==’ or ‘!=’ is unsafe [-Wfloat-equal]
 3729 |             nativeCommandsChanged = nativeCommandsChanged || st.vars[index] != value;
      |                                                              ~~~~~~~~~~~~~~~^~~~~~~~
/workspace/scratch/286141ad5a40/repo-checkout/src/JSFXJuceProcessor.cpp: In member function ‘double JSFXJuceProcessor::rt_sample_pool_set_deferred(double, double)’:
/workspace/scratch/286141ad5a40/repo-checkout/src/JSFXJuceProcessor.cpp:5532:41: warning: comparing floating-point with ‘==’ or ‘!=’ is unsafe [-Wfloat-equal]
 5532 |             pool->setDeferred (deferred != 0.0);
      |                                ~~~~~~~~~^~~~~~
/workspace/scratch/286141ad5a40/repo-checkout/src/JSFXJuceProcessor.cpp: In member function ‘void JSFXJuceProcessor::setNativeGfxCommand(int, double, uint64_t)’:
/workspace/scratch/286141ad5a40/repo-checkout/src/JSFXJuceProcessor.cpp:6199:22: warning: comparing floating-point with ‘==’ or ‘!=’ is unsafe [-Wfloat-equal]
 6199 |         if (previous != next || previousEpoch != epoch) requestExternalWakeEvent (false);
      |             ~~~~~~~~~^~~~~~~
/workspace/scratch/286141ad5a40/repo-checkout/src/JSFXJuceProcessor.cpp: In member function ‘void JSFXJuceProcessor::initStateMemory()’:
/workspace/scratch/286141ad5a40/repo-checkout/src/JSFXJuceProcessor.cpp:9447:21: warning: ‘void* memset(void*, int, size_t)’ clearing an object of type ‘DSPJSFX_State’ {aka ‘struct DSPJSFX_State’} with no trivial copy-assignment; use assignment or value-initialization instead [-Wclass-memaccess]
 9447 |         std::memset (&st, 0, sizeof (st));
      |         ~~~~~~~~~~~~^~~~~~~~~~~~~~~~~~~~~
/workspace/scratch/286141ad5a40/repo-checkout/build/linux/joep_bandjoiner/JSFXDSP.h:45:16: note: ‘DSPJSFX_State’ {aka ‘struct DSPJSFX_State’} declared here
   45 | typedef struct DSPJSFX_State {
      |                ^~~~~~~~~~~~~
/workspace/scratch/286141ad5a40/repo-checkout/src/JSFXJuceProcessor.cpp: In member function ‘void JSFXJuceProcessor::resetStateStructOnly()’:
/workspace/scratch/286141ad5a40/repo-checkout/src/JSFXJuceProcessor.cpp:9490:21: warning: ‘void* memset(void*, int, size_t)’ clearing an object of type ‘DSPJSFX_State’ {aka ‘struct DSPJSFX_State’} with no trivial copy-assignment; use assignment or value-initialization instead [-Wclass-memaccess]
 9490 |         std::memset (&st, 0, sizeof (st));
      |         ~~~~~~~~~~~~^~~~~~~~~~~~~~~~~~~~~
/workspace/scratch/286141ad5a40/repo-checkout/build/linux/joep_bandjoiner/JSFXDSP.h:45:16: note: ‘DSPJSFX_State’ {aka ‘struct DSPJSFX_State’} declared here
   45 | typedef struct DSPJSFX_State {
      |                ^~~~~~~~~~~~~
/workspace/scratch/286141ad5a40/repo-checkout/src/JSFXJuceProcessor.cpp: In member function ‘bool JSFXJuceProcessor::queryMidiTransportPlayingForCleanup(bool&)’:
/workspace/scratch/286141ad5a40/repo-checkout/src/JSFXJuceProcessor.cpp:9669:15: warning: declaration of ‘playHead’ shadows a member of ‘JSFXJuceProcessor’ [-Wshadow]
 9669 |         auto* playHead = getPlayHead();
      |               ^~~~~~~~
/workspace/scratch/286141ad5a40/repo-checkout/libs/JUCE/modules/juce_audio_processors_headless/processors/juce_AudioProcessor.h:1491:33: note: shadowed declaration is here
 1491 |     std::atomic<AudioPlayHead*> playHead { nullptr };
      |                                 ^~~~~~~~
/workspace/scratch/286141ad5a40/repo-checkout/src/JSFXJuceProcessor.cpp: In member function ‘bool JSFXJuceProcessor::pushParamsToStateSliders()’:
/workspace/scratch/286141ad5a40/repo-checkout/src/JSFXJuceProcessor.cpp:9976:66: warning: comparing floating-point with ‘==’ or ‘!=’ is unsafe [-Wfloat-equal]
 9976 |             const bool hostChanged = !lastSlidersValid || newVal != lastSliders[i];
/workspace/scratch/286141ad5a40/repo-checkout/src/JSFXJuceProcessor.cpp:9980:46: warning: comparing floating-point with ‘==’ or ‘!=’ is unsafe [-Wfloat-equal]
 9980 |             if (! lastSlidersValid || newVal != lastSliders[i])
/workspace/scratch/286141ad5a40/repo-checkout/src/JSFXJuceProcessor.cpp: In static member function ‘static float JSFXJuceProcessor::curveFrom01_sqr(float, float, float, float)’:
/workspace/scratch/286141ad5a40/repo-checkout/src/JSFXJuceProcessor.cpp:10188:16: warning: comparing floating-point with ‘==’ or ‘!=’ is unsafe [-Wfloat-equal]
10188 |         if (hi == lo) return lo;
      |             ~~~^~~~~
/workspace/scratch/286141ad5a40/repo-checkout/src/JSFXJuceProcessor.cpp: In static member function ‘static float JSFXJuceProcessor::curveTo01_sqr(float, float, float, float)’:
/workspace/scratch/286141ad5a40/repo-checkout/src/JSFXJuceProcessor.cpp:10202:16: warning: comparing floating-point with ‘==’ or ‘!=’ is unsafe [-Wfloat-equal]
10202 |         if (hi == lo) return 0.0f;
      |             ~~~^~~~~
/workspace/scratch/286141ad5a40/repo-checkout/src/JSFXJuceProcessor.cpp: In static member function ‘static float JSFXJuceProcessor::curveFrom01_log(float, float, float, float)’:
/workspace/scratch/286141ad5a40/repo-checkout/src/JSFXJuceProcessor.cpp:10226:16: warning: comparing floating-point with ‘==’ or ‘!=’ is unsafe [-Wfloat-equal]
10226 |         if (hi == lo) return lo;
      |             ~~~^~~~~
/workspace/scratch/286141ad5a40/repo-checkout/src/JSFXJuceProcessor.cpp:10229:22: warning: comparing floating-point with ‘==’ or ‘!=’ is unsafe [-Wfloat-equal]
10229 |         if (modifier == 0.0f)
      |             ~~~~~~~~~^~~~~~~
/workspace/scratch/286141ad5a40/repo-checkout/src/JSFXJuceProcessor.cpp: In static member function ‘static float JSFXJuceProcessor::curveTo01_log(float, float, float, float)’:
/workspace/scratch/286141ad5a40/repo-checkout/src/JSFXJuceProcessor.cpp:10257:16: warning: comparing floating-point with ‘==’ or ‘!=’ is unsafe [-Wfloat-equal]
10257 |         if (hi == lo) return 0.0f;
      |             ~~~^~~~~
/workspace/scratch/286141ad5a40/repo-checkout/src/JSFXJuceProcessor.cpp:10263:22: warning: comparing floating-point with ‘==’ or ‘!=’ is unsafe [-Wfloat-equal]
10263 |         if (modifier == 0.0f)
      |             ~~~~~~~~~^~~~~~~
/workspace/scratch/286141ad5a40/repo-checkout/src/JSFXJuceProcessor.cpp: In member function ‘void FilteredPanel::browseForFileSlot(int, FileBrowseMode, FileBrowseFilter)’:
/workspace/scratch/286141ad5a40/repo-checkout/src/JSFXJuceProcessor.cpp:11893:13: warning: declaration of ‘flags’ shadows a member of ‘FilteredPanel’ [-Wshadow]
11893 |         int flags = juce::FileBrowserComponent::openMode | juce::FileBrowserComponent::canSelectFiles;
      |             ^~~~~
/workspace/scratch/286141ad5a40/repo-checkout/libs/JUCE/modules/juce_gui_basics/components/juce_Component.h:2709:24: note: shadowed declaration is here
 2709 |         ComponentFlags flags;
      |                        ^~~~~
/workspace/scratch/286141ad5a40/repo-checkout/src/JSFXJuceProcessor.cpp: In member function ‘void FilteredPanel::browseForImportRecipeSlot(int, za::fileimport::ImportAction, FileBrowseFilter)’:
/workspace/scratch/286141ad5a40/repo-checkout/src/JSFXJuceProcessor.cpp:11957:16: warning: enumeration value ‘LoadSeparate’ not handled in switch [-Wswitch-enum]
11957 |         switch (action)
      |                ^
/workspace/scratch/286141ad5a40/repo-checkout/src/JSFXJuceProcessor.cpp:11957:16: warning: enumeration value ‘AppendRawAsSingle’ not handled in switch [-Wswitch-enum]
/workspace/scratch/286141ad5a40/repo-checkout/src/JSFXJuceProcessor.cpp:11978:13: warning: declaration of ‘flags’ shadows a member of ‘FilteredPanel’ [-Wshadow]
11978 |         int flags = juce::FileBrowserComponent::openMode | juce::FileBrowserComponent::canSelectFiles;
      |             ^~~~~
/workspace/scratch/286141ad5a40/repo-checkout/libs/JUCE/modules/juce_gui_basics/components/juce_Component.h:2709:24: note: shadowed declaration is here
 2709 |         ComponentFlags flags;
      |                        ^~~~~
/workspace/scratch/286141ad5a40/repo-checkout/src/JSFXJuceProcessor.cpp: In member function ‘int FilteredPanel::getPreferredLabelWidth() const’:
/workspace/scratch/286141ad5a40/repo-checkout/src/JSFXJuceProcessor.cpp:12743:80: warning: ‘int juce::Font::getStringWidth(const juce::String&) const’ is deprecated: Use GlyphArrangement or TextLayout to compute text layouts [-Wdeprecated-declarations]
12743 |                 labelW = std::max (labelW, row.label->getFont().getStringWidth (row.label->getText()) + 20);
      |                                            ~~~~~~~~~~~~~~~~~~~~~~~~~~~~~~~~~~~~^~~~~~~~~~~~~~~~~~~~~~
/workspace/scratch/286141ad5a40/repo-checkout/libs/JUCE/modules/juce_graphics/fonts/juce_Font.h:554:9: note: declared here
  554 |     int getStringWidth (const String& text) const;
      |         ^~~~~~~~~~~~~~
/workspace/scratch/286141ad5a40/repo-checkout/src/JSFXJuceProcessor.cpp: At global scope:
/workspace/scratch/286141ad5a40/repo-checkout/src/JSFXJuceProcessor.cpp:14549:95: warning: ‘juce::Font::Font(const juce::String&, float, int)’ is deprecated: Use the constructor that takes a FontOptions argument [-Wdeprecated-declarations]
14549 |     juce::Font menuFont { juce::Font::getDefaultSansSerifFontName(), 13.0f, juce::Font::plain };
      |                                                                                               ^
/workspace/scratch/286141ad5a40/repo-checkout/libs/JUCE/modules/juce_graphics/fonts/juce_Font.h:89:5: note: declared here
   89 |     Font (const String& typefaceName, float fontHeight, int styleFlags);
      |     ^~~~
/workspace/scratch/286141ad5a40/repo-checkout/src/JSFXJuceProcessor.cpp: In static member function ‘static juce::Font JSFXJuceEditor::UnicodeLNF::pickFont(float)’:
/workspace/scratch/286141ad5a40/repo-checkout/src/JSFXJuceProcessor.cpp:12828:38: warning: ‘juce::Font::Font(float, int)’ is deprecated: Use the constructor that takes a FontOptions argument [-Wdeprecated-declarations]
12828 |             return juce::Font (height);
      |                                      ^
/workspace/scratch/286141ad5a40/repo-checkout/libs/JUCE/modules/juce_graphics/fonts/juce_Font.h:77:5: note: declared here
   77 |     Font (float fontHeight, int styleFlags = plain);
      |     ^~~~
/workspace/scratch/286141ad5a40/repo-checkout/src/JSFXJuceProcessor.cpp: In member function ‘void JSFXJuceEditor::GfxMenuOverlay::openMenu(const juce::String&, juce::Point<int>)’:
/workspace/scratch/286141ad5a40/repo-checkout/src/JSFXJuceProcessor.cpp:13925:21: warning: declaration of ‘cursor’ shadows a member of ‘JSFXJuceEditor::GfxMenuOverlay’ [-Wshadow]
13925 |         const char* cursor = utf8.c_str();
      |                     ^~~~~~
/workspace/scratch/286141ad5a40/repo-checkout/libs/JUCE/modules/juce_gui_basics/components/juce_Component.h:2659:17: note: shadowed declaration is here
 2659 |     MouseCursor cursor;
      |                 ^~~~~~
/workspace/scratch/286141ad5a40/repo-checkout/src/JSFXJuceProcessor.cpp: In member function ‘void JSFXJuceEditor::GfxMenuOverlay::rebuildLayout()’:
/workspace/scratch/286141ad5a40/repo-checkout/src/JSFXJuceProcessor.cpp:14353:89: warning: ‘float juce::Font::getStringWidthFloat(const juce::String&) const’ is deprecated: Use GlyphArrangement or TextLayout to compute text layouts [-Wdeprecated-declarations]
14353 |                     maxTextWidth = std::max (maxTextWidth, menuFont.getStringWidthFloat (item.text));
      |                                                            ~~~~~~~~~~~~~~~~~~~~~~~~~~~~~^~~~~~~~~~~
/workspace/scratch/286141ad5a40/repo-checkout/libs/JUCE/modules/juce_graphics/fonts/juce_Font.h:572:11: note: declared here
  572 |     float getStringWidthFloat (const String& text) const;
      |           ^~~~~~~~~~~~~~~~~~~
/workspace/scratch/286141ad5a40/repo-checkout/src/JSFXJuceProcessor.cpp: In member function ‘virtual void JSFXJuceEditor::GfxView::paint(juce::Graphics&)’:
/workspace/scratch/286141ad5a40/repo-checkout/src/JSFXJuceProcessor.cpp:14759:43: warning: ‘juce::Font::Font(float, int)’ is deprecated: Use the constructor that takes a FontOptions argument [-Wdeprecated-declarations]
14759 |                          juce::Font (14.0f),
      |                                           ^
/workspace/scratch/286141ad5a40/repo-checkout/libs/JUCE/modules/juce_graphics/fonts/juce_Font.h:77:5: note: declared here
   77 |     Font (float fontHeight, int styleFlags = plain);
      |     ^~~~
/workspace/scratch/286141ad5a40/repo-checkout/src/JSFXJuceProcessor.cpp: In member function ‘void JSFXJuceEditor::GfxView::renderNativeWorkerFrame()’:
/workspace/scratch/286141ad5a40/repo-checkout/src/JSFXJuceProcessor.cpp:15920:9: warning: this ‘if’ clause does not guard... [-Wmisleading-indentation]
15920 |         if (index >= 0) processor.endGfxSnapshotRead (index); pin.index = -1; // Raster/menu completion never touches DSP memory.
      |         ^~
/workspace/scratch/286141ad5a40/repo-checkout/src/JSFXJuceProcessor.cpp:15920:63: note: ...this statement, but the latter is misleadingly indented as if it were guarded by the ‘if’
15920 |         if (index >= 0) processor.endGfxSnapshotRead (index); pin.index = -1; // Raster/menu completion never touches DSP memory.
      |                                                               ^~~
/workspace/scratch/286141ad5a40/repo-checkout/src/JSFXJuceProcessor.cpp: In lambda function:
/workspace/scratch/286141ad5a40/repo-checkout/src/JSFXJuceProcessor.cpp:16083:19: warning: comparing floating-point with ‘==’ or ‘!=’ is unsafe [-Wfloat-equal]
16083 |             if (a == b)
      |                 ~~^~~~
/workspace/scratch/286141ad5a40/repo-checkout/src/JSFXJuceProcessor.cpp: In member function ‘void JSFXJuceEditor::GfxView::renderWorkerFrame()’:
/workspace/scratch/286141ad5a40/repo-checkout/src/JSFXJuceProcessor.cpp:16320:27: warning: comparing floating-point with ‘==’ or ‘!=’ is unsafe [-Wfloat-equal]
16320 |                     if (a == b || (std::isnan (a) && std::isnan (b)) || ! std::isfinite (b)) continue;
      |                         ~~^~~~
/workspace/scratch/286141ad5a40/repo-checkout/src/JSFXJuceProcessor.cpp:16346:58: warning: comparing floating-point with ‘==’ or ‘!=’ is unsafe [-Wfloat-equal]
16346 |                         changed = std::isfinite (b) && a != b && !(std::isnan (a) && std::isnan (b));
      |                                                        ~~^~~~
/workspace/scratch/286141ad5a40/repo-checkout/src/JSFXJuceProcessor.cpp: In member function ‘void JSFXJuceEditor::GfxView::enqueueMouseFrameLocked(const MouseStateFrame&)’:
/workspace/scratch/286141ad5a40/repo-checkout/src/JSFXJuceProcessor.cpp:16607:59: warning: comparing floating-point with ‘==’ or ‘!=’ is unsafe [-Wfloat-equal]
16607 |                                      && back.pendingWheel == 0.0f
      |                                         ~~~~~~~~~~~~~~~~~~^~~~~~~
/workspace/scratch/286141ad5a40/repo-checkout/src/JSFXJuceProcessor.cpp:16608:60: warning: comparing floating-point with ‘==’ or ‘!=’ is unsafe [-Wfloat-equal]
16608 |                                      && back.pendingHWheel == 0.0f;
      |                                         ~~~~~~~~~~~~~~~~~~~^~~~~~~
/workspace/scratch/286141ad5a40/repo-checkout/src/WDL/eel2/../ptrlist.h: In instantiation of ‘void WDL_PtrList<PTRTYPE>::Empty(bool, void (*)(void*)) [with PTRTYPE = WDL_FastString]’:
/workspace/scratch/286141ad5a40/repo-checkout/src/WDL/eel2/eel_strings.h:147:30:   required from here
/workspace/scratch/286141ad5a40/repo-checkout/src/WDL/eel2/../ptrlist.h:183:23: warning: conversion to ‘unsigned int’ from ‘int’ may change the sign of the result [-Wsign-conversion]
  183 |           m_hb.Resize(x*(unsigned int)sizeof(PTRTYPE *),false);
      |                       ^
/workspace/scratch/286141ad5a40/repo-checkout/src/WDL/eel2/../ptrlist.h:183:24: warning: conversion to ‘int’ from ‘unsigned int’ may change the sign of the result [-Wsign-conversion]
  183 |           m_hb.Resize(x*(unsigned int)sizeof(PTRTYPE *),false);
      |                       ~^~~~~~~~~~~~~~~~~~~~~~~~~~~~~~~~
/workspace/scratch/286141ad5a40/repo-checkout/src/WDL/eel2/../assocarray.h: In instantiation of ‘void WDL_AssocArrayImpl<KEY, VAL>::Resort(int (*)(KEY*, KEY*)) [with KEY = const char*; VAL = double*]’:
/workspace/scratch/286141ad5a40/repo-checkout/src/WDL/eel2/eel_strings.h:159:29:   required from here
/workspace/scratch/286141ad5a40/repo-checkout/src/WDL/eel2/../assocarray.h:192:41: warning: conversion to ‘size_t’ {aka ‘long unsigned int’} from ‘int’ may change the sign of the result [-Wsign-conversion]
  192 |       qsort(m_data.Get(), m_data.GetSize(), sizeof(KeyVal),
      |                           ~~~~~~~~~~~~~~^~
/workspace/scratch/286141ad5a40/repo-checkout/src/WDL/eel2/../ptrlist.h: In instantiation of ‘int WDL_PtrList<PTRTYPE>::GetSize() const [with PTRTYPE = WDL_FastString]’:
/workspace/scratch/286141ad5a40/repo-checkout/src/WDL/eel2/eel_strings.h:179:40:   required from here
/workspace/scratch/286141ad5a40/repo-checkout/src/WDL/eel2/../ptrlist.h:58:50: warning: conversion to ‘unsigned int’ from ‘int’ may change the sign of the result [-Wsign-conversion]
   58 |     int GetSize(void) const { return m_hb.GetSize()/(unsigned int)sizeof(PTRTYPE *); }
      |                                      ~~~~~~~~~~~~^~
/workspace/scratch/286141ad5a40/repo-checkout/src/WDL/eel2/../ptrlist.h:58:52: warning: conversion to ‘int’ from ‘unsigned int’ may change the sign of the result [-Wsign-conversion]
   58 |     int GetSize(void) const { return m_hb.GetSize()/(unsigned int)sizeof(PTRTYPE *); }
      |                                      ~~~~~~~~~~~~~~^~~~~~~~~~~~~~~~~~~~~~~~~~~~~~~~
/workspace/scratch/286141ad5a40/repo-checkout/src/WDL/eel2/../ptrlist.h: In instantiation of ‘PTRTYPE* WDL_PtrList<PTRTYPE>::Add(PTRTYPE*) [with PTRTYPE = WDL_FastString]’:
/workspace/scratch/286141ad5a40/repo-checkout/src/WDL/eel2/eel_strings.h:180:30:   required from here
/workspace/scratch/286141ad5a40/repo-checkout/src/WDL/eel2/../ptrlist.h:85:50: warning: conversion to ‘unsigned int’ from ‘int’ may change the sign of the result [-Wsign-conversion]
   85 |       PTRTYPE **list=(PTRTYPE **)m_hb.ResizeOK((s+1)*(unsigned int)sizeof(PTRTYPE*),false);
      |                                                ~~^~~
/workspace/scratch/286141ad5a40/repo-checkout/src/WDL/eel2/../ptrlist.h:85:53: warning: conversion to ‘int’ from ‘unsigned int’ may change the sign of the result [-Wsign-conversion]
   85 |       PTRTYPE **list=(PTRTYPE **)m_hb.ResizeOK((s+1)*(unsigned int)sizeof(PTRTYPE*),false);
      |                                                ~~~~~^~~~~~~~~~~~~~~~~~~~~~~~~~~~~~~
/workspace/scratch/286141ad5a40/repo-checkout/src/WDL/eel2/../assocarray.h: In instantiation of ‘int WDL_AssocArrayImpl<KEY, VAL>::Insert(KEY, VAL) [with KEY = const char*; VAL = int]’:
/workspace/scratch/286141ad5a40/repo-checkout/src/WDL/eel2/eel_strings.h:181:39:   required from here
/workspace/scratch/286141ad5a40/repo-checkout/src/WDL/eel2/../assocarray.h:72:50: warning: conversion to ‘long unsigned int’ from ‘int’ may change the sign of the result [-Wsign-conversion]
   72 |         memmove(kv+i+1, kv+i, (m_data.GetSize()-i-1)*sizeof(KeyVal));
      |                               ~~~~~~~~~~~~~~~~~~~^~~
/workspace/scratch/286141ad5a40/repo-checkout/src/WDL/eel2/../assocarray.h: In instantiation of ‘int WDL_AssocArrayImpl<KEY, VAL>::Insert(KEY, VAL) [with KEY = const char*; VAL = double*]’:
/workspace/scratch/286141ad5a40/repo-checkout/src/WDL/eel2/eel_strings.h:194:39:   required from here
/workspace/scratch/286141ad5a40/repo-checkout/src/WDL/eel2/../assocarray.h:72:50: warning: conversion to ‘long unsigned int’ from ‘int’ may change the sign of the result [-Wsign-conversion]
/workspace/scratch/286141ad5a40/repo-checkout/src/WDL/eel2/../ptrlist.h: In instantiation of ‘PTRTYPE* WDL_PtrList<PTRTYPE>::Get(INT_PTR) const [with PTRTYPE = WDL_FastString; INT_PTR = long int]’:
/workspace/scratch/286141ad5a40/repo-checkout/src/WDL/eel2/eel_strings.h:211:32:   required from here
/workspace/scratch/286141ad5a40/repo-checkout/src/WDL/eel2/../ptrlist.h:54:60: warning: conversion to ‘long unsigned int’ from ‘int’ may change the sign of the result [-Wsign-conversion]
   54 |       if (list && (UINT_PTR)index < (UINT_PTR)(m_hb.GetSize()/sizeof(PTRTYPE *))) return list[index];
      |                                                ~~~~~~~~~~~~^~
/workspace/scratch/286141ad5a40/repo-checkout/src/WDL/eel2/../ptrlist.h: In instantiation of ‘void WDL_PtrList<PTRTYPE>::Empty(void (*)(PTRTYPE*)) [with PTRTYPE = void]’:
/workspace/scratch/286141ad5a40/repo-checkout/src/WDL/eel2/eelscript.h:327:24:   required from here
/workspace/scratch/286141ad5a40/repo-checkout/src/WDL/eel2/../ptrlist.h:195:21: warning: conversion to ‘unsigned int’ from ‘int’ may change the sign of the result [-Wsign-conversion]
  195 |         m_hb.Resize(x*(unsigned int)sizeof(PTRTYPE *),false);
      |                     ^
/workspace/scratch/286141ad5a40/repo-checkout/src/WDL/eel2/../ptrlist.h:195:22: warning: conversion to ‘int’ from ‘unsigned int’ may change the sign of the result [-Wsign-conversion]
  195 |         m_hb.Resize(x*(unsigned int)sizeof(PTRTYPE *),false);
      |                     ~^~~~~~~~~~~~~~~~~~~~~~~~~~~~~~~~
/workspace/scratch/286141ad5a40/repo-checkout/src/WDL/eel2/../heapbuf.h: In instantiation of ‘int WDL_TypedBuf<PTRTYPE>::GetSize() const [with PTRTYPE = eelScriptInst::evalCacheEnt]’:
/workspace/scratch/286141ad5a40/repo-checkout/src/WDL/eel2/eelscript.h:329:34:   required from here
/workspace/scratch/286141ad5a40/repo-checkout/src/WDL/eel2/../heapbuf.h:257:46: warning: conversion to ‘unsigned int’ from ‘int’ may change the sign of the result [-Wsign-conversion]
  257 |     int GetSize() const { return m_hb.GetSize()/(unsigned int)sizeof(PTRTYPE); }
      |                                  ~~~~~~~~~~~~^~
/workspace/scratch/286141ad5a40/repo-checkout/src/WDL/eel2/../heapbuf.h:257:48: warning: conversion to ‘int’ from ‘unsigned int’ may change the sign of the result [-Wsign-conversion]
  257 |     int GetSize() const { return m_hb.GetSize()/(unsigned int)sizeof(PTRTYPE); }
      |                                  ~~~~~~~~~~~~~~^~~~~~~~~~~~~~~~~~~~~~~~~~~~~~
/workspace/scratch/286141ad5a40/repo-checkout/src/WDL/eel2/../ptrlist.h: In instantiation of ‘PTRTYPE* WDL_PtrList<PTRTYPE>::Add(PTRTYPE*) [with PTRTYPE = void]’:
/workspace/scratch/286141ad5a40/repo-checkout/src/WDL/eel2/eelscript.h:390:24:   required from here
/workspace/scratch/286141ad5a40/repo-checkout/src/WDL/eel2/../ptrlist.h:85:50: warning: conversion to ‘unsigned int’ from ‘int’ may change the sign of the result [-Wsign-conversion]
   85 |       PTRTYPE **list=(PTRTYPE **)m_hb.ResizeOK((s+1)*(unsigned int)sizeof(PTRTYPE*),false);
      |                                                ~~^~~
/workspace/scratch/286141ad5a40/repo-checkout/src/WDL/eel2/../ptrlist.h:85:53: warning: conversion to ‘int’ from ‘unsigned int’ may change the sign of the result [-Wsign-conversion]
   85 |       PTRTYPE **list=(PTRTYPE **)m_hb.ResizeOK((s+1)*(unsigned int)sizeof(PTRTYPE*),false);
      |                                                ~~~~~^~~~~~~~~~~~~~~~~~~~~~~~~~~~~~~
/workspace/scratch/286141ad5a40/repo-checkout/src/WDL/eel2/../assocarray.h: In instantiation of ‘int WDL_AssocArrayImpl<KEY, VAL>::Insert(KEY, VAL) [with KEY = const char*; VAL = bool]’:
/workspace/scratch/286141ad5a40/repo-checkout/src/WDL/eel2/eelscript.h:586:35:   required from here
/workspace/scratch/286141ad5a40/repo-checkout/src/WDL/eel2/../assocarray.h:72:50: warning: conversion to ‘long unsigned int’ from ‘int’ may change the sign of the result [-Wsign-conversion]
   72 |         memmove(kv+i+1, kv+i, (m_data.GetSize()-i-1)*sizeof(KeyVal));
      |                               ~~~~~~~~~~~~~~~~~~~^~~
/workspace/scratch/286141ad5a40/repo-checkout/src/WDL/eel2/../heapbuf.h: In instantiation of ‘void WDL_TypedBuf<PTRTYPE>::Delete(int) [with PTRTYPE = eelScriptInst::evalCacheEnt]’:
/workspace/scratch/286141ad5a40/repo-checkout/src/WDL/eel2/eelscript.h:665:26:   required from here
/workspace/scratch/286141ad5a40/repo-checkout/src/WDL/eel2/../heapbuf.h:330:40: warning: conversion to ‘long unsigned int’ from ‘int’ may change the sign of the result [-Wsign-conversion]
  330 |         memmove(p+idx, p+idx+1, (sz-idx-1)*sizeof(PTRTYPE));
      |                                 ~~~~~~~^~~
/workspace/scratch/286141ad5a40/repo-checkout/src/WDL/lice/lice.cpp: In instantiation of ‘static void _LICE_Template_Blit0<COMBFUNC>::scaleBlitFAST(LICE_pixel_chan*, const LICE_pixel_chan*, int, int, int, int, int, int, unsigned int, unsigned int, int, int) [with COMBFUNC = _LICE_CombinePixelsHalfMixFAST; LICE_pixel_chan = unsigned char]’:
/workspace/scratch/286141ad5a40/repo-checkout/src/WDL/lice/lice.cpp:1410:74:   required from here
/workspace/scratch/286141ad5a40/repo-checkout/src/WDL/lice/lice.cpp:278:41: warning: conversion to ‘unsigned int’ from ‘int’ may change the sign of the result [-Wsign-conversion]
  278 |         const unsigned int cury = icury >> 16;
      |                                   ~~~~~~^~~~~
/workspace/scratch/286141ad5a40/repo-checkout/src/WDL/lice/lice.cpp:282:53: warning: conversion to ‘unsigned int’ from ‘int’ may change the sign of the result [-Wsign-conversion]
  282 |           const LICE_pixel_chan *inptr=src + cury * src_span;
      |                                                     ^~~~~~~~
/workspace/scratch/286141ad5a40/repo-checkout/src/WDL/lice/lice.cpp:287:42: warning: conversion to ‘unsigned int’ from ‘int’ may change the sign of the result [-Wsign-conversion]
  287 |             const unsigned int offs=curx >> 16;
      |                                     ~~~~~^~~~~
/workspace/scratch/286141ad5a40/repo-checkout/src/WDL/lice/lice.cpp: In instantiation of ‘static void _LICE_Template_Blit0<COMBFUNC>::scaleBlitFAST(LICE_pixel_chan*, const LICE_pixel_chan*, int, int, int, int, int, int, unsigned int, unsigned int, int, int) [with COMBFUNC = _LICE_CombinePixelsClobberFAST; LICE_pixel_chan = unsigned char]’:
/workspace/scratch/286141ad5a40/repo-checkout/src/WDL/lice/lice.cpp:1414:74:   required from here
/workspace/scratch/286141ad5a40/repo-checkout/src/WDL/lice/lice.cpp:278:41: warning: conversion to ‘unsigned int’ from ‘int’ may change the sign of the result [-Wsign-conversion]
  278 |         const unsigned int cury = icury >> 16;
      |                                   ~~~~~~^~~~~
/workspace/scratch/286141ad5a40/repo-checkout/src/WDL/lice/lice.cpp:282:53: warning: conversion to ‘unsigned int’ from ‘int’ may change the sign of the result [-Wsign-conversion]
  282 |           const LICE_pixel_chan *inptr=src + cury * src_span;
      |                                                     ^~~~~~~~
/workspace/scratch/286141ad5a40/repo-checkout/src/WDL/lice/lice.cpp:287:42: warning: conversion to ‘unsigned int’ from ‘int’ may change the sign of the result [-Wsign-conversion]
  287 |             const unsigned int offs=curx >> 16;
      |                                     ~~~~~^~~~~
/workspace/scratch/286141ad5a40/repo-checkout/src/WDL/lice/lice.cpp: In instantiation of ‘static void _LICE_Template_Blit2<COMBFUNC>::scaleBlit(LICE_pixel_chan*, const LICE_pixel_chan*, int, int, int, int, int, int, unsigned int, unsigned int, int, int, int, int) [with COMBFUNC = _LICE_CombinePixelsClobberClamp; LICE_pixel_chan = unsigned char]’:
/workspace/scratch/286141ad5a40/repo-checkout/src/WDL/lice/lice.cpp:1476:11:   required from here
/workspace/scratch/286141ad5a40/repo-checkout/src/WDL/lice/lice.cpp:492:43: warning: conversion to ‘unsigned int’ from ‘int’ may change the sign of the result [-Wsign-conversion]
  492 |           const unsigned int cury = icury >> 16;
      |                                     ~~~~~~^~~~~
/workspace/scratch/286141ad5a40/repo-checkout/src/WDL/lice/lice.cpp:495:53: warning: conversion to ‘unsigned int’ from ‘int’ may change the sign of the result [-Wsign-conversion]
  495 |           const LICE_pixel_chan *inptr=src + cury * src_span;
      |                                                     ^~~~~~~~
/workspace/scratch/286141ad5a40/repo-checkout/src/WDL/lice/lice.cpp:502:44: warning: conversion to ‘unsigned int’ from ‘int’ may change the sign of the result [-Wsign-conversion]
  502 |               const unsigned int offs=curx >> 16;
      |                                       ~~~~~^~~~~
/workspace/scratch/286141ad5a40/repo-checkout/src/WDL/lice/lice.cpp:507:81: warning: conversion to ‘unsigned int’ from ‘int’ may change the sign of the result [-Wsign-conversion]
  507 |                 __LICE_BilinearFilterI(&r,&g,&b,&a,pin,pin+src_span,curx&0xffff,yfrac);
      |                                                                                 ^~~~~
/workspace/scratch/286141ad5a40/repo-checkout/src/WDL/lice/lice.cpp:513:67: warning: conversion to ‘unsigned int’ from ‘int’ may change the sign of the result [-Wsign-conversion]
  513 |                 __LICE_LinearFilterI(&r,&g,&b,&a,pin,pin+src_span,yfrac);
      |                                                                   ^~~~~
/workspace/scratch/286141ad5a40/repo-checkout/src/WDL/lice/lice.cpp:525:44: warning: conversion to ‘unsigned int’ from ‘int’ may change the sign of the result [-Wsign-conversion]
  525 |               const unsigned int offs=curx >> 16;
      |                                       ~~~~~^~~~~
/workspace/scratch/286141ad5a40/repo-checkout/src/WDL/lice/lice.cpp:550:43: warning: conversion to ‘unsigned int’ from ‘int’ may change the sign of the result [-Wsign-conversion]
  550 |           const unsigned int cury = icury >> 16;
      |                                     ~~~~~~^~~~~
/workspace/scratch/286141ad5a40/repo-checkout/src/WDL/lice/lice.cpp:554:55: warning: conversion to ‘unsigned int’ from ‘int’ may change the sign of the result [-Wsign-conversion]
  554 |             const LICE_pixel_chan *inptr=src + cury * src_span;
      |                                                       ^~~~~~~~
/workspace/scratch/286141ad5a40/repo-checkout/src/WDL/lice/lice.cpp:559:44: warning: conversion to ‘unsigned int’ from ‘int’ may change the sign of the result [-Wsign-conversion]
  559 |               const unsigned int offs=curx >> 16;
      |                                       ~~~~~^~~~~
/workspace/scratch/286141ad5a40/repo-checkout/src/WDL/lice/lice.cpp: In instantiation of ‘static void _LICE_Template_Blit2<COMBFUNC>::scaleBlit(LICE_pixel_chan*, const LICE_pixel_chan*, int, int, int, int, int, int, unsigned int, unsigned int, int, int, int, int) [with COMBFUNC = _LICE_CombinePixelsCopyClamp; LICE_pixel_chan = unsigned char]’:
/workspace/scratch/286141ad5a40/repo-checkout/src/WDL/lice/lice.cpp:1476:11:   required from here
/workspace/scratch/286141ad5a40/repo-checkout/src/WDL/lice/lice.cpp:492:43: warning: conversion to ‘unsigned int’ from ‘int’ may change the sign of the result [-Wsign-conversion]
  492 |           const unsigned int cury = icury >> 16;
      |                                     ~~~~~~^~~~~
/workspace/scratch/286141ad5a40/repo-checkout/src/WDL/lice/lice.cpp:495:53: warning: conversion to ‘unsigned int’ from ‘int’ may change the sign of the result [-Wsign-conversion]
  495 |           const LICE_pixel_chan *inptr=src + cury * src_span;
      |                                                     ^~~~~~~~
/workspace/scratch/286141ad5a40/repo-checkout/src/WDL/lice/lice.cpp:502:44: warning: conversion to ‘unsigned int’ from ‘int’ may change the sign of the result [-Wsign-conversion]
  502 |               const unsigned int offs=curx >> 16;
      |                                       ~~~~~^~~~~
/workspace/scratch/286141ad5a40/repo-checkout/src/WDL/lice/lice.cpp:507:81: warning: conversion to ‘unsigned int’ from ‘int’ may change the sign of the result [-Wsign-conversion]
  507 |                 __LICE_BilinearFilterI(&r,&g,&b,&a,pin,pin+src_span,curx&0xffff,yfrac);
      |                                                                                 ^~~~~
/workspace/scratch/286141ad5a40/repo-checkout/src/WDL/lice/lice.cpp:513:67: warning: conversion to ‘unsigned int’ from ‘int’ may change the sign of the result [-Wsign-conversion]
  513 |                 __LICE_LinearFilterI(&r,&g,&b,&a,pin,pin+src_span,yfrac);
      |                                                                   ^~~~~
/workspace/scratch/286141ad5a40/repo-checkout/src/WDL/lice/lice.cpp:525:44: warning: conversion to ‘unsigned int’ from ‘int’ may change the sign of the result [-Wsign-conversion]
  525 |               const unsigned int offs=curx >> 16;
      |                                       ~~~~~^~~~~
/workspace/scratch/286141ad5a40/repo-checkout/src/WDL/lice/lice.cpp:550:43: warning: conversion to ‘unsigned int’ from ‘int’ may change the sign of the result [-Wsign-conversion]
  550 |           const unsigned int cury = icury >> 16;
      |                                     ~~~~~~^~~~~
/workspace/scratch/286141ad5a40/repo-checkout/src/WDL/lice/lice.cpp:554:55: warning: conversion to ‘unsigned int’ from ‘int’ may change the sign of the result [-Wsign-conversion]
  554 |             const LICE_pixel_chan *inptr=src + cury * src_span;
      |                                                       ^~~~~~~~
/workspace/scratch/286141ad5a40/repo-checkout/src/WDL/lice/lice.cpp:559:44: warning: conversion to ‘unsigned int’ from ‘int’ may change the sign of the result [-Wsign-conversion]
  559 |               const unsigned int offs=curx >> 16;
      |                                       ~~~~~^~~~~
/workspace/scratch/286141ad5a40/repo-checkout/src/WDL/lice/lice.cpp: In instantiation of ‘static void _LICE_Template_Blit2<COMBFUNC>::scaleBlit(LICE_pixel_chan*, const LICE_pixel_chan*, int, int, int, int, int, int, unsigned int, unsigned int, int, int, int, int) [with COMBFUNC = _LICE_CombinePixelsClobberNoClamp; LICE_pixel_chan = unsigned char]’:
/workspace/scratch/286141ad5a40/repo-checkout/src/WDL/lice/lice.cpp:1476:11:   required from here
/workspace/scratch/286141ad5a40/repo-checkout/src/WDL/lice/lice.cpp:492:43: warning: conversion to ‘unsigned int’ from ‘int’ may change the sign of the result [-Wsign-conversion]
  492 |           const unsigned int cury = icury >> 16;
      |                                     ~~~~~~^~~~~
/workspace/scratch/286141ad5a40/repo-checkout/src/WDL/lice/lice.cpp:495:53: warning: conversion to ‘unsigned int’ from ‘int’ may change the sign of the result [-Wsign-conversion]
  495 |           const LICE_pixel_chan *inptr=src + cury * src_span;
      |                                                     ^~~~~~~~
/workspace/scratch/286141ad5a40/repo-checkout/src/WDL/lice/lice.cpp:502:44: warning: conversion to ‘unsigned int’ from ‘int’ may change the sign of the result [-Wsign-conversion]
  502 |               const unsigned int offs=curx >> 16;
      |                                       ~~~~~^~~~~
/workspace/scratch/286141ad5a40/repo-checkout/src/WDL/lice/lice.cpp:507:81: warning: conversion to ‘unsigned int’ from ‘int’ may change the sign of the result [-Wsign-conversion]
  507 |                 __LICE_BilinearFilterI(&r,&g,&b,&a,pin,pin+src_span,curx&0xffff,yfrac);
      |                                                                                 ^~~~~
/workspace/scratch/286141ad5a40/repo-checkout/src/WDL/lice/lice.cpp:513:67: warning: conversion to ‘unsigned int’ from ‘int’ may change the sign of the result [-Wsign-conversion]
  513 |                 __LICE_LinearFilterI(&r,&g,&b,&a,pin,pin+src_span,yfrac);
      |                                                                   ^~~~~
/workspace/scratch/286141ad5a40/repo-checkout/src/WDL/lice/lice.cpp:525:44: warning: conversion to ‘unsigned int’ from ‘int’ may change the sign of the result [-Wsign-conversion]
  525 |               const unsigned int offs=curx >> 16;
      |                                       ~~~~~^~~~~
/workspace/scratch/286141ad5a40/repo-checkout/src/WDL/lice/lice.cpp:550:43: warning: conversion to ‘unsigned int’ from ‘int’ may change the sign of the result [-Wsign-conversion]
  550 |           const unsigned int cury = icury >> 16;
      |                                     ~~~~~~^~~~~
/workspace/scratch/286141ad5a40/repo-checkout/src/WDL/lice/lice.cpp:554:55: warning: conversion to ‘unsigned int’ from ‘int’ may change the sign of the result [-Wsign-conversion]
  554 |             const LICE_pixel_chan *inptr=src + cury * src_span;
      |                                                       ^~~~~~~~
/workspace/scratch/286141ad5a40/repo-checkout/src/WDL/lice/lice.cpp:559:44: warning: conversion to ‘unsigned int’ from ‘int’ may change the sign of the result [-Wsign-conversion]
  559 |               const unsigned int offs=curx >> 16;
      |                                       ~~~~~^~~~~
/workspace/scratch/286141ad5a40/repo-checkout/src/WDL/lice/lice.cpp: In instantiation of ‘static void _LICE_Template_Blit2<COMBFUNC>::scaleBlit(LICE_pixel_chan*, const LICE_pixel_chan*, int, int, int, int, int, int, unsigned int, unsigned int, int, int, int, int) [with COMBFUNC = _LICE_CombinePixelsCopyNoClamp; LICE_pixel_chan = unsigned char]’:
/workspace/scratch/286141ad5a40/repo-checkout/src/WDL/lice/lice.cpp:1476:11:   required from here
/workspace/scratch/286141ad5a40/repo-checkout/src/WDL/lice/lice.cpp:492:43: warning: conversion to ‘unsigned int’ from ‘int’ may change the sign of the result [-Wsign-conversion]
  492 |           const unsigned int cury = icury >> 16;
      |                                     ~~~~~~^~~~~
/workspace/scratch/286141ad5a40/repo-checkout/src/WDL/lice/lice.cpp:495:53: warning: conversion to ‘unsigned int’ from ‘int’ may change the sign of the result [-Wsign-conversion]
  495 |           const LICE_pixel_chan *inptr=src + cury * src_span;
      |                                                     ^~~~~~~~
/workspace/scratch/286141ad5a40/repo-checkout/src/WDL/lice/lice.cpp:502:44: warning: conversion to ‘unsigned int’ from ‘int’ may change the sign of the result [-Wsign-conversion]
  502 |               const unsigned int offs=curx >> 16;
      |                                       ~~~~~^~~~~
/workspace/scratch/286141ad5a40/repo-checkout/src/WDL/lice/lice.cpp:507:81: warning: conversion to ‘unsigned int’ from ‘int’ may change the sign of the result [-Wsign-conversion]
  507 |                 __LICE_BilinearFilterI(&r,&g,&b,&a,pin,pin+src_span,curx&0xffff,yfrac);
      |                                                                                 ^~~~~
/workspace/scratch/286141ad5a40/repo-checkout/src/WDL/lice/lice.cpp:513:67: warning: conversion to ‘unsigned int’ from ‘int’ may change the sign of the result [-Wsign-conversion]
  513 |                 __LICE_LinearFilterI(&r,&g,&b,&a,pin,pin+src_span,yfrac);
      |                                                                   ^~~~~
/workspace/scratch/286141ad5a40/repo-checkout/src/WDL/lice/lice.cpp:525:44: warning: conversion to ‘unsigned int’ from ‘int’ may change the sign of the result [-Wsign-conversion]
  525 |               const unsigned int offs=curx >> 16;
      |                                       ~~~~~^~~~~
/workspace/scratch/286141ad5a40/repo-checkout/src/WDL/lice/lice.cpp:550:43: warning: conversion to ‘unsigned int’ from ‘int’ may change the sign of the result [-Wsign-conversion]
  550 |           const unsigned int cury = icury >> 16;
      |                                     ~~~~~~^~~~~
/workspace/scratch/286141ad5a40/repo-checkout/src/WDL/lice/lice.cpp:554:55: warning: conversion to ‘unsigned int’ from ‘int’ may change the sign of the result [-Wsign-conversion]
  554 |             const LICE_pixel_chan *inptr=src + cury * src_span;
      |                                                       ^~~~~~~~
/workspace/scratch/286141ad5a40/repo-checkout/src/WDL/lice/lice.cpp:559:44: warning: conversion to ‘unsigned int’ from ‘int’ may change the sign of the result [-Wsign-conversion]
  559 |               const unsigned int offs=curx >> 16;
      |                                       ~~~~~^~~~~
/workspace/scratch/286141ad5a40/repo-checkout/src/WDL/lice/lice.cpp: In instantiation of ‘static void _LICE_Template_Blit2<COMBFUNC>::scaleBlit(LICE_pixel_chan*, const LICE_pixel_chan*, int, int, int, int, int, int, unsigned int, unsigned int, int, int, int, int) [with COMBFUNC = _LICE_CombinePixelsAdd; LICE_pixel_chan = unsigned char]’:
/workspace/scratch/286141ad5a40/repo-checkout/src/WDL/lice/lice.cpp:1476:11:   required from here
/workspace/scratch/286141ad5a40/repo-checkout/src/WDL/lice/lice.cpp:492:43: warning: conversion to ‘unsigned int’ from ‘int’ may change the sign of the result [-Wsign-conversion]
  492 |           const unsigned int cury = icury >> 16;
      |                                     ~~~~~~^~~~~
/workspace/scratch/286141ad5a40/repo-checkout/src/WDL/lice/lice.cpp:495:53: warning: conversion to ‘unsigned int’ from ‘int’ may change the sign of the result [-Wsign-conversion]
  495 |           const LICE_pixel_chan *inptr=src + cury * src_span;
      |                                                     ^~~~~~~~
/workspace/scratch/286141ad5a40/repo-checkout/src/WDL/lice/lice.cpp:502:44: warning: conversion to ‘unsigned int’ from ‘int’ may change the sign of the result [-Wsign-conversion]
  502 |               const unsigned int offs=curx >> 16;
      |                                       ~~~~~^~~~~
/workspace/scratch/286141ad5a40/repo-checkout/src/WDL/lice/lice.cpp:507:81: warning: conversion to ‘unsigned int’ from ‘int’ may change the sign of the result [-Wsign-conversion]
  507 |                 __LICE_BilinearFilterI(&r,&g,&b,&a,pin,pin+src_span,curx&0xffff,yfrac);
      |                                                                                 ^~~~~
/workspace/scratch/286141ad5a40/repo-checkout/src/WDL/lice/lice.cpp:513:67: warning: conversion to ‘unsigned int’ from ‘int’ may change the sign of the result [-Wsign-conversion]
  513 |                 __LICE_LinearFilterI(&r,&g,&b,&a,pin,pin+src_span,yfrac);
      |                                                                   ^~~~~
/workspace/scratch/286141ad5a40/repo-checkout/src/WDL/lice/lice.cpp:525:44: warning: conversion to ‘unsigned int’ from ‘int’ may change the sign of the result [-Wsign-conversion]
  525 |               const unsigned int offs=curx >> 16;
      |                                       ~~~~~^~~~~
/workspace/scratch/286141ad5a40/repo-checkout/src/WDL/lice/lice.cpp:550:43: warning: conversion to ‘unsigned int’ from ‘int’ may change the sign of the result [-Wsign-conversion]
  550 |           const unsigned int cury = icury >> 16;
      |                                     ~~~~~~^~~~~
/workspace/scratch/286141ad5a40/repo-checkout/src/WDL/lice/lice.cpp:554:55: warning: conversion to ‘unsigned int’ from ‘int’ may change the sign of the result [-Wsign-conversion]
  554 |             const LICE_pixel_chan *inptr=src + cury * src_span;
      |                                                       ^~~~~~~~
/workspace/scratch/286141ad5a40/repo-checkout/src/WDL/lice/lice.cpp:559:44: warning: conversion to ‘unsigned int’ from ‘int’ may change the sign of the result [-Wsign-conversion]
  559 |               const unsigned int offs=curx >> 16;
      |                                       ~~~~~^~~~~
/workspace/scratch/286141ad5a40/repo-checkout/src/WDL/lice/lice.cpp: In instantiation of ‘static void _LICE_Template_Blit2<COMBFUNC>::scaleBlit(LICE_pixel_chan*, const LICE_pixel_chan*, int, int, int, int, int, int, unsigned int, unsigned int, int, int, int, int) [with COMBFUNC = _LICE_CombinePixelsColorDodge; LICE_pixel_chan = unsigned char]’:
/workspace/scratch/286141ad5a40/repo-checkout/src/WDL/lice/lice.cpp:1476:11:   required from here
/workspace/scratch/286141ad5a40/repo-checkout/src/WDL/lice/lice.cpp:492:43: warning: conversion to ‘unsigned int’ from ‘int’ may change the sign of the result [-Wsign-conversion]
  492 |           const unsigned int cury = icury >> 16;
      |                                     ~~~~~~^~~~~
/workspace/scratch/286141ad5a40/repo-checkout/src/WDL/lice/lice.cpp:495:53: warning: conversion to ‘unsigned int’ from ‘int’ may change the sign of the result [-Wsign-conversion]
  495 |           const LICE_pixel_chan *inptr=src + cury * src_span;
      |                                                     ^~~~~~~~
/workspace/scratch/286141ad5a40/repo-checkout/src/WDL/lice/lice.cpp:502:44: warning: conversion to ‘unsigned int’ from ‘int’ may change the sign of the result [-Wsign-conversion]
  502 |               const unsigned int offs=curx >> 16;
      |                                       ~~~~~^~~~~
/workspace/scratch/286141ad5a40/repo-checkout/src/WDL/lice/lice.cpp:507:81: warning: conversion to ‘unsigned int’ from ‘int’ may change the sign of the result [-Wsign-conversion]
  507 |                 __LICE_BilinearFilterI(&r,&g,&b,&a,pin,pin+src_span,curx&0xffff,yfrac);
      |                                                                                 ^~~~~
/workspace/scratch/286141ad5a40/repo-checkout/src/WDL/lice/lice.cpp:513:67: warning: conversion to ‘unsigned int’ from ‘int’ may change the sign of the result [-Wsign-conversion]
  513 |                 __LICE_LinearFilterI(&r,&g,&b,&a,pin,pin+src_span,yfrac);
      |                                                                   ^~~~~
/workspace/scratch/286141ad5a40/repo-checkout/src/WDL/lice/lice.cpp:525:44: warning: conversion to ‘unsigned int’ from ‘int’ may change the sign of the result [-Wsign-conversion]
  525 |               const unsigned int offs=curx >> 16;
      |                                       ~~~~~^~~~~
/workspace/scratch/286141ad5a40/repo-checkout/src/WDL/lice/lice.cpp:550:43: warning: conversion to ‘unsigned int’ from ‘int’ may change the sign of the result [-Wsign-conversion]
  550 |           const unsigned int cury = icury >> 16;
      |                                     ~~~~~~^~~~~
/workspace/scratch/286141ad5a40/repo-checkout/src/WDL/lice/lice.cpp:554:55: warning: conversion to ‘unsigned int’ from ‘int’ may change the sign of the result [-Wsign-conversion]
  554 |             const LICE_pixel_chan *inptr=src + cury * src_span;
      |                                                       ^~~~~~~~
/workspace/scratch/286141ad5a40/repo-checkout/src/WDL/lice/lice.cpp:559:44: warning: conversion to ‘unsigned int’ from ‘int’ may change the sign of the result [-Wsign-conversion]
  559 |               const unsigned int offs=curx >> 16;
      |                                       ~~~~~^~~~~
/workspace/scratch/286141ad5a40/repo-checkout/src/WDL/lice/lice.cpp: In instantiation of ‘static void _LICE_Template_Blit2<COMBFUNC>::scaleBlit(LICE_pixel_chan*, const LICE_pixel_chan*, int, int, int, int, int, int, unsigned int, unsigned int, int, int, int, int) [with COMBFUNC = _LICE_CombinePixelsMulClamp; LICE_pixel_chan = unsigned char]’:
/workspace/scratch/286141ad5a40/repo-checkout/src/WDL/lice/lice.cpp:1476:11:   required from here
/workspace/scratch/286141ad5a40/repo-checkout/src/WDL/lice/lice.cpp:492:43: warning: conversion to ‘unsigned int’ from ‘int’ may change the sign of the result [-Wsign-conversion]
  492 |           const unsigned int cury = icury >> 16;
      |                                     ~~~~~~^~~~~
/workspace/scratch/286141ad5a40/repo-checkout/src/WDL/lice/lice.cpp:495:53: warning: conversion to ‘unsigned int’ from ‘int’ may change the sign of the result [-Wsign-conversion]
  495 |           const LICE_pixel_chan *inptr=src + cury * src_span;
      |                                                     ^~~~~~~~
/workspace/scratch/286141ad5a40/repo-checkout/src/WDL/lice/lice.cpp:502:44: warning: conversion to ‘unsigned int’ from ‘int’ may change the sign of the result [-Wsign-conversion]
  502 |               const unsigned int offs=curx >> 16;
      |                                       ~~~~~^~~~~
/workspace/scratch/286141ad5a40/repo-checkout/src/WDL/lice/lice.cpp:507:81: warning: conversion to ‘unsigned int’ from ‘int’ may change the sign of the result [-Wsign-conversion]
  507 |                 __LICE_BilinearFilterI(&r,&g,&b,&a,pin,pin+src_span,curx&0xffff,yfrac);
      |                                                                                 ^~~~~
/workspace/scratch/286141ad5a40/repo-checkout/src/WDL/lice/lice.cpp:513:67: warning: conversion to ‘unsigned int’ from ‘int’ may change the sign of the result [-Wsign-conversion]
  513 |                 __LICE_LinearFilterI(&r,&g,&b,&a,pin,pin+src_span,yfrac);
      |                                                                   ^~~~~
/workspace/scratch/286141ad5a40/repo-checkout/src/WDL/lice/lice.cpp:525:44: warning: conversion to ‘unsigned int’ from ‘int’ may change the sign of the result [-Wsign-conversion]
  525 |               const unsigned int offs=curx >> 16;
      |                                       ~~~~~^~~~~
/workspace/scratch/286141ad5a40/repo-checkout/src/WDL/lice/lice.cpp:550:43: warning: conversion to ‘unsigned int’ from ‘int’ may change the sign of the result [-Wsign-conversion]
  550 |           const unsigned int cury = icury >> 16;
      |                                     ~~~~~~^~~~~
/workspace/scratch/286141ad5a40/repo-checkout/src/WDL/lice/lice.cpp:554:55: warning: conversion to ‘unsigned int’ from ‘int’ may change the sign of the result [-Wsign-conversion]
  554 |             const LICE_pixel_chan *inptr=src + cury * src_span;
      |                                                       ^~~~~~~~
/workspace/scratch/286141ad5a40/repo-checkout/src/WDL/lice/lice.cpp:559:44: warning: conversion to ‘unsigned int’ from ‘int’ may change the sign of the result [-Wsign-conversion]
  559 |               const unsigned int offs=curx >> 16;
      |                                       ~~~~~^~~~~
/workspace/scratch/286141ad5a40/repo-checkout/src/WDL/lice/lice.cpp: In instantiation of ‘static void _LICE_Template_Blit2<COMBFUNC>::scaleBlit(LICE_pixel_chan*, const LICE_pixel_chan*, int, int, int, int, int, int, unsigned int, unsigned int, int, int, int, int) [with COMBFUNC = _LICE_CombinePixelsMulNoClamp; LICE_pixel_chan = unsigned char]’:
/workspace/scratch/286141ad5a40/repo-checkout/src/WDL/lice/lice.cpp:1476:11:   required from here
/workspace/scratch/286141ad5a40/repo-checkout/src/WDL/lice/lice.cpp:492:43: warning: conversion to ‘unsigned int’ from ‘int’ may change the sign of the result [-Wsign-conversion]
  492 |           const unsigned int cury = icury >> 16;
      |                                     ~~~~~~^~~~~
/workspace/scratch/286141ad5a40/repo-checkout/src/WDL/lice/lice.cpp:495:53: warning: conversion to ‘unsigned int’ from ‘int’ may change the sign of the result [-Wsign-conversion]
  495 |           const LICE_pixel_chan *inptr=src + cury * src_span;
      |                                                     ^~~~~~~~
/workspace/scratch/286141ad5a40/repo-checkout/src/WDL/lice/lice.cpp:502:44: warning: conversion to ‘unsigned int’ from ‘int’ may change the sign of the result [-Wsign-conversion]
  502 |               const unsigned int offs=curx >> 16;
      |                                       ~~~~~^~~~~
/workspace/scratch/286141ad5a40/repo-checkout/src/WDL/lice/lice.cpp:507:81: warning: conversion to ‘unsigned int’ from ‘int’ may change the sign of the result [-Wsign-conversion]
  507 |                 __LICE_BilinearFilterI(&r,&g,&b,&a,pin,pin+src_span,curx&0xffff,yfrac);
      |                                                                                 ^~~~~
/workspace/scratch/286141ad5a40/repo-checkout/src/WDL/lice/lice.cpp:513:67: warning: conversion to ‘unsigned int’ from ‘int’ may change the sign of the result [-Wsign-conversion]
  513 |                 __LICE_LinearFilterI(&r,&g,&b,&a,pin,pin+src_span,yfrac);
      |                                                                   ^~~~~
/workspace/scratch/286141ad5a40/repo-checkout/src/WDL/lice/lice.cpp:525:44: warning: conversion to ‘unsigned int’ from ‘int’ may change the sign of the result [-Wsign-conversion]
  525 |               const unsigned int offs=curx >> 16;
      |                                       ~~~~~^~~~~
/workspace/scratch/286141ad5a40/repo-checkout/src/WDL/lice/lice.cpp:550:43: warning: conversion to ‘unsigned int’ from ‘int’ may change the sign of the result [-Wsign-conversion]
  550 |           const unsigned int cury = icury >> 16;
      |                                     ~~~~~~^~~~~
/workspace/scratch/286141ad5a40/repo-checkout/src/WDL/lice/lice.cpp:554:55: warning: conversion to ‘unsigned int’ from ‘int’ may change the sign of the result [-Wsign-conversion]
  554 |             const LICE_pixel_chan *inptr=src + cury * src_span;
      |                                                       ^~~~~~~~
/workspace/scratch/286141ad5a40/repo-checkout/src/WDL/lice/lice.cpp:559:44: warning: conversion to ‘unsigned int’ from ‘int’ may change the sign of the result [-Wsign-conversion]
  559 |               const unsigned int offs=curx >> 16;
      |                                       ~~~~~^~~~~
/workspace/scratch/286141ad5a40/repo-checkout/src/WDL/lice/lice.cpp: In instantiation of ‘static void _LICE_Template_Blit2<COMBFUNC>::scaleBlit(LICE_pixel_chan*, const LICE_pixel_chan*, int, int, int, int, int, int, unsigned int, unsigned int, int, int, int, int) [with COMBFUNC = _LICE_CombinePixelsOverlay; LICE_pixel_chan = unsigned char]’:
/workspace/scratch/286141ad5a40/repo-checkout/src/WDL/lice/lice.cpp:1476:11:   required from here
/workspace/scratch/286141ad5a40/repo-checkout/src/WDL/lice/lice.cpp:492:43: warning: conversion to ‘unsigned int’ from ‘int’ may change the sign of the result [-Wsign-conversion]
  492 |           const unsigned int cury = icury >> 16;
      |                                     ~~~~~~^~~~~
/workspace/scratch/286141ad5a40/repo-checkout/src/WDL/lice/lice.cpp:495:53: warning: conversion to ‘unsigned int’ from ‘int’ may change the sign of the result [-Wsign-conversion]
  495 |           const LICE_pixel_chan *inptr=src + cury * src_span;
      |                                                     ^~~~~~~~
/workspace/scratch/286141ad5a40/repo-checkout/src/WDL/lice/lice.cpp:502:44: warning: conversion to ‘unsigned int’ from ‘int’ may change the sign of the result [-Wsign-conversion]
  502 |               const unsigned int offs=curx >> 16;
      |                                       ~~~~~^~~~~
/workspace/scratch/286141ad5a40/repo-checkout/src/WDL/lice/lice.cpp:507:81: warning: conversion to ‘unsigned int’ from ‘int’ may change the sign of the result [-Wsign-conversion]
  507 |                 __LICE_BilinearFilterI(&r,&g,&b,&a,pin,pin+src_span,curx&0xffff,yfrac);
      |                                                                                 ^~~~~
/workspace/scratch/286141ad5a40/repo-checkout/src/WDL/lice/lice.cpp:513:67: warning: conversion to ‘unsigned int’ from ‘int’ may change the sign of the result [-Wsign-conversion]
  513 |                 __LICE_LinearFilterI(&r,&g,&b,&a,pin,pin+src_span,yfrac);
      |                                                                   ^~~~~
/workspace/scratch/286141ad5a40/repo-checkout/src/WDL/lice/lice.cpp:525:44: warning: conversion to ‘unsigned int’ from ‘int’ may change the sign of the result [-Wsign-conversion]
  525 |               const unsigned int offs=curx >> 16;
      |                                       ~~~~~^~~~~
/workspace/scratch/286141ad5a40/repo-checkout/src/WDL/lice/lice.cpp:550:43: warning: conversion to ‘unsigned int’ from ‘int’ may change the sign of the result [-Wsign-conversion]
  550 |           const unsigned int cury = icury >> 16;
      |                                     ~~~~~~^~~~~
/workspace/scratch/286141ad5a40/repo-checkout/src/WDL/lice/lice.cpp:554:55: warning: conversion to ‘unsigned int’ from ‘int’ may change the sign of the result [-Wsign-conversion]
  554 |             const LICE_pixel_chan *inptr=src + cury * src_span;
      |                                                       ^~~~~~~~
/workspace/scratch/286141ad5a40/repo-checkout/src/WDL/lice/lice.cpp:559:44: warning: conversion to ‘unsigned int’ from ‘int’ may change the sign of the result [-Wsign-conversion]
  559 |               const unsigned int offs=curx >> 16;
      |                                       ~~~~~^~~~~
/workspace/scratch/286141ad5a40/repo-checkout/src/WDL/lice/lice.cpp: In instantiation of ‘static void _LICE_Template_Blit2<COMBFUNC>::scaleBlit(LICE_pixel_chan*, const LICE_pixel_chan*, int, int, int, int, int, int, unsigned int, unsigned int, int, int, int, int) [with COMBFUNC = _LICE_CombinePixelsHSVAdjust; LICE_pixel_chan = unsigned char]’:
/workspace/scratch/286141ad5a40/repo-checkout/src/WDL/lice/lice.cpp:1476:11:   required from here
/workspace/scratch/286141ad5a40/repo-checkout/src/WDL/lice/lice.cpp:492:43: warning: conversion to ‘unsigned int’ from ‘int’ may change the sign of the result [-Wsign-conversion]
  492 |           const unsigned int cury = icury >> 16;
      |                                     ~~~~~~^~~~~
/workspace/scratch/286141ad5a40/repo-checkout/src/WDL/lice/lice.cpp:495:53: warning: conversion to ‘unsigned int’ from ‘int’ may change the sign of the result [-Wsign-conversion]
  495 |           const LICE_pixel_chan *inptr=src + cury * src_span;
      |                                                     ^~~~~~~~
/workspace/scratch/286141ad5a40/repo-checkout/src/WDL/lice/lice.cpp:502:44: warning: conversion to ‘unsigned int’ from ‘int’ may change the sign of the result [-Wsign-conversion]
  502 |               const unsigned int offs=curx >> 16;
      |                                       ~~~~~^~~~~
/workspace/scratch/286141ad5a40/repo-checkout/src/WDL/lice/lice.cpp:507:81: warning: conversion to ‘unsigned int’ from ‘int’ may change the sign of the result [-Wsign-conversion]
  507 |                 __LICE_BilinearFilterI(&r,&g,&b,&a,pin,pin+src_span,curx&0xffff,yfrac);
      |                                                                                 ^~~~~
/workspace/scratch/286141ad5a40/repo-checkout/src/WDL/lice/lice.cpp:513:67: warning: conversion to ‘unsigned int’ from ‘int’ may change the sign of the result [-Wsign-conversion]
  513 |                 __LICE_LinearFilterI(&r,&g,&b,&a,pin,pin+src_span,yfrac);
      |                                                                   ^~~~~
/workspace/scratch/286141ad5a40/repo-checkout/src/WDL/lice/lice.cpp:525:44: warning: conversion to ‘unsigned int’ from ‘int’ may change the sign of the result [-Wsign-conversion]
  525 |               const unsigned int offs=curx >> 16;
      |                                       ~~~~~^~~~~
/workspace/scratch/286141ad5a40/repo-checkout/src/WDL/lice/lice.cpp:550:43: warning: conversion to ‘unsigned int’ from ‘int’ may change the sign of the result [-Wsign-conversion]
  550 |           const unsigned int cury = icury >> 16;
      |                                     ~~~~~~^~~~~
/workspace/scratch/286141ad5a40/repo-checkout/src/WDL/lice/lice.cpp:554:55: warning: conversion to ‘unsigned int’ from ‘int’ may change the sign of the result [-Wsign-conversion]
  554 |             const LICE_pixel_chan *inptr=src + cury * src_span;
      |                                                       ^~~~~~~~
/workspace/scratch/286141ad5a40/repo-checkout/src/WDL/lice/lice.cpp:559:44: warning: conversion to ‘unsigned int’ from ‘int’ may change the sign of the result [-Wsign-conversion]
  559 |               const unsigned int offs=curx >> 16;
      |                                       ~~~~~^~~~~
/workspace/scratch/286141ad5a40/repo-checkout/src/WDL/lice/lice.cpp: In instantiation of ‘static void _LICE_Template_Blit2<COMBFUNC>::scaleBlit(LICE_pixel_chan*, const LICE_pixel_chan*, int, int, int, int, int, int, unsigned int, unsigned int, int, int, int, int) [with COMBFUNC = _LICE_CombinePixelsCopySourceAlphaIgnoreAlphaParmClamp; LICE_pixel_chan = unsigned char]’:
/workspace/scratch/286141ad5a40/repo-checkout/src/WDL/lice/lice.cpp:1476:11:   required from here
/workspace/scratch/286141ad5a40/repo-checkout/src/WDL/lice/lice.cpp:492:43: warning: conversion to ‘unsigned int’ from ‘int’ may change the sign of the result [-Wsign-conversion]
  492 |           const unsigned int cury = icury >> 16;
      |                                     ~~~~~~^~~~~
/workspace/scratch/286141ad5a40/repo-checkout/src/WDL/lice/lice.cpp:495:53: warning: conversion to ‘unsigned int’ from ‘int’ may change the sign of the result [-Wsign-conversion]
  495 |           const LICE_pixel_chan *inptr=src + cury * src_span;
      |                                                     ^~~~~~~~
/workspace/scratch/286141ad5a40/repo-checkout/src/WDL/lice/lice.cpp:502:44: warning: conversion to ‘unsigned int’ from ‘int’ may change the sign of the result [-Wsign-conversion]
  502 |               const unsigned int offs=curx >> 16;
      |                                       ~~~~~^~~~~
/workspace/scratch/286141ad5a40/repo-checkout/src/WDL/lice/lice.cpp:507:81: warning: conversion to ‘unsigned int’ from ‘int’ may change the sign of the result [-Wsign-conversion]
  507 |                 __LICE_BilinearFilterI(&r,&g,&b,&a,pin,pin+src_span,curx&0xffff,yfrac);
      |                                                                                 ^~~~~
/workspace/scratch/286141ad5a40/repo-checkout/src/WDL/lice/lice.cpp:513:67: warning: conversion to ‘unsigned int’ from ‘int’ may change the sign of the result [-Wsign-conversion]
  513 |                 __LICE_LinearFilterI(&r,&g,&b,&a,pin,pin+src_span,yfrac);
      |                                                                   ^~~~~
/workspace/scratch/286141ad5a40/repo-checkout/src/WDL/lice/lice.cpp:525:44: warning: conversion to ‘unsigned int’ from ‘int’ may change the sign of the result [-Wsign-conversion]
  525 |               const unsigned int offs=curx >> 16;
      |                                       ~~~~~^~~~~
/workspace/scratch/286141ad5a40/repo-checkout/src/WDL/lice/lice.cpp:550:43: warning: conversion to ‘unsigned int’ from ‘int’ may change the sign of the result [-Wsign-conversion]
  550 |           const unsigned int cury = icury >> 16;
      |                                     ~~~~~~^~~~~
/workspace/scratch/286141ad5a40/repo-checkout/src/WDL/lice/lice.cpp:554:55: warning: conversion to ‘unsigned int’ from ‘int’ may change the sign of the result [-Wsign-conversion]
  554 |             const LICE_pixel_chan *inptr=src + cury * src_span;
      |                                                       ^~~~~~~~
/workspace/scratch/286141ad5a40/repo-checkout/src/WDL/lice/lice.cpp:559:44: warning: conversion to ‘unsigned int’ from ‘int’ may change the sign of the result [-Wsign-conversion]
  559 |               const unsigned int offs=curx >> 16;
      |                                       ~~~~~^~~~~
/workspace/scratch/286141ad5a40/repo-checkout/src/WDL/lice/lice.cpp: In instantiation of ‘static void _LICE_Template_Blit2<COMBFUNC>::scaleBlit(LICE_pixel_chan*, const LICE_pixel_chan*, int, int, int, int, int, int, unsigned int, unsigned int, int, int, int, int) [with COMBFUNC = _LICE_CombinePixelsCopySourceAlphaClamp; LICE_pixel_chan = unsigned char]’:
/workspace/scratch/286141ad5a40/repo-checkout/src/WDL/lice/lice.cpp:1476:11:   required from here
/workspace/scratch/286141ad5a40/repo-checkout/src/WDL/lice/lice.cpp:492:43: warning: conversion to ‘unsigned int’ from ‘int’ may change the sign of the result [-Wsign-conversion]
  492 |           const unsigned int cury = icury >> 16;
      |                                     ~~~~~~^~~~~
/workspace/scratch/286141ad5a40/repo-checkout/src/WDL/lice/lice.cpp:495:53: warning: conversion to ‘unsigned int’ from ‘int’ may change the sign of the result [-Wsign-conversion]
  495 |           const LICE_pixel_chan *inptr=src + cury * src_span;
      |                                                     ^~~~~~~~
/workspace/scratch/286141ad5a40/repo-checkout/src/WDL/lice/lice.cpp:502:44: warning: conversion to ‘unsigned int’ from ‘int’ may change the sign of the result [-Wsign-conversion]
  502 |               const unsigned int offs=curx >> 16;
      |                                       ~~~~~^~~~~
/workspace/scratch/286141ad5a40/repo-checkout/src/WDL/lice/lice.cpp:507:81: warning: conversion to ‘unsigned int’ from ‘int’ may change the sign of the result [-Wsign-conversion]
  507 |                 __LICE_BilinearFilterI(&r,&g,&b,&a,pin,pin+src_span,curx&0xffff,yfrac);
      |                                                                                 ^~~~~
/workspace/scratch/286141ad5a40/repo-checkout/src/WDL/lice/lice.cpp:513:67: warning: conversion to ‘unsigned int’ from ‘int’ may change the sign of the result [-Wsign-conversion]
  513 |                 __LICE_LinearFilterI(&r,&g,&b,&a,pin,pin+src_span,yfrac);
      |                                                                   ^~~~~
/workspace/scratch/286141ad5a40/repo-checkout/src/WDL/lice/lice.cpp:525:44: warning: conversion to ‘unsigned int’ from ‘int’ may change the sign of the result [-Wsign-conversion]
  525 |               const unsigned int offs=curx >> 16;
      |                                       ~~~~~^~~~~
/workspace/scratch/286141ad5a40/repo-checkout/src/WDL/lice/lice.cpp:550:43: warning: conversion to ‘unsigned int’ from ‘int’ may change the sign of the result [-Wsign-conversion]
  550 |           const unsigned int cury = icury >> 16;
      |                                     ~~~~~~^~~~~
/workspace/scratch/286141ad5a40/repo-checkout/src/WDL/lice/lice.cpp:554:55: warning: conversion to ‘unsigned int’ from ‘int’ may change the sign of the result [-Wsign-conversion]
  554 |             const LICE_pixel_chan *inptr=src + cury * src_span;
      |                                                       ^~~~~~~~
/workspace/scratch/286141ad5a40/repo-checkout/src/WDL/lice/lice.cpp:559:44: warning: conversion to ‘unsigned int’ from ‘int’ may change the sign of the result [-Wsign-conversion]
  559 |               const unsigned int offs=curx >> 16;
      |                                       ~~~~~^~~~~
/workspace/scratch/286141ad5a40/repo-checkout/src/WDL/lice/lice.cpp: In instantiation of ‘static void _LICE_Template_Blit2<COMBFUNC>::scaleBlit(LICE_pixel_chan*, const LICE_pixel_chan*, int, int, int, int, int, int, unsigned int, unsigned int, int, int, int, int) [with COMBFUNC = _LICE_CombinePixelsCopySourceAlphaIgnoreAlphaParmNoClamp; LICE_pixel_chan = unsigned char]’:
/workspace/scratch/286141ad5a40/repo-checkout/src/WDL/lice/lice.cpp:1476:11:   required from here
/workspace/scratch/286141ad5a40/repo-checkout/src/WDL/lice/lice.cpp:492:43: warning: conversion to ‘unsigned int’ from ‘int’ may change the sign of the result [-Wsign-conversion]
  492 |           const unsigned int cury = icury >> 16;
      |                                     ~~~~~~^~~~~
/workspace/scratch/286141ad5a40/repo-checkout/src/WDL/lice/lice.cpp:495:53: warning: conversion to ‘unsigned int’ from ‘int’ may change the sign of the result [-Wsign-conversion]
  495 |           const LICE_pixel_chan *inptr=src + cury * src_span;
      |                                                     ^~~~~~~~
/workspace/scratch/286141ad5a40/repo-checkout/src/WDL/lice/lice.cpp:502:44: warning: conversion to ‘unsigned int’ from ‘int’ may change the sign of the result [-Wsign-conversion]
  502 |               const unsigned int offs=curx >> 16;
      |                                       ~~~~~^~~~~
/workspace/scratch/286141ad5a40/repo-checkout/src/WDL/lice/lice.cpp:507:81: warning: conversion to ‘unsigned int’ from ‘int’ may change the sign of the result [-Wsign-conversion]
  507 |                 __LICE_BilinearFilterI(&r,&g,&b,&a,pin,pin+src_span,curx&0xffff,yfrac);
      |                                                                                 ^~~~~
/workspace/scratch/286141ad5a40/repo-checkout/src/WDL/lice/lice.cpp:513:67: warning: conversion to ‘unsigned int’ from ‘int’ may change the sign of the result [-Wsign-conversion]
  513 |                 __LICE_LinearFilterI(&r,&g,&b,&a,pin,pin+src_span,yfrac);
      |                                                                   ^~~~~
/workspace/scratch/286141ad5a40/repo-checkout/src/WDL/lice/lice.cpp:525:44: warning: conversion to ‘unsigned int’ from ‘int’ may change the sign of the result [-Wsign-conversion]
  525 |               const unsigned int offs=curx >> 16;
      |                                       ~~~~~^~~~~
/workspace/scratch/286141ad5a40/repo-checkout/src/WDL/lice/lice.cpp:550:43: warning: conversion to ‘unsigned int’ from ‘int’ may change the sign of the result [-Wsign-conversion]
  550 |           const unsigned int cury = icury >> 16;
      |                                     ~~~~~~^~~~~
/workspace/scratch/286141ad5a40/repo-checkout/src/WDL/lice/lice.cpp:554:55: warning: conversion to ‘unsigned int’ from ‘int’ may change the sign of the result [-Wsign-conversion]
  554 |             const LICE_pixel_chan *inptr=src + cury * src_span;
      |                                                       ^~~~~~~~
/workspace/scratch/286141ad5a40/repo-checkout/src/WDL/lice/lice.cpp:559:44: warning: conversion to ‘unsigned int’ from ‘int’ may change the sign of the result [-Wsign-conversion]
  559 |               const unsigned int offs=curx >> 16;
      |                                       ~~~~~^~~~~
/workspace/scratch/286141ad5a40/repo-checkout/src/WDL/lice/lice.cpp: In instantiation of ‘static void _LICE_Template_Blit2<COMBFUNC>::scaleBlit(LICE_pixel_chan*, const LICE_pixel_chan*, int, int, int, int, int, int, unsigned int, unsigned int, int, int, int, int) [with COMBFUNC = _LICE_CombinePixelsCopySourceAlphaNoClamp; LICE_pixel_chan = unsigned char]’:
/workspace/scratch/286141ad5a40/repo-checkout/src/WDL/lice/lice.cpp:1476:11:   required from here
/workspace/scratch/286141ad5a40/repo-checkout/src/WDL/lice/lice.cpp:492:43: warning: conversion to ‘unsigned int’ from ‘int’ may change the sign of the result [-Wsign-conversion]
  492 |           const unsigned int cury = icury >> 16;
      |                                     ~~~~~~^~~~~
/workspace/scratch/286141ad5a40/repo-checkout/src/WDL/lice/lice.cpp:495:53: warning: conversion to ‘unsigned int’ from ‘int’ may change the sign of the result [-Wsign-conversion]
  495 |           const LICE_pixel_chan *inptr=src + cury * src_span;
      |                                                     ^~~~~~~~
/workspace/scratch/286141ad5a40/repo-checkout/src/WDL/lice/lice.cpp:502:44: warning: conversion to ‘unsigned int’ from ‘int’ may change the sign of the result [-Wsign-conversion]
  502 |               const unsigned int offs=curx >> 16;
      |                                       ~~~~~^~~~~
/workspace/scratch/286141ad5a40/repo-checkout/src/WDL/lice/lice.cpp:507:81: warning: conversion to ‘unsigned int’ from ‘int’ may change the sign of the result [-Wsign-conversion]
  507 |                 __LICE_BilinearFilterI(&r,&g,&b,&a,pin,pin+src_span,curx&0xffff,yfrac);
      |                                                                                 ^~~~~
/workspace/scratch/286141ad5a40/repo-checkout/src/WDL/lice/lice.cpp:513:67: warning: conversion to ‘unsigned int’ from ‘int’ may change the sign of the result [-Wsign-conversion]
  513 |                 __LICE_LinearFilterI(&r,&g,&b,&a,pin,pin+src_span,yfrac);
      |                                                                   ^~~~~
/workspace/scratch/286141ad5a40/repo-checkout/src/WDL/lice/lice.cpp:525:44: warning: conversion to ‘unsigned int’ from ‘int’ may change the sign of the result [-Wsign-conversion]
  525 |               const unsigned int offs=curx >> 16;
      |                                       ~~~~~^~~~~
/workspace/scratch/286141ad5a40/repo-checkout/src/WDL/lice/lice.cpp:550:43: warning: conversion to ‘unsigned int’ from ‘int’ may change the sign of the result [-Wsign-conversion]
  550 |           const unsigned int cury = icury >> 16;
      |                                     ~~~~~~^~~~~
/workspace/scratch/286141ad5a40/repo-checkout/src/WDL/lice/lice.cpp:554:55: warning: conversion to ‘unsigned int’ from ‘int’ may change the sign of the result [-Wsign-conversion]
  554 |             const LICE_pixel_chan *inptr=src + cury * src_span;
      |                                                       ^~~~~~~~
/workspace/scratch/286141ad5a40/repo-checkout/src/WDL/lice/lice.cpp:559:44: warning: conversion to ‘unsigned int’ from ‘int’ may change the sign of the result [-Wsign-conversion]
  559 |               const unsigned int offs=curx >> 16;
      |                                       ~~~~~^~~~~
/workspace/scratch/286141ad5a40/repo-checkout/src/WDL/lice/lice.cpp: In instantiation of ‘static void _LICE_Template_Blit2<COMBFUNC>::scaleBlit(LICE_pixel_chan*, const LICE_pixel_chan*, int, int, int, int, int, int, unsigned int, unsigned int, int, int, int, int) [with COMBFUNC = _LICE_CombinePixelsAddSourceAlpha; LICE_pixel_chan = unsigned char]’:
/workspace/scratch/286141ad5a40/repo-checkout/src/WDL/lice/lice.cpp:1476:11:   required from here
/workspace/scratch/286141ad5a40/repo-checkout/src/WDL/lice/lice.cpp:492:43: warning: conversion to ‘unsigned int’ from ‘int’ may change the sign of the result [-Wsign-conversion]
  492 |           const unsigned int cury = icury >> 16;
      |                                     ~~~~~~^~~~~
/workspace/scratch/286141ad5a40/repo-checkout/src/WDL/lice/lice.cpp:495:53: warning: conversion to ‘unsigned int’ from ‘int’ may change the sign of the result [-Wsign-conversion]
  495 |           const LICE_pixel_chan *inptr=src + cury * src_span;
      |                                                     ^~~~~~~~
/workspace/scratch/286141ad5a40/repo-checkout/src/WDL/lice/lice.cpp:502:44: warning: conversion to ‘unsigned int’ from ‘int’ may change the sign of the result [-Wsign-conversion]
  502 |               const unsigned int offs=curx >> 16;
      |                                       ~~~~~^~~~~
/workspace/scratch/286141ad5a40/repo-checkout/src/WDL/lice/lice.cpp:507:81: warning: conversion to ‘unsigned int’ from ‘int’ may change the sign of the result [-Wsign-conversion]
  507 |                 __LICE_BilinearFilterI(&r,&g,&b,&a,pin,pin+src_span,curx&0xffff,yfrac);
      |                                                                                 ^~~~~
/workspace/scratch/286141ad5a40/repo-checkout/src/WDL/lice/lice.cpp:513:67: warning: conversion to ‘unsigned int’ from ‘int’ may change the sign of the result [-Wsign-conversion]
  513 |                 __LICE_LinearFilterI(&r,&g,&b,&a,pin,pin+src_span,yfrac);
      |                                                                   ^~~~~
/workspace/scratch/286141ad5a40/repo-checkout/src/WDL/lice/lice.cpp:525:44: warning: conversion to ‘unsigned int’ from ‘int’ may change the sign of the result [-Wsign-conversion]
  525 |               const unsigned int offs=curx >> 16;
      |                                       ~~~~~^~~~~
/workspace/scratch/286141ad5a40/repo-checkout/src/WDL/lice/lice.cpp:550:43: warning: conversion to ‘unsigned int’ from ‘int’ may change the sign of the result [-Wsign-conversion]
  550 |           const unsigned int cury = icury >> 16;
      |                                     ~~~~~~^~~~~
/workspace/scratch/286141ad5a40/repo-checkout/src/WDL/lice/lice.cpp:554:55: warning: conversion to ‘unsigned int’ from ‘int’ may change the sign of the result [-Wsign-conversion]
  554 |             const LICE_pixel_chan *inptr=src + cury * src_span;
      |                                                       ^~~~~~~~
/workspace/scratch/286141ad5a40/repo-checkout/src/WDL/lice/lice.cpp:559:44: warning: conversion to ‘unsigned int’ from ‘int’ may change the sign of the result [-Wsign-conversion]
  559 |               const unsigned int offs=curx >> 16;
      |                                       ~~~~~^~~~~
/workspace/scratch/286141ad5a40/repo-checkout/src/WDL/lice/lice.cpp: In instantiation of ‘static void _LICE_Template_Blit2<COMBFUNC>::scaleBlit(LICE_pixel_chan*, const LICE_pixel_chan*, int, int, int, int, int, int, unsigned int, unsigned int, int, int, int, int) [with COMBFUNC = _LICE_CombinePixelsColorDodgeSourceAlpha; LICE_pixel_chan = unsigned char]’:
/workspace/scratch/286141ad5a40/repo-checkout/src/WDL/lice/lice.cpp:1476:11:   required from here
/workspace/scratch/286141ad5a40/repo-checkout/src/WDL/lice/lice.cpp:492:43: warning: conversion to ‘unsigned int’ from ‘int’ may change the sign of the result [-Wsign-conversion]
  492 |           const unsigned int cury = icury >> 16;
      |                                     ~~~~~~^~~~~
/workspace/scratch/286141ad5a40/repo-checkout/src/WDL/lice/lice.cpp:495:53: warning: conversion to ‘unsigned int’ from ‘int’ may change the sign of the result [-Wsign-conversion]
  495 |           const LICE_pixel_chan *inptr=src + cury * src_span;
      |                                                     ^~~~~~~~
/workspace/scratch/286141ad5a40/repo-checkout/src/WDL/lice/lice.cpp:502:44: warning: conversion to ‘unsigned int’ from ‘int’ may change the sign of the result [-Wsign-conversion]
  502 |               const unsigned int offs=curx >> 16;
      |                                       ~~~~~^~~~~
/workspace/scratch/286141ad5a40/repo-checkout/src/WDL/lice/lice.cpp:507:81: warning: conversion to ‘unsigned int’ from ‘int’ may change the sign of the result [-Wsign-conversion]
  507 |                 __LICE_BilinearFilterI(&r,&g,&b,&a,pin,pin+src_span,curx&0xffff,yfrac);
      |                                                                                 ^~~~~
/workspace/scratch/286141ad5a40/repo-checkout/src/WDL/lice/lice.cpp:513:67: warning: conversion to ‘unsigned int’ from ‘int’ may change the sign of the result [-Wsign-conversion]
  513 |                 __LICE_LinearFilterI(&r,&g,&b,&a,pin,pin+src_span,yfrac);
      |                                                                   ^~~~~
/workspace/scratch/286141ad5a40/repo-checkout/src/WDL/lice/lice.cpp:525:44: warning: conversion to ‘unsigned int’ from ‘int’ may change the sign of the result [-Wsign-conversion]
  525 |               const unsigned int offs=curx >> 16;
      |                                       ~~~~~^~~~~
/workspace/scratch/286141ad5a40/repo-checkout/src/WDL/lice/lice.cpp:550:43: warning: conversion to ‘unsigned int’ from ‘int’ may change the sign of the result [-Wsign-conversion]
  550 |           const unsigned int cury = icury >> 16;
      |                                     ~~~~~~^~~~~
/workspace/scratch/286141ad5a40/repo-checkout/src/WDL/lice/lice.cpp:554:55: warning: conversion to ‘unsigned int’ from ‘int’ may change the sign of the result [-Wsign-conversion]
  554 |             const LICE_pixel_chan *inptr=src + cury * src_span;
      |                                                       ^~~~~~~~
/workspace/scratch/286141ad5a40/repo-checkout/src/WDL/lice/lice.cpp:559:44: warning: conversion to ‘unsigned int’ from ‘int’ may change the sign of the result [-Wsign-conversion]
  559 |               const unsigned int offs=curx >> 16;
      |                                       ~~~~~^~~~~
/workspace/scratch/286141ad5a40/repo-checkout/src/WDL/lice/lice.cpp: In instantiation of ‘static void _LICE_Template_Blit2<COMBFUNC>::scaleBlit(LICE_pixel_chan*, const LICE_pixel_chan*, int, int, int, int, int, int, unsigned int, unsigned int, int, int, int, int) [with COMBFUNC = _LICE_CombinePixelsMulSourceAlphaClamp; LICE_pixel_chan = unsigned char]’:
/workspace/scratch/286141ad5a40/repo-checkout/src/WDL/lice/lice.cpp:1476:11:   required from here
/workspace/scratch/286141ad5a40/repo-checkout/src/WDL/lice/lice.cpp:492:43: warning: conversion to ‘unsigned int’ from ‘int’ may change the sign of the result [-Wsign-conversion]
  492 |           const unsigned int cury = icury >> 16;
      |                                     ~~~~~~^~~~~
/workspace/scratch/286141ad5a40/repo-checkout/src/WDL/lice/lice.cpp:495:53: warning: conversion to ‘unsigned int’ from ‘int’ may change the sign of the result [-Wsign-conversion]
  495 |           const LICE_pixel_chan *inptr=src + cury * src_span;
      |                                                     ^~~~~~~~
/workspace/scratch/286141ad5a40/repo-checkout/src/WDL/lice/lice.cpp:502:44: warning: conversion to ‘unsigned int’ from ‘int’ may change the sign of the result [-Wsign-conversion]
  502 |               const unsigned int offs=curx >> 16;
      |                                       ~~~~~^~~~~
/workspace/scratch/286141ad5a40/repo-checkout/src/WDL/lice/lice.cpp:507:81: warning: conversion to ‘unsigned int’ from ‘int’ may change the sign of the result [-Wsign-conversion]
  507 |                 __LICE_BilinearFilterI(&r,&g,&b,&a,pin,pin+src_span,curx&0xffff,yfrac);
      |                                                                                 ^~~~~
/workspace/scratch/286141ad5a40/repo-checkout/src/WDL/lice/lice.cpp:513:67: warning: conversion to ‘unsigned int’ from ‘int’ may change the sign of the result [-Wsign-conversion]
  513 |                 __LICE_LinearFilterI(&r,&g,&b,&a,pin,pin+src_span,yfrac);
      |                                                                   ^~~~~
/workspace/scratch/286141ad5a40/repo-checkout/src/WDL/lice/lice.cpp:525:44: warning: conversion to ‘unsigned int’ from ‘int’ may change the sign of the result [-Wsign-conversion]
  525 |               const unsigned int offs=curx >> 16;
      |                                       ~~~~~^~~~~
/workspace/scratch/286141ad5a40/repo-checkout/src/WDL/lice/lice.cpp:550:43: warning: conversion to ‘unsigned int’ from ‘int’ may change the sign of the result [-Wsign-conversion]
  550 |           const unsigned int cury = icury >> 16;
      |                                     ~~~~~~^~~~~
/workspace/scratch/286141ad5a40/repo-checkout/src/WDL/lice/lice.cpp:554:55: warning: conversion to ‘unsigned int’ from ‘int’ may change the sign of the result [-Wsign-conversion]
  554 |             const LICE_pixel_chan *inptr=src + cury * src_span;
      |                                                       ^~~~~~~~
/workspace/scratch/286141ad5a40/repo-checkout/src/WDL/lice/lice.cpp:559:44: warning: conversion to ‘unsigned int’ from ‘int’ may change the sign of the result [-Wsign-conversion]
  559 |               const unsigned int offs=curx >> 16;
      |                                       ~~~~~^~~~~
/workspace/scratch/286141ad5a40/repo-checkout/src/WDL/lice/lice.cpp: In instantiation of ‘static void _LICE_Template_Blit2<COMBFUNC>::scaleBlit(LICE_pixel_chan*, const LICE_pixel_chan*, int, int, int, int, int, int, unsigned int, unsigned int, int, int, int, int) [with COMBFUNC = _LICE_CombinePixelsMulSourceAlphaNoClamp; LICE_pixel_chan = unsigned char]’:
/workspace/scratch/286141ad5a40/repo-checkout/src/WDL/lice/lice.cpp:1476:11:   required from here
/workspace/scratch/286141ad5a40/repo-checkout/src/WDL/lice/lice.cpp:492:43: warning: conversion to ‘unsigned int’ from ‘int’ may change the sign of the result [-Wsign-conversion]
  492 |           const unsigned int cury = icury >> 16;
      |                                     ~~~~~~^~~~~
/workspace/scratch/286141ad5a40/repo-checkout/src/WDL/lice/lice.cpp:495:53: warning: conversion to ‘unsigned int’ from ‘int’ may change the sign of the result [-Wsign-conversion]
  495 |           const LICE_pixel_chan *inptr=src + cury * src_span;
      |                                                     ^~~~~~~~
/workspace/scratch/286141ad5a40/repo-checkout/src/WDL/lice/lice.cpp:502:44: warning: conversion to ‘unsigned int’ from ‘int’ may change the sign of the result [-Wsign-conversion]
  502 |               const unsigned int offs=curx >> 16;
      |                                       ~~~~~^~~~~
/workspace/scratch/286141ad5a40/repo-checkout/src/WDL/lice/lice.cpp:507:81: warning: conversion to ‘unsigned int’ from ‘int’ may change the sign of the result [-Wsign-conversion]
  507 |                 __LICE_BilinearFilterI(&r,&g,&b,&a,pin,pin+src_span,curx&0xffff,yfrac);
      |                                                                                 ^~~~~
/workspace/scratch/286141ad5a40/repo-checkout/src/WDL/lice/lice.cpp:513:67: warning: conversion to ‘unsigned int’ from ‘int’ may change the sign of the result [-Wsign-conversion]
  513 |                 __LICE_LinearFilterI(&r,&g,&b,&a,pin,pin+src_span,yfrac);
      |                                                                   ^~~~~
/workspace/scratch/286141ad5a40/repo-checkout/src/WDL/lice/lice.cpp:525:44: warning: conversion to ‘unsigned int’ from ‘int’ may change the sign of the result [-Wsign-conversion]
  525 |               const unsigned int offs=curx >> 16;
      |                                       ~~~~~^~~~~
/workspace/scratch/286141ad5a40/repo-checkout/src/WDL/lice/lice.cpp:550:43: warning: conversion to ‘unsigned int’ from ‘int’ may change the sign of the result [-Wsign-conversion]
  550 |           const unsigned int cury = icury >> 16;
      |                                     ~~~~~~^~~~~
/workspace/scratch/286141ad5a40/repo-checkout/src/WDL/lice/lice.cpp:554:55: warning: conversion to ‘unsigned int’ from ‘int’ may change the sign of the result [-Wsign-conversion]
  554 |             const LICE_pixel_chan *inptr=src + cury * src_span;
      |                                                       ^~~~~~~~
/workspace/scratch/286141ad5a40/repo-checkout/src/WDL/lice/lice.cpp:559:44: warning: conversion to ‘unsigned int’ from ‘int’ may change the sign of the result [-Wsign-conversion]
  559 |               const unsigned int offs=curx >> 16;
      |                                       ~~~~~^~~~~
/workspace/scratch/286141ad5a40/repo-checkout/src/WDL/lice/lice.cpp: In instantiation of ‘static void _LICE_Template_Blit2<COMBFUNC>::scaleBlit(LICE_pixel_chan*, const LICE_pixel_chan*, int, int, int, int, int, int, unsigned int, unsigned int, int, int, int, int) [with COMBFUNC = _LICE_CombinePixelsOverlaySourceAlpha; LICE_pixel_chan = unsigned char]’:
/workspace/scratch/286141ad5a40/repo-checkout/src/WDL/lice/lice.cpp:1476:11:   required from here
/workspace/scratch/286141ad5a40/repo-checkout/src/WDL/lice/lice.cpp:492:43: warning: conversion to ‘unsigned int’ from ‘int’ may change the sign of the result [-Wsign-conversion]
  492 |           const unsigned int cury = icury >> 16;
      |                                     ~~~~~~^~~~~
/workspace/scratch/286141ad5a40/repo-checkout/src/WDL/lice/lice.cpp:495:53: warning: conversion to ‘unsigned int’ from ‘int’ may change the sign of the result [-Wsign-conversion]
  495 |           const LICE_pixel_chan *inptr=src + cury * src_span;
      |                                                     ^~~~~~~~
/workspace/scratch/286141ad5a40/repo-checkout/src/WDL/lice/lice.cpp:502:44: warning: conversion to ‘unsigned int’ from ‘int’ may change the sign of the result [-Wsign-conversion]
  502 |               const unsigned int offs=curx >> 16;
      |                                       ~~~~~^~~~~
/workspace/scratch/286141ad5a40/repo-checkout/src/WDL/lice/lice.cpp:507:81: warning: conversion to ‘unsigned int’ from ‘int’ may change the sign of the result [-Wsign-conversion]
  507 |                 __LICE_BilinearFilterI(&r,&g,&b,&a,pin,pin+src_span,curx&0xffff,yfrac);
      |                                                                                 ^~~~~
/workspace/scratch/286141ad5a40/repo-checkout/src/WDL/lice/lice.cpp:513:67: warning: conversion to ‘unsigned int’ from ‘int’ may change the sign of the result [-Wsign-conversion]
  513 |                 __LICE_LinearFilterI(&r,&g,&b,&a,pin,pin+src_span,yfrac);
      |                                                                   ^~~~~
/workspace/scratch/286141ad5a40/repo-checkout/src/WDL/lice/lice.cpp:525:44: warning: conversion to ‘unsigned int’ from ‘int’ may change the sign of the result [-Wsign-conversion]
  525 |               const unsigned int offs=curx >> 16;
      |                                       ~~~~~^~~~~
/workspace/scratch/286141ad5a40/repo-checkout/src/WDL/lice/lice.cpp:550:43: warning: conversion to ‘unsigned int’ from ‘int’ may change the sign of the result [-Wsign-conversion]
  550 |           const unsigned int cury = icury >> 16;
      |                                     ~~~~~~^~~~~
/workspace/scratch/286141ad5a40/repo-checkout/src/WDL/lice/lice.cpp:554:55: warning: conversion to ‘unsigned int’ from ‘int’ may change the sign of the result [-Wsign-conversion]
  554 |             const LICE_pixel_chan *inptr=src + cury * src_span;
      |                                                       ^~~~~~~~
/workspace/scratch/286141ad5a40/repo-checkout/src/WDL/lice/lice.cpp:559:44: warning: conversion to ‘unsigned int’ from ‘int’ may change the sign of the result [-Wsign-conversion]
  559 |               const unsigned int offs=curx >> 16;
      |                                       ~~~~~^~~~~
/workspace/scratch/286141ad5a40/repo-checkout/src/WDL/lice/lice.cpp: In instantiation of ‘static void _LICE_Template_Blit2<COMBFUNC>::scaleBlit(LICE_pixel_chan*, const LICE_pixel_chan*, int, int, int, int, int, int, unsigned int, unsigned int, int, int, int, int) [with COMBFUNC = _LICE_CombinePixelsHSVAdjustSourceAlpha; LICE_pixel_chan = unsigned char]’:
/workspace/scratch/286141ad5a40/repo-checkout/src/WDL/lice/lice.cpp:1476:11:   required from here
/workspace/scratch/286141ad5a40/repo-checkout/src/WDL/lice/lice.cpp:492:43: warning: conversion to ‘unsigned int’ from ‘int’ may change the sign of the result [-Wsign-conversion]
  492 |           const unsigned int cury = icury >> 16;
      |                                     ~~~~~~^~~~~
/workspace/scratch/286141ad5a40/repo-checkout/src/WDL/lice/lice.cpp:495:53: warning: conversion to ‘unsigned int’ from ‘int’ may change the sign of the result [-Wsign-conversion]
  495 |           const LICE_pixel_chan *inptr=src + cury * src_span;
      |                                                     ^~~~~~~~
/workspace/scratch/286141ad5a40/repo-checkout/src/WDL/lice/lice.cpp:502:44: warning: conversion to ‘unsigned int’ from ‘int’ may change the sign of the result [-Wsign-conversion]
  502 |               const unsigned int offs=curx >> 16;
      |                                       ~~~~~^~~~~
/workspace/scratch/286141ad5a40/repo-checkout/src/WDL/lice/lice.cpp:507:81: warning: conversion to ‘unsigned int’ from ‘int’ may change the sign of the result [-Wsign-conversion]
  507 |                 __LICE_BilinearFilterI(&r,&g,&b,&a,pin,pin+src_span,curx&0xffff,yfrac);
      |                                                                                 ^~~~~
/workspace/scratch/286141ad5a40/repo-checkout/src/WDL/lice/lice.cpp:513:67: warning: conversion to ‘unsigned int’ from ‘int’ may change the sign of the result [-Wsign-conversion]
  513 |                 __LICE_LinearFilterI(&r,&g,&b,&a,pin,pin+src_span,yfrac);
      |                                                                   ^~~~~
/workspace/scratch/286141ad5a40/repo-checkout/src/WDL/lice/lice.cpp:525:44: warning: conversion to ‘unsigned int’ from ‘int’ may change the sign of the result [-Wsign-conversion]
  525 |               const unsigned int offs=curx >> 16;
      |                                       ~~~~~^~~~~
/workspace/scratch/286141ad5a40/repo-checkout/src/WDL/lice/lice.cpp:550:43: warning: conversion to ‘unsigned int’ from ‘int’ may change the sign of the result [-Wsign-conversion]
  550 |           const unsigned int cury = icury >> 16;
      |                                     ~~~~~~^~~~~
/workspace/scratch/286141ad5a40/repo-checkout/src/WDL/lice/lice.cpp:554:55: warning: conversion to ‘unsigned int’ from ‘int’ may change the sign of the result [-Wsign-conversion]
  554 |             const LICE_pixel_chan *inptr=src + cury * src_span;
      |                                                       ^~~~~~~~
/workspace/scratch/286141ad5a40/repo-checkout/src/WDL/lice/lice.cpp:559:44: warning: conversion to ‘unsigned int’ from ‘int’ may change the sign of the result [-Wsign-conversion]
  559 |               const unsigned int offs=curx >> 16;
      |                                       ~~~~~^~~~~
/workspace/scratch/286141ad5a40/repo-checkout/src/WDL/lice/lice.cpp: In instantiation of ‘static void GlyphDrawImpl<COMBFUNC>::DrawGlyphScale(const LICE_pixel_chan*, LICE_pixel*, int, int, LICE_pixel, int, int, int, int) [with COMBFUNC = _LICE_CombinePixelsCopyClamp; LICE_pixel_chan = unsigned char; LICE_pixel = unsigned int]’:
/workspace/scratch/286141ad5a40/repo-checkout/src/WDL/lice/lice.cpp:2750:2:   required from here
/workspace/scratch/286141ad5a40/repo-checkout/src/WDL/lice/lice.h:61:32: warning: conversion to ‘int’ from ‘LICE_pixel’ {aka ‘unsigned int’} may change the sign of the result [-Wsign-conversion]
   61 | #define LICE_GETA(v) (((v)>>24)&0xff)
      |                      ~~~~~~~~~~^~~~~~
/workspace/scratch/286141ad5a40/repo-checkout/src/WDL/lice/lice.cpp:2588:85: note: in expansion of macro ‘LICE_GETA’
 2588 |     const int r = LICE_GETR(color), g = LICE_GETG(color), b = LICE_GETB(color), a = LICE_GETA(color);
      |                                                                                     ^~~~~~~~~
/workspace/scratch/286141ad5a40/repo-checkout/src/WDL/lice/lice.cpp: In instantiation of ‘static void GlyphDrawImpl<COMBFUNC>::DrawGlyphScale(const LICE_pixel_chan*, LICE_pixel*, int, int, LICE_pixel, int, int, int, int) [with COMBFUNC = _LICE_CombinePixelsCopyNoClamp; LICE_pixel_chan = unsigned char; LICE_pixel = unsigned int]’:
/workspace/scratch/286141ad5a40/repo-checkout/src/WDL/lice/lice.cpp:2750:2:   required from here
/workspace/scratch/286141ad5a40/repo-checkout/src/WDL/lice/lice.h:61:32: warning: conversion to ‘int’ from ‘LICE_pixel’ {aka ‘unsigned int’} may change the sign of the result [-Wsign-conversion]
   61 | #define LICE_GETA(v) (((v)>>24)&0xff)
      |                      ~~~~~~~~~~^~~~~~
/workspace/scratch/286141ad5a40/repo-checkout/src/WDL/lice/lice.cpp:2588:85: note: in expansion of macro ‘LICE_GETA’
 2588 |     const int r = LICE_GETR(color), g = LICE_GETG(color), b = LICE_GETB(color), a = LICE_GETA(color);
      |                                                                                     ^~~~~~~~~
/workspace/scratch/286141ad5a40/repo-checkout/src/WDL/lice/lice.cpp: In instantiation of ‘static void GlyphDrawImpl<COMBFUNC>::DrawGlyphScale(const LICE_pixel_chan*, LICE_pixel*, int, int, LICE_pixel, int, int, int, int) [with COMBFUNC = _LICE_CombinePixelsAdd; LICE_pixel_chan = unsigned char; LICE_pixel = unsigned int]’:
/workspace/scratch/286141ad5a40/repo-checkout/src/WDL/lice/lice.cpp:2750:2:   required from here
/workspace/scratch/286141ad5a40/repo-checkout/src/WDL/lice/lice.h:61:32: warning: conversion to ‘int’ from ‘LICE_pixel’ {aka ‘unsigned int’} may change the sign of the result [-Wsign-conversion]
   61 | #define LICE_GETA(v) (((v)>>24)&0xff)
      |                      ~~~~~~~~~~^~~~~~
/workspace/scratch/286141ad5a40/repo-checkout/src/WDL/lice/lice.cpp:2588:85: note: in expansion of macro ‘LICE_GETA’
 2588 |     const int r = LICE_GETR(color), g = LICE_GETG(color), b = LICE_GETB(color), a = LICE_GETA(color);
      |                                                                                     ^~~~~~~~~
/workspace/scratch/286141ad5a40/repo-checkout/src/WDL/lice/lice.cpp: In instantiation of ‘static void GlyphDrawImpl<COMBFUNC>::DrawGlyphScale(const LICE_pixel_chan*, LICE_pixel*, int, int, LICE_pixel, int, int, int, int) [with COMBFUNC = _LICE_CombinePixelsColorDodge; LICE_pixel_chan = unsigned char; LICE_pixel = unsigned int]’:
/workspace/scratch/286141ad5a40/repo-checkout/src/WDL/lice/lice.cpp:2750:2:   required from here
/workspace/scratch/286141ad5a40/repo-checkout/src/WDL/lice/lice.h:61:32: warning: conversion to ‘int’ from ‘LICE_pixel’ {aka ‘unsigned int’} may change the sign of the result [-Wsign-conversion]
   61 | #define LICE_GETA(v) (((v)>>24)&0xff)
      |                      ~~~~~~~~~~^~~~~~
/workspace/scratch/286141ad5a40/repo-checkout/src/WDL/lice/lice.cpp:2588:85: note: in expansion of macro ‘LICE_GETA’
 2588 |     const int r = LICE_GETR(color), g = LICE_GETG(color), b = LICE_GETB(color), a = LICE_GETA(color);
      |                                                                                     ^~~~~~~~~
/workspace/scratch/286141ad5a40/repo-checkout/src/WDL/lice/lice.cpp: In instantiation of ‘static void GlyphDrawImpl<COMBFUNC>::DrawGlyphScale(const LICE_pixel_chan*, LICE_pixel*, int, int, LICE_pixel, int, int, int, int) [with COMBFUNC = _LICE_CombinePixelsMulClamp; LICE_pixel_chan = unsigned char; LICE_pixel = unsigned int]’:
/workspace/scratch/286141ad5a40/repo-checkout/src/WDL/lice/lice.cpp:2750:2:   required from here
/workspace/scratch/286141ad5a40/repo-checkout/src/WDL/lice/lice.h:61:32: warning: conversion to ‘int’ from ‘LICE_pixel’ {aka ‘unsigned int’} may change the sign of the result [-Wsign-conversion]
   61 | #define LICE_GETA(v) (((v)>>24)&0xff)
      |                      ~~~~~~~~~~^~~~~~
/workspace/scratch/286141ad5a40/repo-checkout/src/WDL/lice/lice.cpp:2588:85: note: in expansion of macro ‘LICE_GETA’
 2588 |     const int r = LICE_GETR(color), g = LICE_GETG(color), b = LICE_GETB(color), a = LICE_GETA(color);
      |                                                                                     ^~~~~~~~~
/workspace/scratch/286141ad5a40/repo-checkout/src/WDL/lice/lice.cpp: In instantiation of ‘static void GlyphDrawImpl<COMBFUNC>::DrawGlyphScale(const LICE_pixel_chan*, LICE_pixel*, int, int, LICE_pixel, int, int, int, int) [with COMBFUNC = _LICE_CombinePixelsMulNoClamp; LICE_pixel_chan = unsigned char; LICE_pixel = unsigned int]’:
/workspace/scratch/286141ad5a40/repo-checkout/src/WDL/lice/lice.cpp:2750:2:   required from here
/workspace/scratch/286141ad5a40/repo-checkout/src/WDL/lice/lice.h:61:32: warning: conversion to ‘int’ from ‘LICE_pixel’ {aka ‘unsigned int’} may change the sign of the result [-Wsign-conversion]
   61 | #define LICE_GETA(v) (((v)>>24)&0xff)
      |                      ~~~~~~~~~~^~~~~~
/workspace/scratch/286141ad5a40/repo-checkout/src/WDL/lice/lice.cpp:2588:85: note: in expansion of macro ‘LICE_GETA’
 2588 |     const int r = LICE_GETR(color), g = LICE_GETG(color), b = LICE_GETB(color), a = LICE_GETA(color);
      |                                                                                     ^~~~~~~~~
/workspace/scratch/286141ad5a40/repo-checkout/src/WDL/lice/lice.cpp: In instantiation of ‘static void GlyphDrawImpl<COMBFUNC>::DrawGlyphScale(const LICE_pixel_chan*, LICE_pixel*, int, int, LICE_pixel, int, int, int, int) [with COMBFUNC = _LICE_CombinePixelsOverlay; LICE_pixel_chan = unsigned char; LICE_pixel = unsigned int]’:
/workspace/scratch/286141ad5a40/repo-checkout/src/WDL/lice/lice.cpp:2750:2:   required from here
/workspace/scratch/286141ad5a40/repo-checkout/src/WDL/lice/lice.h:61:32: warning: conversion to ‘int’ from ‘LICE_pixel’ {aka ‘unsigned int’} may change the sign of the result [-Wsign-conversion]
   61 | #define LICE_GETA(v) (((v)>>24)&0xff)
      |                      ~~~~~~~~~~^~~~~~
/workspace/scratch/286141ad5a40/repo-checkout/src/WDL/lice/lice.cpp:2588:85: note: in expansion of macro ‘LICE_GETA’
 2588 |     const int r = LICE_GETR(color), g = LICE_GETG(color), b = LICE_GETB(color), a = LICE_GETA(color);
      |                                                                                     ^~~~~~~~~
/workspace/scratch/286141ad5a40/repo-checkout/src/WDL/lice/lice.cpp: In instantiation of ‘static void GlyphDrawImpl<COMBFUNC>::DrawGlyphScale(const LICE_pixel_chan*, LICE_pixel*, int, int, LICE_pixel, int, int, int, int) [with COMBFUNC = _LICE_CombinePixelsHSVAdjust; LICE_pixel_chan = unsigned char; LICE_pixel = unsigned int]’:
/workspace/scratch/286141ad5a40/repo-checkout/src/WDL/lice/lice.cpp:2750:2:   required from here
/workspace/scratch/286141ad5a40/repo-checkout/src/WDL/lice/lice.h:61:32: warning: conversion to ‘int’ from ‘LICE_pixel’ {aka ‘unsigned int’} may change the sign of the result [-Wsign-conversion]
   61 | #define LICE_GETA(v) (((v)>>24)&0xff)
      |                      ~~~~~~~~~~^~~~~~
/workspace/scratch/286141ad5a40/repo-checkout/src/WDL/lice/lice.cpp:2588:85: note: in expansion of macro ‘LICE_GETA’
 2588 |     const int r = LICE_GETR(color), g = LICE_GETG(color), b = LICE_GETB(color), a = LICE_GETA(color);
      |                                                                                     ^~~~~~~~~
/workspace/scratch/286141ad5a40/repo-checkout/src/WDL/lice/lice.cpp: In instantiation of ‘static void GlyphDrawImpl<COMBFUNC>::DrawGlyph(const LICE_pixel_chan*, LICE_pixel*, int, int, LICE_pixel, int, int, int) [with COMBFUNC = _LICE_CombinePixelsCopyClamp; LICE_pixel_chan = unsigned char; LICE_pixel = unsigned int]’:
/workspace/scratch/286141ad5a40/repo-checkout/src/WDL/lice/lice.cpp:2756:2:   required from here
/workspace/scratch/286141ad5a40/repo-checkout/src/WDL/lice/lice.h:61:32: warning: conversion to ‘int’ from ‘LICE_pixel’ {aka ‘unsigned int’} may change the sign of the result [-Wsign-conversion]
   61 | #define LICE_GETA(v) (((v)>>24)&0xff)
      |                      ~~~~~~~~~~^~~~~~
/workspace/scratch/286141ad5a40/repo-checkout/src/WDL/lice/lice.cpp:2572:85: note: in expansion of macro ‘LICE_GETA’
 2572 |     const int r = LICE_GETR(color), g = LICE_GETG(color), b = LICE_GETB(color), a = LICE_GETA(color);
      |                                                                                     ^~~~~~~~~
/workspace/scratch/286141ad5a40/repo-checkout/src/WDL/lice/lice.cpp: In instantiation of ‘static void GlyphDrawImpl<COMBFUNC>::DrawGlyph(const LICE_pixel_chan*, LICE_pixel*, int, int, LICE_pixel, int, int, int) [with COMBFUNC = _LICE_CombinePixelsCopyNoClamp; LICE_pixel_chan = unsigned char; LICE_pixel = unsigned int]’:
/workspace/scratch/286141ad5a40/repo-checkout/src/WDL/lice/lice.cpp:2756:2:   required from here
/workspace/scratch/286141ad5a40/repo-checkout/src/WDL/lice/lice.h:61:32: warning: conversion to ‘int’ from ‘LICE_pixel’ {aka ‘unsigned int’} may change the sign of the result [-Wsign-conversion]
   61 | #define LICE_GETA(v) (((v)>>24)&0xff)
      |                      ~~~~~~~~~~^~~~~~
/workspace/scratch/286141ad5a40/repo-checkout/src/WDL/lice/lice.cpp:2572:85: note: in expansion of macro ‘LICE_GETA’
 2572 |     const int r = LICE_GETR(color), g = LICE_GETG(color), b = LICE_GETB(color), a = LICE_GETA(color);
      |                                                                                     ^~~~~~~~~
/workspace/scratch/286141ad5a40/repo-checkout/src/WDL/lice/lice.cpp: In instantiation of ‘static void GlyphDrawImpl<COMBFUNC>::DrawGlyph(const LICE_pixel_chan*, LICE_pixel*, int, int, LICE_pixel, int, int, int) [with COMBFUNC = _LICE_CombinePixelsAdd; LICE_pixel_chan = unsigned char; LICE_pixel = unsigned int]’:
/workspace/scratch/286141ad5a40/repo-checkout/src/WDL/lice/lice.cpp:2756:2:   required from here
/workspace/scratch/286141ad5a40/repo-checkout/src/WDL/lice/lice.h:61:32: warning: conversion to ‘int’ from ‘LICE_pixel’ {aka ‘unsigned int’} may change the sign of the result [-Wsign-conversion]
   61 | #define LICE_GETA(v) (((v)>>24)&0xff)
      |                      ~~~~~~~~~~^~~~~~
/workspace/scratch/286141ad5a40/repo-checkout/src/WDL/lice/lice.cpp:2572:85: note: in expansion of macro ‘LICE_GETA’
 2572 |     const int r = LICE_GETR(color), g = LICE_GETG(color), b = LICE_GETB(color), a = LICE_GETA(color);
      |                                                                                     ^~~~~~~~~
/workspace/scratch/286141ad5a40/repo-checkout/src/WDL/lice/lice.cpp: In instantiation of ‘static void GlyphDrawImpl<COMBFUNC>::DrawGlyph(const LICE_pixel_chan*, LICE_pixel*, int, int, LICE_pixel, int, int, int) [with COMBFUNC = _LICE_CombinePixelsColorDodge; LICE_pixel_chan = unsigned char; LICE_pixel = unsigned int]’:
/workspace/scratch/286141ad5a40/repo-checkout/src/WDL/lice/lice.cpp:2756:2:   required from here
/workspace/scratch/286141ad5a40/repo-checkout/src/WDL/lice/lice.h:61:32: warning: conversion to ‘int’ from ‘LICE_pixel’ {aka ‘unsigned int’} may change the sign of the result [-Wsign-conversion]
   61 | #define LICE_GETA(v) (((v)>>24)&0xff)
      |                      ~~~~~~~~~~^~~~~~
/workspace/scratch/286141ad5a40/repo-checkout/src/WDL/lice/lice.cpp:2572:85: note: in expansion of macro ‘LICE_GETA’
 2572 |     const int r = LICE_GETR(color), g = LICE_GETG(color), b = LICE_GETB(color), a = LICE_GETA(color);
      |                                                                                     ^~~~~~~~~
/workspace/scratch/286141ad5a40/repo-checkout/src/WDL/lice/lice.cpp: In instantiation of ‘static void GlyphDrawImpl<COMBFUNC>::DrawGlyph(const LICE_pixel_chan*, LICE_pixel*, int, int, LICE_pixel, int, int, int) [with COMBFUNC = _LICE_CombinePixelsMulClamp; LICE_pixel_chan = unsigned char; LICE_pixel = unsigned int]’:
/workspace/scratch/286141ad5a40/repo-checkout/src/WDL/lice/lice.cpp:2756:2:   required from here
/workspace/scratch/286141ad5a40/repo-checkout/src/WDL/lice/lice.h:61:32: warning: conversion to ‘int’ from ‘LICE_pixel’ {aka ‘unsigned int’} may change the sign of the result [-Wsign-conversion]
   61 | #define LICE_GETA(v) (((v)>>24)&0xff)
      |                      ~~~~~~~~~~^~~~~~
/workspace/scratch/286141ad5a40/repo-checkout/src/WDL/lice/lice.cpp:2572:85: note: in expansion of macro ‘LICE_GETA’
 2572 |     const int r = LICE_GETR(color), g = LICE_GETG(color), b = LICE_GETB(color), a = LICE_GETA(color);
      |                                                                                     ^~~~~~~~~
/workspace/scratch/286141ad5a40/repo-checkout/src/WDL/lice/lice.cpp: In instantiation of ‘static void GlyphDrawImpl<COMBFUNC>::DrawGlyph(const LICE_pixel_chan*, LICE_pixel*, int, int, LICE_pixel, int, int, int) [with COMBFUNC = _LICE_CombinePixelsMulNoClamp; LICE_pixel_chan = unsigned char; LICE_pixel = unsigned int]’:
/workspace/scratch/286141ad5a40/repo-checkout/src/WDL/lice/lice.cpp:2756:2:   required from here
/workspace/scratch/286141ad5a40/repo-checkout/src/WDL/lice/lice.h:61:32: warning: conversion to ‘int’ from ‘LICE_pixel’ {aka ‘unsigned int’} may change the sign of the result [-Wsign-conversion]
   61 | #define LICE_GETA(v) (((v)>>24)&0xff)
      |                      ~~~~~~~~~~^~~~~~
/workspace/scratch/286141ad5a40/repo-checkout/src/WDL/lice/lice.cpp:2572:85: note: in expansion of macro ‘LICE_GETA’
 2572 |     const int r = LICE_GETR(color), g = LICE_GETG(color), b = LICE_GETB(color), a = LICE_GETA(color);
      |                                                                                     ^~~~~~~~~
/workspace/scratch/286141ad5a40/repo-checkout/src/WDL/lice/lice.cpp: In instantiation of ‘static void GlyphDrawImpl<COMBFUNC>::DrawGlyph(const LICE_pixel_chan*, LICE_pixel*, int, int, LICE_pixel, int, int, int) [with COMBFUNC = _LICE_CombinePixelsOverlay; LICE_pixel_chan = unsigned char; LICE_pixel = unsigned int]’:
/workspace/scratch/286141ad5a40/repo-checkout/src/WDL/lice/lice.cpp:2756:2:   required from here
/workspace/scratch/286141ad5a40/repo-checkout/src/WDL/lice/lice.h:61:32: warning: conversion to ‘int’ from ‘LICE_pixel’ {aka ‘unsigned int’} may change the sign of the result [-Wsign-conversion]
   61 | #define LICE_GETA(v) (((v)>>24)&0xff)
      |                      ~~~~~~~~~~^~~~~~
/workspace/scratch/286141ad5a40/repo-checkout/src/WDL/lice/lice.cpp:2572:85: note: in expansion of macro ‘LICE_GETA’
 2572 |     const int r = LICE_GETR(color), g = LICE_GETG(color), b = LICE_GETB(color), a = LICE_GETA(color);
      |                                                                                     ^~~~~~~~~
/workspace/scratch/286141ad5a40/repo-checkout/src/WDL/lice/lice.cpp: In instantiation of ‘static void GlyphDrawImpl<COMBFUNC>::DrawGlyph(const LICE_pixel_chan*, LICE_pixel*, int, int, LICE_pixel, int, int, int) [with COMBFUNC = _LICE_CombinePixelsHSVAdjust; LICE_pixel_chan = unsigned char; LICE_pixel = unsigned int]’:
/workspace/scratch/286141ad5a40/repo-checkout/src/WDL/lice/lice.cpp:2756:2:   required from here
/workspace/scratch/286141ad5a40/repo-checkout/src/WDL/lice/lice.h:61:32: warning: conversion to ‘int’ from ‘LICE_pixel’ {aka ‘unsigned int’} may change the sign of the result [-Wsign-conversion]
   61 | #define LICE_GETA(v) (((v)>>24)&0xff)
      |                      ~~~~~~~~~~^~~~~~
/workspace/scratch/286141ad5a40/repo-checkout/src/WDL/lice/lice.cpp:2572:85: note: in expansion of macro ‘LICE_GETA’
 2572 |     const int r = LICE_GETR(color), g = LICE_GETG(color), b = LICE_GETB(color), a = LICE_GETA(color);
      |                                                                                     ^~~~~~~~~
/workspace/scratch/286141ad5a40/repo-checkout/src/WDL/lice/lice.cpp: In instantiation of ‘static void GlyphDrawImpl<COMBFUNC>::DrawGlyphMonoScale(const unsigned char*, LICE_pixel*, int, int, LICE_pixel, int, int, int, int) [with COMBFUNC = _LICE_CombinePixelsCopyClamp; LICE_pixel = unsigned int]’:
/workspace/scratch/286141ad5a40/repo-checkout/src/WDL/lice/lice.cpp:2826:2:   required from here
/workspace/scratch/286141ad5a40/repo-checkout/src/WDL/lice/lice.h:61:32: warning: conversion to ‘int’ from ‘LICE_pixel’ {aka ‘unsigned int’} may change the sign of the result [-Wsign-conversion]
   61 | #define LICE_GETA(v) (((v)>>24)&0xff)
      |                      ~~~~~~~~~~^~~~~~
/workspace/scratch/286141ad5a40/repo-checkout/src/WDL/lice/lice.cpp:2642:85: note: in expansion of macro ‘LICE_GETA’
 2642 |     const int r = LICE_GETR(color), g = LICE_GETG(color), b = LICE_GETB(color), a = LICE_GETA(color);
      |                                                                                     ^~~~~~~~~
/workspace/scratch/286141ad5a40/repo-checkout/src/WDL/lice/lice.cpp:2640:131: warning: unused parameter ‘span’ [-Wunused-parameter]
 2640 |   static void DrawGlyphMonoScale(const unsigned char * srcalpha, LICE_pixel* destpx, int src_w, int src_h, LICE_pixel color,  int span, int src_span, int aa, int scale)
      |                                                                                                                               ~~~~^~~~
/workspace/scratch/286141ad5a40/repo-checkout/src/WDL/lice/lice.cpp: In instantiation of ‘static void GlyphDrawImpl<COMBFUNC>::DrawGlyphMonoScale(const unsigned char*, LICE_pixel*, int, int, LICE_pixel, int, int, int, int) [with COMBFUNC = _LICE_CombinePixelsCopyNoClamp; LICE_pixel = unsigned int]’:
/workspace/scratch/286141ad5a40/repo-checkout/src/WDL/lice/lice.cpp:2826:2:   required from here
/workspace/scratch/286141ad5a40/repo-checkout/src/WDL/lice/lice.h:61:32: warning: conversion to ‘int’ from ‘LICE_pixel’ {aka ‘unsigned int’} may change the sign of the result [-Wsign-conversion]
   61 | #define LICE_GETA(v) (((v)>>24)&0xff)
      |                      ~~~~~~~~~~^~~~~~
/workspace/scratch/286141ad5a40/repo-checkout/src/WDL/lice/lice.cpp:2642:85: note: in expansion of macro ‘LICE_GETA’
 2642 |     const int r = LICE_GETR(color), g = LICE_GETG(color), b = LICE_GETB(color), a = LICE_GETA(color);
      |                                                                                     ^~~~~~~~~
/workspace/scratch/286141ad5a40/repo-checkout/src/WDL/lice/lice.cpp:2640:131: warning: unused parameter ‘span’ [-Wunused-parameter]
 2640 |   static void DrawGlyphMonoScale(const unsigned char * srcalpha, LICE_pixel* destpx, int src_w, int src_h, LICE_pixel color,  int span, int src_span, int aa, int scale)
      |                                                                                                                               ~~~~^~~~
/workspace/scratch/286141ad5a40/repo-checkout/src/WDL/lice/lice.cpp: In instantiation of ‘static void GlyphDrawImpl<COMBFUNC>::DrawGlyphMonoScale(const unsigned char*, LICE_pixel*, int, int, LICE_pixel, int, int, int, int) [with COMBFUNC = _LICE_CombinePixelsAdd; LICE_pixel = unsigned int]’:
/workspace/scratch/286141ad5a40/repo-checkout/src/WDL/lice/lice.cpp:2826:2:   required from here
/workspace/scratch/286141ad5a40/repo-checkout/src/WDL/lice/lice.h:61:32: warning: conversion to ‘int’ from ‘LICE_pixel’ {aka ‘unsigned int’} may change the sign of the result [-Wsign-conversion]
   61 | #define LICE_GETA(v) (((v)>>24)&0xff)
      |                      ~~~~~~~~~~^~~~~~
/workspace/scratch/286141ad5a40/repo-checkout/src/WDL/lice/lice.cpp:2642:85: note: in expansion of macro ‘LICE_GETA’
 2642 |     const int r = LICE_GETR(color), g = LICE_GETG(color), b = LICE_GETB(color), a = LICE_GETA(color);
      |                                                                                     ^~~~~~~~~
/workspace/scratch/286141ad5a40/repo-checkout/src/WDL/lice/lice.cpp:2640:131: warning: unused parameter ‘span’ [-Wunused-parameter]
 2640 |   static void DrawGlyphMonoScale(const unsigned char * srcalpha, LICE_pixel* destpx, int src_w, int src_h, LICE_pixel color,  int span, int src_span, int aa, int scale)
      |                                                                                                                               ~~~~^~~~
/workspace/scratch/286141ad5a40/repo-checkout/src/WDL/lice/lice.cpp: In instantiation of ‘static void GlyphDrawImpl<COMBFUNC>::DrawGlyphMonoScale(const unsigned char*, LICE_pixel*, int, int, LICE_pixel, int, int, int, int) [with COMBFUNC = _LICE_CombinePixelsColorDodge; LICE_pixel = unsigned int]’:
/workspace/scratch/286141ad5a40/repo-checkout/src/WDL/lice/lice.cpp:2826:2:   required from here
/workspace/scratch/286141ad5a40/repo-checkout/src/WDL/lice/lice.h:61:32: warning: conversion to ‘int’ from ‘LICE_pixel’ {aka ‘unsigned int’} may change the sign of the result [-Wsign-conversion]
   61 | #define LICE_GETA(v) (((v)>>24)&0xff)
      |                      ~~~~~~~~~~^~~~~~
/workspace/scratch/286141ad5a40/repo-checkout/src/WDL/lice/lice.cpp:2642:85: note: in expansion of macro ‘LICE_GETA’
 2642 |     const int r = LICE_GETR(color), g = LICE_GETG(color), b = LICE_GETB(color), a = LICE_GETA(color);
      |                                                                                     ^~~~~~~~~
/workspace/scratch/286141ad5a40/repo-checkout/src/WDL/lice/lice.cpp:2640:131: warning: unused parameter ‘span’ [-Wunused-parameter]
 2640 |   static void DrawGlyphMonoScale(const unsigned char * srcalpha, LICE_pixel* destpx, int src_w, int src_h, LICE_pixel color,  int span, int src_span, int aa, int scale)
      |                                                                                                                               ~~~~^~~~
/workspace/scratch/286141ad5a40/repo-checkout/src/WDL/lice/lice.cpp: In instantiation of ‘static void GlyphDrawImpl<COMBFUNC>::DrawGlyphMonoScale(const unsigned char*, LICE_pixel*, int, int, LICE_pixel, int, int, int, int) [with COMBFUNC = _LICE_CombinePixelsMulClamp; LICE_pixel = unsigned int]’:
/workspace/scratch/286141ad5a40/repo-checkout/src/WDL/lice/lice.cpp:2826:2:   required from here
/workspace/scratch/286141ad5a40/repo-checkout/src/WDL/lice/lice.h:61:32: warning: conversion to ‘int’ from ‘LICE_pixel’ {aka ‘unsigned int’} may change the sign of the result [-Wsign-conversion]
   61 | #define LICE_GETA(v) (((v)>>24)&0xff)
      |                      ~~~~~~~~~~^~~~~~
/workspace/scratch/286141ad5a40/repo-checkout/src/WDL/lice/lice.cpp:2642:85: note: in expansion of macro ‘LICE_GETA’
 2642 |     const int r = LICE_GETR(color), g = LICE_GETG(color), b = LICE_GETB(color), a = LICE_GETA(color);
      |                                                                                     ^~~~~~~~~
/workspace/scratch/286141ad5a40/repo-checkout/src/WDL/lice/lice.cpp:2640:131: warning: unused parameter ‘span’ [-Wunused-parameter]
 2640 |   static void DrawGlyphMonoScale(const unsigned char * srcalpha, LICE_pixel* destpx, int src_w, int src_h, LICE_pixel color,  int span, int src_span, int aa, int scale)
      |                                                                                                                               ~~~~^~~~
/workspace/scratch/286141ad5a40/repo-checkout/src/WDL/lice/lice.cpp: In instantiation of ‘static void GlyphDrawImpl<COMBFUNC>::DrawGlyphMonoScale(const unsigned char*, LICE_pixel*, int, int, LICE_pixel, int, int, int, int) [with COMBFUNC = _LICE_CombinePixelsMulNoClamp; LICE_pixel = unsigned int]’:
/workspace/scratch/286141ad5a40/repo-checkout/src/WDL/lice/lice.cpp:2826:2:   required from here
/workspace/scratch/286141ad5a40/repo-checkout/src/WDL/lice/lice.h:61:32: warning: conversion to ‘int’ from ‘LICE_pixel’ {aka ‘unsigned int’} may change the sign of the result [-Wsign-conversion]
   61 | #define LICE_GETA(v) (((v)>>24)&0xff)
      |                      ~~~~~~~~~~^~~~~~
/workspace/scratch/286141ad5a40/repo-checkout/src/WDL/lice/lice.cpp:2642:85: note: in expansion of macro ‘LICE_GETA’
 2642 |     const int r = LICE_GETR(color), g = LICE_GETG(color), b = LICE_GETB(color), a = LICE_GETA(color);
      |                                                                                     ^~~~~~~~~
/workspace/scratch/286141ad5a40/repo-checkout/src/WDL/lice/lice.cpp:2640:131: warning: unused parameter ‘span’ [-Wunused-parameter]
 2640 |   static void DrawGlyphMonoScale(const unsigned char * srcalpha, LICE_pixel* destpx, int src_w, int src_h, LICE_pixel color,  int span, int src_span, int aa, int scale)
      |                                                                                                                               ~~~~^~~~
/workspace/scratch/286141ad5a40/repo-checkout/src/WDL/lice/lice.cpp: In instantiation of ‘static void GlyphDrawImpl<COMBFUNC>::DrawGlyphMonoScale(const unsigned char*, LICE_pixel*, int, int, LICE_pixel, int, int, int, int) [with COMBFUNC = _LICE_CombinePixelsOverlay; LICE_pixel = unsigned int]’:
/workspace/scratch/286141ad5a40/repo-checkout/src/WDL/lice/lice.cpp:2826:2:   required from here
/workspace/scratch/286141ad5a40/repo-checkout/src/WDL/lice/lice.h:61:32: warning: conversion to ‘int’ from ‘LICE_pixel’ {aka ‘unsigned int’} may change the sign of the result [-Wsign-conversion]
   61 | #define LICE_GETA(v) (((v)>>24)&0xff)
      |                      ~~~~~~~~~~^~~~~~
/workspace/scratch/286141ad5a40/repo-checkout/src/WDL/lice/lice.cpp:2642:85: note: in expansion of macro ‘LICE_GETA’
 2642 |     const int r = LICE_GETR(color), g = LICE_GETG(color), b = LICE_GETB(color), a = LICE_GETA(color);
      |                                                                                     ^~~~~~~~~
/workspace/scratch/286141ad5a40/repo-checkout/src/WDL/lice/lice.cpp:2640:131: warning: unused parameter ‘span’ [-Wunused-parameter]
 2640 |   static void DrawGlyphMonoScale(const unsigned char * srcalpha, LICE_pixel* destpx, int src_w, int src_h, LICE_pixel color,  int span, int src_span, int aa, int scale)
      |                                                                                                                               ~~~~^~~~
/workspace/scratch/286141ad5a40/repo-checkout/src/WDL/lice/lice.cpp: In instantiation of ‘static void GlyphDrawImpl<COMBFUNC>::DrawGlyphMonoScale(const unsigned char*, LICE_pixel*, int, int, LICE_pixel, int, int, int, int) [with COMBFUNC = _LICE_CombinePixelsHSVAdjust; LICE_pixel = unsigned int]’:
/workspace/scratch/286141ad5a40/repo-checkout/src/WDL/lice/lice.cpp:2826:2:   required from here
/workspace/scratch/286141ad5a40/repo-checkout/src/WDL/lice/lice.h:61:32: warning: conversion to ‘int’ from ‘LICE_pixel’ {aka ‘unsigned int’} may change the sign of the result [-Wsign-conversion]
   61 | #define LICE_GETA(v) (((v)>>24)&0xff)
      |                      ~~~~~~~~~~^~~~~~
/workspace/scratch/286141ad5a40/repo-checkout/src/WDL/lice/lice.cpp:2642:85: note: in expansion of macro ‘LICE_GETA’
 2642 |     const int r = LICE_GETR(color), g = LICE_GETG(color), b = LICE_GETB(color), a = LICE_GETA(color);
      |                                                                                     ^~~~~~~~~
/workspace/scratch/286141ad5a40/repo-checkout/src/WDL/lice/lice.cpp:2640:131: warning: unused parameter ‘span’ [-Wunused-parameter]
 2640 |   static void DrawGlyphMonoScale(const unsigned char * srcalpha, LICE_pixel* destpx, int src_w, int src_h, LICE_pixel color,  int span, int src_span, int aa, int scale)
      |                                                                                                                               ~~~~^~~~
/workspace/scratch/286141ad5a40/repo-checkout/src/WDL/lice/lice.cpp: In instantiation of ‘static void GlyphDrawImpl<COMBFUNC>::DrawGlyphMono(const unsigned char*, LICE_pixel*, int, int, LICE_pixel, int, int, int) [with COMBFUNC = _LICE_CombinePixelsCopyClamp; LICE_pixel = unsigned int]’:
/workspace/scratch/286141ad5a40/repo-checkout/src/WDL/lice/lice.cpp:2832:2:   required from here
/workspace/scratch/286141ad5a40/repo-checkout/src/WDL/lice/lice.h:61:32: warning: conversion to ‘int’ from ‘LICE_pixel’ {aka ‘unsigned int’} may change the sign of the result [-Wsign-conversion]
   61 | #define LICE_GETA(v) (((v)>>24)&0xff)
      |                      ~~~~~~~~~~^~~~~~
/workspace/scratch/286141ad5a40/repo-checkout/src/WDL/lice/lice.cpp:2623:85: note: in expansion of macro ‘LICE_GETA’
 2623 |     const int r = LICE_GETR(color), g = LICE_GETG(color), b = LICE_GETB(color), a = LICE_GETA(color);
      |                                                                                     ^~~~~~~~~
/workspace/scratch/286141ad5a40/repo-checkout/src/WDL/lice/lice.cpp: In instantiation of ‘static void GlyphDrawImpl<COMBFUNC>::DrawGlyphMono(const unsigned char*, LICE_pixel*, int, int, LICE_pixel, int, int, int) [with COMBFUNC = _LICE_CombinePixelsCopyNoClamp; LICE_pixel = unsigned int]’:
/workspace/scratch/286141ad5a40/repo-checkout/src/WDL/lice/lice.cpp:2832:2:   required from here
/workspace/scratch/286141ad5a40/repo-checkout/src/WDL/lice/lice.h:61:32: warning: conversion to ‘int’ from ‘LICE_pixel’ {aka ‘unsigned int’} may change the sign of the result [-Wsign-conversion]
   61 | #define LICE_GETA(v) (((v)>>24)&0xff)
      |                      ~~~~~~~~~~^~~~~~
/workspace/scratch/286141ad5a40/repo-checkout/src/WDL/lice/lice.cpp:2623:85: note: in expansion of macro ‘LICE_GETA’
 2623 |     const int r = LICE_GETR(color), g = LICE_GETG(color), b = LICE_GETB(color), a = LICE_GETA(color);
      |                                                                                     ^~~~~~~~~
/workspace/scratch/286141ad5a40/repo-checkout/src/WDL/lice/lice.cpp: In instantiation of ‘static void GlyphDrawImpl<COMBFUNC>::DrawGlyphMono(const unsigned char*, LICE_pixel*, int, int, LICE_pixel, int, int, int) [with COMBFUNC = _LICE_CombinePixelsAdd; LICE_pixel = unsigned int]’:
/workspace/scratch/286141ad5a40/repo-checkout/src/WDL/lice/lice.cpp:2832:2:   required from here
/workspace/scratch/286141ad5a40/repo-checkout/src/WDL/lice/lice.h:61:32: warning: conversion to ‘int’ from ‘LICE_pixel’ {aka ‘unsigned int’} may change the sign of the result [-Wsign-conversion]
   61 | #define LICE_GETA(v) (((v)>>24)&0xff)
      |                      ~~~~~~~~~~^~~~~~
/workspace/scratch/286141ad5a40/repo-checkout/src/WDL/lice/lice.cpp:2623:85: note: in expansion of macro ‘LICE_GETA’
 2623 |     const int r = LICE_GETR(color), g = LICE_GETG(color), b = LICE_GETB(color), a = LICE_GETA(color);
      |                                                                                     ^~~~~~~~~
/workspace/scratch/286141ad5a40/repo-checkout/src/WDL/lice/lice.cpp: In instantiation of ‘static void GlyphDrawImpl<COMBFUNC>::DrawGlyphMono(const unsigned char*, LICE_pixel*, int, int, LICE_pixel, int, int, int) [with COMBFUNC = _LICE_CombinePixelsColorDodge; LICE_pixel = unsigned int]’:
/workspace/scratch/286141ad5a40/repo-checkout/src/WDL/lice/lice.cpp:2832:2:   required from here
/workspace/scratch/286141ad5a40/repo-checkout/src/WDL/lice/lice.h:61:32: warning: conversion to ‘int’ from ‘LICE_pixel’ {aka ‘unsigned int’} may change the sign of the result [-Wsign-conversion]
   61 | #define LICE_GETA(v) (((v)>>24)&0xff)
      |                      ~~~~~~~~~~^~~~~~
/workspace/scratch/286141ad5a40/repo-checkout/src/WDL/lice/lice.cpp:2623:85: note: in expansion of macro ‘LICE_GETA’
 2623 |     const int r = LICE_GETR(color), g = LICE_GETG(color), b = LICE_GETB(color), a = LICE_GETA(color);
      |                                                                                     ^~~~~~~~~
/workspace/scratch/286141ad5a40/repo-checkout/src/WDL/lice/lice.cpp: In instantiation of ‘static void GlyphDrawImpl<COMBFUNC>::DrawGlyphMono(const unsigned char*, LICE_pixel*, int, int, LICE_pixel, int, int, int) [with COMBFUNC = _LICE_CombinePixelsMulClamp; LICE_pixel = unsigned int]’:
/workspace/scratch/286141ad5a40/repo-checkout/src/WDL/lice/lice.cpp:2832:2:   required from here
/workspace/scratch/286141ad5a40/repo-checkout/src/WDL/lice/lice.h:61:32: warning: conversion to ‘int’ from ‘LICE_pixel’ {aka ‘unsigned int’} may change the sign of the result [-Wsign-conversion]
   61 | #define LICE_GETA(v) (((v)>>24)&0xff)
      |                      ~~~~~~~~~~^~~~~~
/workspace/scratch/286141ad5a40/repo-checkout/src/WDL/lice/lice.cpp:2623:85: note: in expansion of macro ‘LICE_GETA’
 2623 |     const int r = LICE_GETR(color), g = LICE_GETG(color), b = LICE_GETB(color), a = LICE_GETA(color);
      |                                                                                     ^~~~~~~~~
/workspace/scratch/286141ad5a40/repo-checkout/src/WDL/lice/lice.cpp: In instantiation of ‘static void GlyphDrawImpl<COMBFUNC>::DrawGlyphMono(const unsigned char*, LICE_pixel*, int, int, LICE_pixel, int, int, int) [with COMBFUNC = _LICE_CombinePixelsMulNoClamp; LICE_pixel = unsigned int]’:
/workspace/scratch/286141ad5a40/repo-checkout/src/WDL/lice/lice.cpp:2832:2:   required from here
/workspace/scratch/286141ad5a40/repo-checkout/src/WDL/lice/lice.h:61:32: warning: conversion to ‘int’ from ‘LICE_pixel’ {aka ‘unsigned int’} may change the sign of the result [-Wsign-conversion]
   61 | #define LICE_GETA(v) (((v)>>24)&0xff)
      |                      ~~~~~~~~~~^~~~~~
/workspace/scratch/286141ad5a40/repo-checkout/src/WDL/lice/lice.cpp:2623:85: note: in expansion of macro ‘LICE_GETA’
 2623 |     const int r = LICE_GETR(color), g = LICE_GETG(color), b = LICE_GETB(color), a = LICE_GETA(color);
      |                                                                                     ^~~~~~~~~
/workspace/scratch/286141ad5a40/repo-checkout/src/WDL/lice/lice.cpp: In instantiation of ‘static void GlyphDrawImpl<COMBFUNC>::DrawGlyphMono(const unsigned char*, LICE_pixel*, int, int, LICE_pixel, int, int, int) [with COMBFUNC = _LICE_CombinePixelsOverlay; LICE_pixel = unsigned int]’:
/workspace/scratch/286141ad5a40/repo-checkout/src/WDL/lice/lice.cpp:2832:2:   required from here
/workspace/scratch/286141ad5a40/repo-checkout/src/WDL/lice/lice.h:61:32: warning: conversion to ‘int’ from ‘LICE_pixel’ {aka ‘unsigned int’} may change the sign of the result [-Wsign-conversion]
   61 | #define LICE_GETA(v) (((v)>>24)&0xff)
      |                      ~~~~~~~~~~^~~~~~
/workspace/scratch/286141ad5a40/repo-checkout/src/WDL/lice/lice.cpp:2623:85: note: in expansion of macro ‘LICE_GETA’
 2623 |     const int r = LICE_GETR(color), g = LICE_GETG(color), b = LICE_GETB(color), a = LICE_GETA(color);
      |                                                                                     ^~~~~~~~~
/workspace/scratch/286141ad5a40/repo-checkout/src/WDL/lice/lice.cpp: In instantiation of ‘static void GlyphDrawImpl<COMBFUNC>::DrawGlyphMono(const unsigned char*, LICE_pixel*, int, int, LICE_pixel, int, int, int) [with COMBFUNC = _LICE_CombinePixelsHSVAdjust; LICE_pixel = unsigned int]’:
/workspace/scratch/286141ad5a40/repo-checkout/src/WDL/lice/lice.cpp:2832:2:   required from here
/workspace/scratch/286141ad5a40/repo-checkout/src/WDL/lice/lice.h:61:32: warning: conversion to ‘int’ from ‘LICE_pixel’ {aka ‘unsigned int’} may change the sign of the result [-Wsign-conversion]
   61 | #define LICE_GETA(v) (((v)>>24)&0xff)
      |                      ~~~~~~~~~~^~~~~~
/workspace/scratch/286141ad5a40/repo-checkout/src/WDL/lice/lice.cpp:2623:85: note: in expansion of macro ‘LICE_GETA’
 2623 |     const int r = LICE_GETR(color), g = LICE_GETG(color), b = LICE_GETB(color), a = LICE_GETA(color);
      |                                                                                     ^~~~~~~~~
/workspace/scratch/286141ad5a40/repo-checkout/src/WDL/lice/lice_line.cpp: In instantiation of ‘static void __LICE_LineClassSimple<COMBFUNC>::LICE_HorizLine(LICE_pixel*, int, LICE_pixel, int) [with COMBFUNC = _LICE_CombinePixelsClobberClamp; LICE_pixel = unsigned int]’:
/workspace/scratch/286141ad5a40/repo-checkout/src/WDL/lice/lice_line.cpp:668:9:   required from here
/workspace/scratch/286141ad5a40/repo-checkout/src/WDL/lice/lice.h:61:32: warning: conversion to ‘int’ from ‘LICE_pixel’ {aka ‘unsigned int’} may change the sign of the result [-Wsign-conversion]
   61 | #define LICE_GETA(v) (((v)>>24)&0xff)
      |                      ~~~~~~~~~~^~~~~~
/workspace/scratch/286141ad5a40/repo-checkout/src/WDL/lice/lice_line.cpp:289:79: note: in expansion of macro ‘LICE_GETA’
  289 |     int r = LICE_GETR(color), g = LICE_GETG(color), b = LICE_GETB(color), a = LICE_GETA(color);
      |                                                                               ^~~~~~~~~
/workspace/scratch/286141ad5a40/repo-checkout/src/WDL/lice/lice_line.cpp: In instantiation of ‘static void __LICE_LineClassSimple<COMBFUNC>::LICE_HorizLine(LICE_pixel*, int, LICE_pixel, int) [with COMBFUNC = _LICE_CombinePixelsClobberNoClamp; LICE_pixel = unsigned int]’:
/workspace/scratch/286141ad5a40/repo-checkout/src/WDL/lice/lice_line.cpp:668:9:   required from here
/workspace/scratch/286141ad5a40/repo-checkout/src/WDL/lice/lice.h:61:32: warning: conversion to ‘int’ from ‘LICE_pixel’ {aka ‘unsigned int’} may change the sign of the result [-Wsign-conversion]
   61 | #define LICE_GETA(v) (((v)>>24)&0xff)
      |                      ~~~~~~~~~~^~~~~~
/workspace/scratch/286141ad5a40/repo-checkout/src/WDL/lice/lice_line.cpp:289:79: note: in expansion of macro ‘LICE_GETA’
  289 |     int r = LICE_GETR(color), g = LICE_GETG(color), b = LICE_GETB(color), a = LICE_GETA(color);
      |                                                                               ^~~~~~~~~
/workspace/scratch/286141ad5a40/repo-checkout/src/WDL/lice/lice_line.cpp: In instantiation of ‘static void __LICE_LineClassSimple<COMBFUNC>::LICE_HorizLine(LICE_pixel*, int, LICE_pixel, int) [with COMBFUNC = _LICE_CombinePixelsHalfMixClamp; LICE_pixel = unsigned int]’:
/workspace/scratch/286141ad5a40/repo-checkout/src/WDL/lice/lice_line.cpp:668:9:   required from here
/workspace/scratch/286141ad5a40/repo-checkout/src/WDL/lice/lice.h:61:32: warning: conversion to ‘int’ from ‘LICE_pixel’ {aka ‘unsigned int’} may change the sign of the result [-Wsign-conversion]
   61 | #define LICE_GETA(v) (((v)>>24)&0xff)
      |                      ~~~~~~~~~~^~~~~~
/workspace/scratch/286141ad5a40/repo-checkout/src/WDL/lice/lice_line.cpp:289:79: note: in expansion of macro ‘LICE_GETA’
  289 |     int r = LICE_GETR(color), g = LICE_GETG(color), b = LICE_GETB(color), a = LICE_GETA(color);
      |                                                                               ^~~~~~~~~
/workspace/scratch/286141ad5a40/repo-checkout/src/WDL/lice/lice_line.cpp: In instantiation of ‘static void __LICE_LineClassSimple<COMBFUNC>::LICE_HorizLine(LICE_pixel*, int, LICE_pixel, int) [with COMBFUNC = _LICE_CombinePixelsHalfMixNoClamp; LICE_pixel = unsigned int]’:
/workspace/scratch/286141ad5a40/repo-checkout/src/WDL/lice/lice_line.cpp:668:9:   required from here
/workspace/scratch/286141ad5a40/repo-checkout/src/WDL/lice/lice.h:61:32: warning: conversion to ‘int’ from ‘LICE_pixel’ {aka ‘unsigned int’} may change the sign of the result [-Wsign-conversion]
   61 | #define LICE_GETA(v) (((v)>>24)&0xff)
      |                      ~~~~~~~~~~^~~~~~
/workspace/scratch/286141ad5a40/repo-checkout/src/WDL/lice/lice_line.cpp:289:79: note: in expansion of macro ‘LICE_GETA’
  289 |     int r = LICE_GETR(color), g = LICE_GETG(color), b = LICE_GETB(color), a = LICE_GETA(color);
      |                                                                               ^~~~~~~~~
/workspace/scratch/286141ad5a40/repo-checkout/src/WDL/lice/lice_line.cpp: In instantiation of ‘static void __LICE_LineClassSimple<COMBFUNC>::LICE_HorizLine(LICE_pixel*, int, LICE_pixel, int) [with COMBFUNC = _LICE_CombinePixelsCopyClamp; LICE_pixel = unsigned int]’:
/workspace/scratch/286141ad5a40/repo-checkout/src/WDL/lice/lice_line.cpp:668:9:   required from here
/workspace/scratch/286141ad5a40/repo-checkout/src/WDL/lice/lice.h:61:32: warning: conversion to ‘int’ from ‘LICE_pixel’ {aka ‘unsigned int’} may change the sign of the result [-Wsign-conversion]
   61 | #define LICE_GETA(v) (((v)>>24)&0xff)
      |                      ~~~~~~~~~~^~~~~~
/workspace/scratch/286141ad5a40/repo-checkout/src/WDL/lice/lice_line.cpp:289:79: note: in expansion of macro ‘LICE_GETA’
  289 |     int r = LICE_GETR(color), g = LICE_GETG(color), b = LICE_GETB(color), a = LICE_GETA(color);
      |                                                                               ^~~~~~~~~
/workspace/scratch/286141ad5a40/repo-checkout/src/WDL/lice/lice_line.cpp: In instantiation of ‘static void __LICE_LineClassSimple<COMBFUNC>::LICE_HorizLine(LICE_pixel*, int, LICE_pixel, int) [with COMBFUNC = _LICE_CombinePixelsCopyNoClamp; LICE_pixel = unsigned int]’:
/workspace/scratch/286141ad5a40/repo-checkout/src/WDL/lice/lice_line.cpp:668:9:   required from here
/workspace/scratch/286141ad5a40/repo-checkout/src/WDL/lice/lice.h:61:32: warning: conversion to ‘int’ from ‘LICE_pixel’ {aka ‘unsigned int’} may change the sign of the result [-Wsign-conversion]
   61 | #define LICE_GETA(v) (((v)>>24)&0xff)
      |                      ~~~~~~~~~~^~~~~~
/workspace/scratch/286141ad5a40/repo-checkout/src/WDL/lice/lice_line.cpp:289:79: note: in expansion of macro ‘LICE_GETA’
  289 |     int r = LICE_GETR(color), g = LICE_GETG(color), b = LICE_GETB(color), a = LICE_GETA(color);
      |                                                                               ^~~~~~~~~
/workspace/scratch/286141ad5a40/repo-checkout/src/WDL/lice/lice_line.cpp: In instantiation of ‘static void __LICE_LineClassSimple<COMBFUNC>::LICE_HorizLine(LICE_pixel*, int, LICE_pixel, int) [with COMBFUNC = _LICE_CombinePixelsAdd; LICE_pixel = unsigned int]’:
/workspace/scratch/286141ad5a40/repo-checkout/src/WDL/lice/lice_line.cpp:668:9:   required from here
/workspace/scratch/286141ad5a40/repo-checkout/src/WDL/lice/lice.h:61:32: warning: conversion to ‘int’ from ‘LICE_pixel’ {aka ‘unsigned int’} may change the sign of the result [-Wsign-conversion]
   61 | #define LICE_GETA(v) (((v)>>24)&0xff)
      |                      ~~~~~~~~~~^~~~~~
/workspace/scratch/286141ad5a40/repo-checkout/src/WDL/lice/lice_line.cpp:289:79: note: in expansion of macro ‘LICE_GETA’
  289 |     int r = LICE_GETR(color), g = LICE_GETG(color), b = LICE_GETB(color), a = LICE_GETA(color);
      |                                                                               ^~~~~~~~~
/workspace/scratch/286141ad5a40/repo-checkout/src/WDL/lice/lice_line.cpp: In instantiation of ‘static void __LICE_LineClassSimple<COMBFUNC>::LICE_HorizLine(LICE_pixel*, int, LICE_pixel, int) [with COMBFUNC = _LICE_CombinePixelsColorDodge; LICE_pixel = unsigned int]’:
/workspace/scratch/286141ad5a40/repo-checkout/src/WDL/lice/lice_line.cpp:668:9:   required from here
/workspace/scratch/286141ad5a40/repo-checkout/src/WDL/lice/lice.h:61:32: warning: conversion to ‘int’ from ‘LICE_pixel’ {aka ‘unsigned int’} may change the sign of the result [-Wsign-conversion]
   61 | #define LICE_GETA(v) (((v)>>24)&0xff)
      |                      ~~~~~~~~~~^~~~~~
/workspace/scratch/286141ad5a40/repo-checkout/src/WDL/lice/lice_line.cpp:289:79: note: in expansion of macro ‘LICE_GETA’
  289 |     int r = LICE_GETR(color), g = LICE_GETG(color), b = LICE_GETB(color), a = LICE_GETA(color);
      |                                                                               ^~~~~~~~~
/workspace/scratch/286141ad5a40/repo-checkout/src/WDL/lice/lice_line.cpp: In instantiation of ‘static void __LICE_LineClassSimple<COMBFUNC>::LICE_HorizLine(LICE_pixel*, int, LICE_pixel, int) [with COMBFUNC = _LICE_CombinePixelsMulClamp; LICE_pixel = unsigned int]’:
/workspace/scratch/286141ad5a40/repo-checkout/src/WDL/lice/lice_line.cpp:668:9:   required from here
/workspace/scratch/286141ad5a40/repo-checkout/src/WDL/lice/lice.h:61:32: warning: conversion to ‘int’ from ‘LICE_pixel’ {aka ‘unsigned int’} may change the sign of the result [-Wsign-conversion]
   61 | #define LICE_GETA(v) (((v)>>24)&0xff)
      |                      ~~~~~~~~~~^~~~~~
/workspace/scratch/286141ad5a40/repo-checkout/src/WDL/lice/lice_line.cpp:289:79: note: in expansion of macro ‘LICE_GETA’
  289 |     int r = LICE_GETR(color), g = LICE_GETG(color), b = LICE_GETB(color), a = LICE_GETA(color);
      |                                                                               ^~~~~~~~~
/workspace/scratch/286141ad5a40/repo-checkout/src/WDL/lice/lice_line.cpp: In instantiation of ‘static void __LICE_LineClassSimple<COMBFUNC>::LICE_HorizLine(LICE_pixel*, int, LICE_pixel, int) [with COMBFUNC = _LICE_CombinePixelsMulNoClamp; LICE_pixel = unsigned int]’:
/workspace/scratch/286141ad5a40/repo-checkout/src/WDL/lice/lice_line.cpp:668:9:   required from here
/workspace/scratch/286141ad5a40/repo-checkout/src/WDL/lice/lice.h:61:32: warning: conversion to ‘int’ from ‘LICE_pixel’ {aka ‘unsigned int’} may change the sign of the result [-Wsign-conversion]
   61 | #define LICE_GETA(v) (((v)>>24)&0xff)
      |                      ~~~~~~~~~~^~~~~~
/workspace/scratch/286141ad5a40/repo-checkout/src/WDL/lice/lice_line.cpp:289:79: note: in expansion of macro ‘LICE_GETA’
  289 |     int r = LICE_GETR(color), g = LICE_GETG(color), b = LICE_GETB(color), a = LICE_GETA(color);
      |                                                                               ^~~~~~~~~
/workspace/scratch/286141ad5a40/repo-checkout/src/WDL/lice/lice_line.cpp: In instantiation of ‘static void __LICE_LineClassSimple<COMBFUNC>::LICE_HorizLine(LICE_pixel*, int, LICE_pixel, int) [with COMBFUNC = _LICE_CombinePixelsOverlay; LICE_pixel = unsigned int]’:
/workspace/scratch/286141ad5a40/repo-checkout/src/WDL/lice/lice_line.cpp:668:9:   required from here
/workspace/scratch/286141ad5a40/repo-checkout/src/WDL/lice/lice.h:61:32: warning: conversion to ‘int’ from ‘LICE_pixel’ {aka ‘unsigned int’} may change the sign of the result [-Wsign-conversion]
   61 | #define LICE_GETA(v) (((v)>>24)&0xff)
      |                      ~~~~~~~~~~^~~~~~
/workspace/scratch/286141ad5a40/repo-checkout/src/WDL/lice/lice_line.cpp:289:79: note: in expansion of macro ‘LICE_GETA’
  289 |     int r = LICE_GETR(color), g = LICE_GETG(color), b = LICE_GETB(color), a = LICE_GETA(color);
      |                                                                               ^~~~~~~~~
/workspace/scratch/286141ad5a40/repo-checkout/src/WDL/lice/lice_line.cpp: In instantiation of ‘static void __LICE_LineClassSimple<COMBFUNC>::LICE_HorizLine(LICE_pixel*, int, LICE_pixel, int) [with COMBFUNC = _LICE_CombinePixelsHSVAdjust; LICE_pixel = unsigned int]’:
/workspace/scratch/286141ad5a40/repo-checkout/src/WDL/lice/lice_line.cpp:668:9:   required from here
/workspace/scratch/286141ad5a40/repo-checkout/src/WDL/lice/lice.h:61:32: warning: conversion to ‘int’ from ‘LICE_pixel’ {aka ‘unsigned int’} may change the sign of the result [-Wsign-conversion]
   61 | #define LICE_GETA(v) (((v)>>24)&0xff)
      |                      ~~~~~~~~~~^~~~~~
/workspace/scratch/286141ad5a40/repo-checkout/src/WDL/lice/lice_line.cpp:289:79: note: in expansion of macro ‘LICE_GETA’
  289 |     int r = LICE_GETR(color), g = LICE_GETG(color), b = LICE_GETB(color), a = LICE_GETA(color);
      |                                                                               ^~~~~~~~~
/workspace/scratch/286141ad5a40/repo-checkout/src/WDL/lice/lice_line.cpp: In instantiation of ‘static void __LICE_LineClassSimple<COMBFUNC>::LICE_DiagLineAA(LICE_pixel*, int, int, int, int, LICE_pixel, int) [with COMBFUNC = _LICE_CombinePixelsCopyClamp; LICE_pixel = unsigned int]’:
/workspace/scratch/286141ad5a40/repo-checkout/src/WDL/lice/lice_line.cpp:721:11:   required from here
/workspace/scratch/286141ad5a40/repo-checkout/src/WDL/lice/lice.h:61:32: warning: conversion to ‘int’ from ‘LICE_pixel’ {aka ‘unsigned int’} may change the sign of the result [-Wsign-conversion]
   61 | #define LICE_GETA(v) (((v)>>24)&0xff)
      |                      ~~~~~~~~~~^~~~~~
/workspace/scratch/286141ad5a40/repo-checkout/src/WDL/lice/lice_line.cpp:309:79: note: in expansion of macro ‘LICE_GETA’
  309 |     int r = LICE_GETR(color), g = LICE_GETG(color), b = LICE_GETB(color), a = LICE_GETA(color);
      |                                                                               ^~~~~~~~~
/workspace/scratch/286141ad5a40/repo-checkout/src/WDL/lice/lice_line.cpp:307:51: warning: unused parameter ‘span’ [-Wunused-parameter]
  307 |   static void LICE_DiagLineAA(LICE_pixel *px, int span, int n, int xstep, int ystep, LICE_pixel color, int aw)
      |                                               ~~~~^~~~
/workspace/scratch/286141ad5a40/repo-checkout/src/WDL/lice/lice_line.cpp: In instantiation of ‘static void __LICE_LineClassSimple<COMBFUNC>::LICE_DiagLineAA(LICE_pixel*, int, int, int, int, LICE_pixel, int) [with COMBFUNC = _LICE_CombinePixelsCopyNoClamp; LICE_pixel = unsigned int]’:
/workspace/scratch/286141ad5a40/repo-checkout/src/WDL/lice/lice_line.cpp:721:11:   required from here
/workspace/scratch/286141ad5a40/repo-checkout/src/WDL/lice/lice.h:61:32: warning: conversion to ‘int’ from ‘LICE_pixel’ {aka ‘unsigned int’} may change the sign of the result [-Wsign-conversion]
   61 | #define LICE_GETA(v) (((v)>>24)&0xff)
      |                      ~~~~~~~~~~^~~~~~
/workspace/scratch/286141ad5a40/repo-checkout/src/WDL/lice/lice_line.cpp:309:79: note: in expansion of macro ‘LICE_GETA’
  309 |     int r = LICE_GETR(color), g = LICE_GETG(color), b = LICE_GETB(color), a = LICE_GETA(color);
      |                                                                               ^~~~~~~~~
/workspace/scratch/286141ad5a40/repo-checkout/src/WDL/lice/lice_line.cpp:307:51: warning: unused parameter ‘span’ [-Wunused-parameter]
  307 |   static void LICE_DiagLineAA(LICE_pixel *px, int span, int n, int xstep, int ystep, LICE_pixel color, int aw)
      |                                               ~~~~^~~~
/workspace/scratch/286141ad5a40/repo-checkout/src/WDL/lice/lice_line.cpp: In instantiation of ‘static void __LICE_LineClassSimple<COMBFUNC>::LICE_DiagLineAA(LICE_pixel*, int, int, int, int, LICE_pixel, int) [with COMBFUNC = _LICE_CombinePixelsAdd; LICE_pixel = unsigned int]’:
/workspace/scratch/286141ad5a40/repo-checkout/src/WDL/lice/lice_line.cpp:721:11:   required from here
/workspace/scratch/286141ad5a40/repo-checkout/src/WDL/lice/lice.h:61:32: warning: conversion to ‘int’ from ‘LICE_pixel’ {aka ‘unsigned int’} may change the sign of the result [-Wsign-conversion]
   61 | #define LICE_GETA(v) (((v)>>24)&0xff)
      |                      ~~~~~~~~~~^~~~~~
/workspace/scratch/286141ad5a40/repo-checkout/src/WDL/lice/lice_line.cpp:309:79: note: in expansion of macro ‘LICE_GETA’
  309 |     int r = LICE_GETR(color), g = LICE_GETG(color), b = LICE_GETB(color), a = LICE_GETA(color);
      |                                                                               ^~~~~~~~~
/workspace/scratch/286141ad5a40/repo-checkout/src/WDL/lice/lice_line.cpp:307:51: warning: unused parameter ‘span’ [-Wunused-parameter]
  307 |   static void LICE_DiagLineAA(LICE_pixel *px, int span, int n, int xstep, int ystep, LICE_pixel color, int aw)
      |                                               ~~~~^~~~
/workspace/scratch/286141ad5a40/repo-checkout/src/WDL/lice/lice_line.cpp: In instantiation of ‘static void __LICE_LineClassSimple<COMBFUNC>::LICE_DiagLineAA(LICE_pixel*, int, int, int, int, LICE_pixel, int) [with COMBFUNC = _LICE_CombinePixelsColorDodge; LICE_pixel = unsigned int]’:
/workspace/scratch/286141ad5a40/repo-checkout/src/WDL/lice/lice_line.cpp:721:11:   required from here
/workspace/scratch/286141ad5a40/repo-checkout/src/WDL/lice/lice.h:61:32: warning: conversion to ‘int’ from ‘LICE_pixel’ {aka ‘unsigned int’} may change the sign of the result [-Wsign-conversion]
   61 | #define LICE_GETA(v) (((v)>>24)&0xff)
      |                      ~~~~~~~~~~^~~~~~
/workspace/scratch/286141ad5a40/repo-checkout/src/WDL/lice/lice_line.cpp:309:79: note: in expansion of macro ‘LICE_GETA’
  309 |     int r = LICE_GETR(color), g = LICE_GETG(color), b = LICE_GETB(color), a = LICE_GETA(color);
      |                                                                               ^~~~~~~~~
/workspace/scratch/286141ad5a40/repo-checkout/src/WDL/lice/lice_line.cpp:307:51: warning: unused parameter ‘span’ [-Wunused-parameter]
  307 |   static void LICE_DiagLineAA(LICE_pixel *px, int span, int n, int xstep, int ystep, LICE_pixel color, int aw)
      |                                               ~~~~^~~~
/workspace/scratch/286141ad5a40/repo-checkout/src/WDL/lice/lice_line.cpp: In instantiation of ‘static void __LICE_LineClassSimple<COMBFUNC>::LICE_DiagLineAA(LICE_pixel*, int, int, int, int, LICE_pixel, int) [with COMBFUNC = _LICE_CombinePixelsMulClamp; LICE_pixel = unsigned int]’:
/workspace/scratch/286141ad5a40/repo-checkout/src/WDL/lice/lice_line.cpp:721:11:   required from here
/workspace/scratch/286141ad5a40/repo-checkout/src/WDL/lice/lice.h:61:32: warning: conversion to ‘int’ from ‘LICE_pixel’ {aka ‘unsigned int’} may change the sign of the result [-Wsign-conversion]
   61 | #define LICE_GETA(v) (((v)>>24)&0xff)
      |                      ~~~~~~~~~~^~~~~~
/workspace/scratch/286141ad5a40/repo-checkout/src/WDL/lice/lice_line.cpp:309:79: note: in expansion of macro ‘LICE_GETA’
  309 |     int r = LICE_GETR(color), g = LICE_GETG(color), b = LICE_GETB(color), a = LICE_GETA(color);
      |                                                                               ^~~~~~~~~
/workspace/scratch/286141ad5a40/repo-checkout/src/WDL/lice/lice_line.cpp:307:51: warning: unused parameter ‘span’ [-Wunused-parameter]
  307 |   static void LICE_DiagLineAA(LICE_pixel *px, int span, int n, int xstep, int ystep, LICE_pixel color, int aw)
      |                                               ~~~~^~~~
/workspace/scratch/286141ad5a40/repo-checkout/src/WDL/lice/lice_line.cpp: In instantiation of ‘static void __LICE_LineClassSimple<COMBFUNC>::LICE_DiagLineAA(LICE_pixel*, int, int, int, int, LICE_pixel, int) [with COMBFUNC = _LICE_CombinePixelsMulNoClamp; LICE_pixel = unsigned int]’:
/workspace/scratch/286141ad5a40/repo-checkout/src/WDL/lice/lice_line.cpp:721:11:   required from here
/workspace/scratch/286141ad5a40/repo-checkout/src/WDL/lice/lice.h:61:32: warning: conversion to ‘int’ from ‘LICE_pixel’ {aka ‘unsigned int’} may change the sign of the result [-Wsign-conversion]
   61 | #define LICE_GETA(v) (((v)>>24)&0xff)
      |                      ~~~~~~~~~~^~~~~~
/workspace/scratch/286141ad5a40/repo-checkout/src/WDL/lice/lice_line.cpp:309:79: note: in expansion of macro ‘LICE_GETA’
  309 |     int r = LICE_GETR(color), g = LICE_GETG(color), b = LICE_GETB(color), a = LICE_GETA(color);
      |                                                                               ^~~~~~~~~
/workspace/scratch/286141ad5a40/repo-checkout/src/WDL/lice/lice_line.cpp:307:51: warning: unused parameter ‘span’ [-Wunused-parameter]
  307 |   static void LICE_DiagLineAA(LICE_pixel *px, int span, int n, int xstep, int ystep, LICE_pixel color, int aw)
      |                                               ~~~~^~~~
/workspace/scratch/286141ad5a40/repo-checkout/src/WDL/lice/lice_line.cpp: In instantiation of ‘static void __LICE_LineClassSimple<COMBFUNC>::LICE_DiagLineAA(LICE_pixel*, int, int, int, int, LICE_pixel, int) [with COMBFUNC = _LICE_CombinePixelsOverlay; LICE_pixel = unsigned int]’:
/workspace/scratch/286141ad5a40/repo-checkout/src/WDL/lice/lice_line.cpp:721:11:   required from here
/workspace/scratch/286141ad5a40/repo-checkout/src/WDL/lice/lice.h:61:32: warning: conversion to ‘int’ from ‘LICE_pixel’ {aka ‘unsigned int’} may change the sign of the result [-Wsign-conversion]
   61 | #define LICE_GETA(v) (((v)>>24)&0xff)
      |                      ~~~~~~~~~~^~~~~~
/workspace/scratch/286141ad5a40/repo-checkout/src/WDL/lice/lice_line.cpp:309:79: note: in expansion of macro ‘LICE_GETA’
  309 |     int r = LICE_GETR(color), g = LICE_GETG(color), b = LICE_GETB(color), a = LICE_GETA(color);
      |                                                                               ^~~~~~~~~
/workspace/scratch/286141ad5a40/repo-checkout/src/WDL/lice/lice_line.cpp:307:51: warning: unused parameter ‘span’ [-Wunused-parameter]
  307 |   static void LICE_DiagLineAA(LICE_pixel *px, int span, int n, int xstep, int ystep, LICE_pixel color, int aw)
      |                                               ~~~~^~~~
/workspace/scratch/286141ad5a40/repo-checkout/src/WDL/lice/lice_line.cpp: In instantiation of ‘static void __LICE_LineClassSimple<COMBFUNC>::LICE_DiagLineAA(LICE_pixel*, int, int, int, int, LICE_pixel, int) [with COMBFUNC = _LICE_CombinePixelsHSVAdjust; LICE_pixel = unsigned int]’:
/workspace/scratch/286141ad5a40/repo-checkout/src/WDL/lice/lice_line.cpp:721:11:   required from here
/workspace/scratch/286141ad5a40/repo-checkout/src/WDL/lice/lice.h:61:32: warning: conversion to ‘int’ from ‘LICE_pixel’ {aka ‘unsigned int’} may change the sign of the result [-Wsign-conversion]
   61 | #define LICE_GETA(v) (((v)>>24)&0xff)
      |                      ~~~~~~~~~~^~~~~~
/workspace/scratch/286141ad5a40/repo-checkout/src/WDL/lice/lice_line.cpp:309:79: note: in expansion of macro ‘LICE_GETA’
  309 |     int r = LICE_GETR(color), g = LICE_GETG(color), b = LICE_GETB(color), a = LICE_GETA(color);
      |                                                                               ^~~~~~~~~
/workspace/scratch/286141ad5a40/repo-checkout/src/WDL/lice/lice_line.cpp:307:51: warning: unused parameter ‘span’ [-Wunused-parameter]
  307 |   static void LICE_DiagLineAA(LICE_pixel *px, int span, int n, int xstep, int ystep, LICE_pixel color, int aw)
      |                                               ~~~~^~~~
/workspace/scratch/286141ad5a40/repo-checkout/src/WDL/lice/lice_line.cpp: In instantiation of ‘static void __LICE_LineClassSimple<COMBFUNC>::LICE_DiagLine(LICE_pixel*, int, int, int, int, LICE_pixel, int) [with COMBFUNC = _LICE_CombinePixelsClobberClamp; LICE_pixel = unsigned int]’:
/workspace/scratch/286141ad5a40/repo-checkout/src/WDL/lice/lice_line.cpp:727:11:   required from here
/workspace/scratch/286141ad5a40/repo-checkout/src/WDL/lice/lice.h:61:32: warning: conversion to ‘int’ from ‘LICE_pixel’ {aka ‘unsigned int’} may change the sign of the result [-Wsign-conversion]
   61 | #define LICE_GETA(v) (((v)>>24)&0xff)
      |                      ~~~~~~~~~~^~~~~~
/workspace/scratch/286141ad5a40/repo-checkout/src/WDL/lice/lice_line.cpp:299:79: note: in expansion of macro ‘LICE_GETA’
  299 |     int r = LICE_GETR(color), g = LICE_GETG(color), b = LICE_GETB(color), a = LICE_GETA(color);
      |                                                                               ^~~~~~~~~
/workspace/scratch/286141ad5a40/repo-checkout/src/WDL/lice/lice_line.cpp:297:49: warning: unused parameter ‘span’ [-Wunused-parameter]
  297 |   static void LICE_DiagLine(LICE_pixel *px, int span, int n, int xstep, int ystep, LICE_pixel color, int aw)
      |                                             ~~~~^~~~
/workspace/scratch/286141ad5a40/repo-checkout/src/WDL/lice/lice_line.cpp: In instantiation of ‘static void __LICE_LineClassSimple<COMBFUNC>::LICE_DiagLine(LICE_pixel*, int, int, int, int, LICE_pixel, int) [with COMBFUNC = _LICE_CombinePixelsClobberNoClamp; LICE_pixel = unsigned int]’:
/workspace/scratch/286141ad5a40/repo-checkout/src/WDL/lice/lice_line.cpp:727:11:   required from here
/workspace/scratch/286141ad5a40/repo-checkout/src/WDL/lice/lice.h:61:32: warning: conversion to ‘int’ from ‘LICE_pixel’ {aka ‘unsigned int’} may change the sign of the result [-Wsign-conversion]
   61 | #define LICE_GETA(v) (((v)>>24)&0xff)
      |                      ~~~~~~~~~~^~~~~~
/workspace/scratch/286141ad5a40/repo-checkout/src/WDL/lice/lice_line.cpp:299:79: note: in expansion of macro ‘LICE_GETA’
  299 |     int r = LICE_GETR(color), g = LICE_GETG(color), b = LICE_GETB(color), a = LICE_GETA(color);
      |                                                                               ^~~~~~~~~
/workspace/scratch/286141ad5a40/repo-checkout/src/WDL/lice/lice_line.cpp:297:49: warning: unused parameter ‘span’ [-Wunused-parameter]
  297 |   static void LICE_DiagLine(LICE_pixel *px, int span, int n, int xstep, int ystep, LICE_pixel color, int aw)
      |                                             ~~~~^~~~
/workspace/scratch/286141ad5a40/repo-checkout/src/WDL/lice/lice_line.cpp: In instantiation of ‘static void __LICE_LineClassSimple<COMBFUNC>::LICE_DiagLine(LICE_pixel*, int, int, int, int, LICE_pixel, int) [with COMBFUNC = _LICE_CombinePixelsHalfMixClamp; LICE_pixel = unsigned int]’:
/workspace/scratch/286141ad5a40/repo-checkout/src/WDL/lice/lice_line.cpp:727:11:   required from here
/workspace/scratch/286141ad5a40/repo-checkout/src/WDL/lice/lice.h:61:32: warning: conversion to ‘int’ from ‘LICE_pixel’ {aka ‘unsigned int’} may change the sign of the result [-Wsign-conversion]
   61 | #define LICE_GETA(v) (((v)>>24)&0xff)
      |                      ~~~~~~~~~~^~~~~~
/workspace/scratch/286141ad5a40/repo-checkout/src/WDL/lice/lice_line.cpp:299:79: note: in expansion of macro ‘LICE_GETA’
  299 |     int r = LICE_GETR(color), g = LICE_GETG(color), b = LICE_GETB(color), a = LICE_GETA(color);
      |                                                                               ^~~~~~~~~
/workspace/scratch/286141ad5a40/repo-checkout/src/WDL/lice/lice_line.cpp:297:49: warning: unused parameter ‘span’ [-Wunused-parameter]
  297 |   static void LICE_DiagLine(LICE_pixel *px, int span, int n, int xstep, int ystep, LICE_pixel color, int aw)
      |                                             ~~~~^~~~
/workspace/scratch/286141ad5a40/repo-checkout/src/WDL/lice/lice_line.cpp: In instantiation of ‘static void __LICE_LineClassSimple<COMBFUNC>::LICE_DiagLine(LICE_pixel*, int, int, int, int, LICE_pixel, int) [with COMBFUNC = _LICE_CombinePixelsHalfMixNoClamp; LICE_pixel = unsigned int]’:
/workspace/scratch/286141ad5a40/repo-checkout/src/WDL/lice/lice_line.cpp:727:11:   required from here
/workspace/scratch/286141ad5a40/repo-checkout/src/WDL/lice/lice.h:61:32: warning: conversion to ‘int’ from ‘LICE_pixel’ {aka ‘unsigned int’} may change the sign of the result [-Wsign-conversion]
   61 | #define LICE_GETA(v) (((v)>>24)&0xff)
      |                      ~~~~~~~~~~^~~~~~
/workspace/scratch/286141ad5a40/repo-checkout/src/WDL/lice/lice_line.cpp:299:79: note: in expansion of macro ‘LICE_GETA’
  299 |     int r = LICE_GETR(color), g = LICE_GETG(color), b = LICE_GETB(color), a = LICE_GETA(color);
      |                                                                               ^~~~~~~~~
/workspace/scratch/286141ad5a40/repo-checkout/src/WDL/lice/lice_line.cpp:297:49: warning: unused parameter ‘span’ [-Wunused-parameter]
  297 |   static void LICE_DiagLine(LICE_pixel *px, int span, int n, int xstep, int ystep, LICE_pixel color, int aw)
      |                                             ~~~~^~~~
/workspace/scratch/286141ad5a40/repo-checkout/src/WDL/lice/lice_line.cpp: In instantiation of ‘static void __LICE_LineClassSimple<COMBFUNC>::LICE_DiagLine(LICE_pixel*, int, int, int, int, LICE_pixel, int) [with COMBFUNC = _LICE_CombinePixelsCopyClamp; LICE_pixel = unsigned int]’:
/workspace/scratch/286141ad5a40/repo-checkout/src/WDL/lice/lice_line.cpp:727:11:   required from here
/workspace/scratch/286141ad5a40/repo-checkout/src/WDL/lice/lice.h:61:32: warning: conversion to ‘int’ from ‘LICE_pixel’ {aka ‘unsigned int’} may change the sign of the result [-Wsign-conversion]
   61 | #define LICE_GETA(v) (((v)>>24)&0xff)
      |                      ~~~~~~~~~~^~~~~~
/workspace/scratch/286141ad5a40/repo-checkout/src/WDL/lice/lice_line.cpp:299:79: note: in expansion of macro ‘LICE_GETA’
  299 |     int r = LICE_GETR(color), g = LICE_GETG(color), b = LICE_GETB(color), a = LICE_GETA(color);
      |                                                                               ^~~~~~~~~
/workspace/scratch/286141ad5a40/repo-checkout/src/WDL/lice/lice_line.cpp:297:49: warning: unused parameter ‘span’ [-Wunused-parameter]
  297 |   static void LICE_DiagLine(LICE_pixel *px, int span, int n, int xstep, int ystep, LICE_pixel color, int aw)
      |                                             ~~~~^~~~
/workspace/scratch/286141ad5a40/repo-checkout/src/WDL/lice/lice_line.cpp: In instantiation of ‘static void __LICE_LineClassSimple<COMBFUNC>::LICE_DiagLine(LICE_pixel*, int, int, int, int, LICE_pixel, int) [with COMBFUNC = _LICE_CombinePixelsCopyNoClamp; LICE_pixel = unsigned int]’:
/workspace/scratch/286141ad5a40/repo-checkout/src/WDL/lice/lice_line.cpp:727:11:   required from here
/workspace/scratch/286141ad5a40/repo-checkout/src/WDL/lice/lice.h:61:32: warning: conversion to ‘int’ from ‘LICE_pixel’ {aka ‘unsigned int’} may change the sign of the result [-Wsign-conversion]
   61 | #define LICE_GETA(v) (((v)>>24)&0xff)
      |                      ~~~~~~~~~~^~~~~~
/workspace/scratch/286141ad5a40/repo-checkout/src/WDL/lice/lice_line.cpp:299:79: note: in expansion of macro ‘LICE_GETA’
  299 |     int r = LICE_GETR(color), g = LICE_GETG(color), b = LICE_GETB(color), a = LICE_GETA(color);
      |                                                                               ^~~~~~~~~
/workspace/scratch/286141ad5a40/repo-checkout/src/WDL/lice/lice_line.cpp:297:49: warning: unused parameter ‘span’ [-Wunused-parameter]
  297 |   static void LICE_DiagLine(LICE_pixel *px, int span, int n, int xstep, int ystep, LICE_pixel color, int aw)
      |                                             ~~~~^~~~
/workspace/scratch/286141ad5a40/repo-checkout/src/WDL/lice/lice_line.cpp: In instantiation of ‘static void __LICE_LineClassSimple<COMBFUNC>::LICE_DiagLine(LICE_pixel*, int, int, int, int, LICE_pixel, int) [with COMBFUNC = _LICE_CombinePixelsAdd; LICE_pixel = unsigned int]’:
/workspace/scratch/286141ad5a40/repo-checkout/src/WDL/lice/lice_line.cpp:727:11:   required from here
/workspace/scratch/286141ad5a40/repo-checkout/src/WDL/lice/lice.h:61:32: warning: conversion to ‘int’ from ‘LICE_pixel’ {aka ‘unsigned int’} may change the sign of the result [-Wsign-conversion]
   61 | #define LICE_GETA(v) (((v)>>24)&0xff)
      |                      ~~~~~~~~~~^~~~~~
/workspace/scratch/286141ad5a40/repo-checkout/src/WDL/lice/lice_line.cpp:299:79: note: in expansion of macro ‘LICE_GETA’
  299 |     int r = LICE_GETR(color), g = LICE_GETG(color), b = LICE_GETB(color), a = LICE_GETA(color);
      |                                                                               ^~~~~~~~~
/workspace/scratch/286141ad5a40/repo-checkout/src/WDL/lice/lice_line.cpp:297:49: warning: unused parameter ‘span’ [-Wunused-parameter]
  297 |   static void LICE_DiagLine(LICE_pixel *px, int span, int n, int xstep, int ystep, LICE_pixel color, int aw)
      |                                             ~~~~^~~~
/workspace/scratch/286141ad5a40/repo-checkout/src/WDL/lice/lice_line.cpp: In instantiation of ‘static void __LICE_LineClassSimple<COMBFUNC>::LICE_DiagLine(LICE_pixel*, int, int, int, int, LICE_pixel, int) [with COMBFUNC = _LICE_CombinePixelsColorDodge; LICE_pixel = unsigned int]’:
/workspace/scratch/286141ad5a40/repo-checkout/src/WDL/lice/lice_line.cpp:727:11:   required from here
/workspace/scratch/286141ad5a40/repo-checkout/src/WDL/lice/lice.h:61:32: warning: conversion to ‘int’ from ‘LICE_pixel’ {aka ‘unsigned int’} may change the sign of the result [-Wsign-conversion]
   61 | #define LICE_GETA(v) (((v)>>24)&0xff)
      |                      ~~~~~~~~~~^~~~~~
/workspace/scratch/286141ad5a40/repo-checkout/src/WDL/lice/lice_line.cpp:299:79: note: in expansion of macro ‘LICE_GETA’
  299 |     int r = LICE_GETR(color), g = LICE_GETG(color), b = LICE_GETB(color), a = LICE_GETA(color);
      |                                                                               ^~~~~~~~~
/workspace/scratch/286141ad5a40/repo-checkout/src/WDL/lice/lice_line.cpp:297:49: warning: unused parameter ‘span’ [-Wunused-parameter]
  297 |   static void LICE_DiagLine(LICE_pixel *px, int span, int n, int xstep, int ystep, LICE_pixel color, int aw)
      |                                             ~~~~^~~~
/workspace/scratch/286141ad5a40/repo-checkout/src/WDL/lice/lice_line.cpp: In instantiation of ‘static void __LICE_LineClassSimple<COMBFUNC>::LICE_DiagLine(LICE_pixel*, int, int, int, int, LICE_pixel, int) [with COMBFUNC = _LICE_CombinePixelsMulClamp; LICE_pixel = unsigned int]’:
/workspace/scratch/286141ad5a40/repo-checkout/src/WDL/lice/lice_line.cpp:727:11:   required from here
/workspace/scratch/286141ad5a40/repo-checkout/src/WDL/lice/lice.h:61:32: warning: conversion to ‘int’ from ‘LICE_pixel’ {aka ‘unsigned int’} may change the sign of the result [-Wsign-conversion]
   61 | #define LICE_GETA(v) (((v)>>24)&0xff)
      |                      ~~~~~~~~~~^~~~~~
/workspace/scratch/286141ad5a40/repo-checkout/src/WDL/lice/lice_line.cpp:299:79: note: in expansion of macro ‘LICE_GETA’
  299 |     int r = LICE_GETR(color), g = LICE_GETG(color), b = LICE_GETB(color), a = LICE_GETA(color);
      |                                                                               ^~~~~~~~~
/workspace/scratch/286141ad5a40/repo-checkout/src/WDL/lice/lice_line.cpp:297:49: warning: unused parameter ‘span’ [-Wunused-parameter]
  297 |   static void LICE_DiagLine(LICE_pixel *px, int span, int n, int xstep, int ystep, LICE_pixel color, int aw)
      |                                             ~~~~^~~~
/workspace/scratch/286141ad5a40/repo-checkout/src/WDL/lice/lice_line.cpp: In instantiation of ‘static void __LICE_LineClassSimple<COMBFUNC>::LICE_DiagLine(LICE_pixel*, int, int, int, int, LICE_pixel, int) [with COMBFUNC = _LICE_CombinePixelsMulNoClamp; LICE_pixel = unsigned int]’:
/workspace/scratch/286141ad5a40/repo-checkout/src/WDL/lice/lice_line.cpp:727:11:   required from here
/workspace/scratch/286141ad5a40/repo-checkout/src/WDL/lice/lice.h:61:32: warning: conversion to ‘int’ from ‘LICE_pixel’ {aka ‘unsigned int’} may change the sign of the result [-Wsign-conversion]
   61 | #define LICE_GETA(v) (((v)>>24)&0xff)
      |                      ~~~~~~~~~~^~~~~~
/workspace/scratch/286141ad5a40/repo-checkout/src/WDL/lice/lice_line.cpp:299:79: note: in expansion of macro ‘LICE_GETA’
  299 |     int r = LICE_GETR(color), g = LICE_GETG(color), b = LICE_GETB(color), a = LICE_GETA(color);
      |                                                                               ^~~~~~~~~
/workspace/scratch/286141ad5a40/repo-checkout/src/WDL/lice/lice_line.cpp:297:49: warning: unused parameter ‘span’ [-Wunused-parameter]
  297 |   static void LICE_DiagLine(LICE_pixel *px, int span, int n, int xstep, int ystep, LICE_pixel color, int aw)
      |                                             ~~~~^~~~
/workspace/scratch/286141ad5a40/repo-checkout/src/WDL/lice/lice_line.cpp: In instantiation of ‘static void __LICE_LineClassSimple<COMBFUNC>::LICE_DiagLine(LICE_pixel*, int, int, int, int, LICE_pixel, int) [with COMBFUNC = _LICE_CombinePixelsOverlay; LICE_pixel = unsigned int]’:
/workspace/scratch/286141ad5a40/repo-checkout/src/WDL/lice/lice_line.cpp:727:11:   required from here
/workspace/scratch/286141ad5a40/repo-checkout/src/WDL/lice/lice.h:61:32: warning: conversion to ‘int’ from ‘LICE_pixel’ {aka ‘unsigned int’} may change the sign of the result [-Wsign-conversion]
   61 | #define LICE_GETA(v) (((v)>>24)&0xff)
      |                      ~~~~~~~~~~^~~~~~
/workspace/scratch/286141ad5a40/repo-checkout/src/WDL/lice/lice_line.cpp:299:79: note: in expansion of macro ‘LICE_GETA’
  299 |     int r = LICE_GETR(color), g = LICE_GETG(color), b = LICE_GETB(color), a = LICE_GETA(color);
      |                                                                               ^~~~~~~~~
/workspace/scratch/286141ad5a40/repo-checkout/src/WDL/lice/lice_line.cpp:297:49: warning: unused parameter ‘span’ [-Wunused-parameter]
  297 |   static void LICE_DiagLine(LICE_pixel *px, int span, int n, int xstep, int ystep, LICE_pixel color, int aw)
      |                                             ~~~~^~~~
/workspace/scratch/286141ad5a40/repo-checkout/src/WDL/lice/lice_line.cpp: In instantiation of ‘static void __LICE_LineClassSimple<COMBFUNC>::LICE_DiagLine(LICE_pixel*, int, int, int, int, LICE_pixel, int) [with COMBFUNC = _LICE_CombinePixelsHSVAdjust; LICE_pixel = unsigned int]’:
/workspace/scratch/286141ad5a40/repo-checkout/src/WDL/lice/lice_line.cpp:727:11:   required from here
/workspace/scratch/286141ad5a40/repo-checkout/src/WDL/lice/lice.h:61:32: warning: conversion to ‘int’ from ‘LICE_pixel’ {aka ‘unsigned int’} may change the sign of the result [-Wsign-conversion]
   61 | #define LICE_GETA(v) (((v)>>24)&0xff)
      |                      ~~~~~~~~~~^~~~~~
/workspace/scratch/286141ad5a40/repo-checkout/src/WDL/lice/lice_line.cpp:299:79: note: in expansion of macro ‘LICE_GETA’
  299 |     int r = LICE_GETR(color), g = LICE_GETG(color), b = LICE_GETB(color), a = LICE_GETA(color);
      |                                                                               ^~~~~~~~~
/workspace/scratch/286141ad5a40/repo-checkout/src/WDL/lice/lice_line.cpp:297:49: warning: unused parameter ‘span’ [-Wunused-parameter]
  297 |   static void LICE_DiagLine(LICE_pixel *px, int span, int n, int xstep, int ystep, LICE_pixel color, int aw)
      |                                             ~~~~^~~~
/workspace/scratch/286141ad5a40/repo-checkout/src/WDL/lice/lice_line.cpp: In instantiation of ‘static void __LICE_LineClass<COMBFUNC>::LICE_LineImpl(LICE_pixel*, LICE_pixel*, int, int, int, int, LICE_pixel, int, bool) [with COMBFUNC = _LICE_CombinePixelsCopyClamp; LICE_pixel = unsigned int]’:
/workspace/scratch/286141ad5a40/repo-checkout/src/WDL/lice/lice_line.cpp:788:15:   required from here
/workspace/scratch/286141ad5a40/repo-checkout/src/WDL/lice/lice.h:61:32: warning: conversion to ‘int’ from ‘LICE_pixel’ {aka ‘unsigned int’} may change the sign of the result [-Wsign-conversion]
   61 | #define LICE_GETA(v) (((v)>>24)&0xff)
      |                      ~~~~~~~~~~^~~~~~
/workspace/scratch/286141ad5a40/repo-checkout/src/WDL/lice/lice_line.cpp:384:79: note: in expansion of macro ‘LICE_GETA’
  384 |     int r = LICE_GETR(color), g = LICE_GETG(color), b = LICE_GETB(color), a = LICE_GETA(color);
      |                                                                               ^~~~~~~~~
/workspace/scratch/286141ad5a40/repo-checkout/src/WDL/lice/lice_line.cpp: In instantiation of ‘static void __LICE_LineClass<COMBFUNC>::LICE_LineImpl(LICE_pixel*, LICE_pixel*, int, int, int, int, LICE_pixel, int, bool) [with COMBFUNC = _LICE_CombinePixelsCopyNoClamp; LICE_pixel = unsigned int]’:
/workspace/scratch/286141ad5a40/repo-checkout/src/WDL/lice/lice_line.cpp:788:15:   required from here
/workspace/scratch/286141ad5a40/repo-checkout/src/WDL/lice/lice.h:61:32: warning: conversion to ‘int’ from ‘LICE_pixel’ {aka ‘unsigned int’} may change the sign of the result [-Wsign-conversion]
   61 | #define LICE_GETA(v) (((v)>>24)&0xff)
      |                      ~~~~~~~~~~^~~~~~
/workspace/scratch/286141ad5a40/repo-checkout/src/WDL/lice/lice_line.cpp:384:79: note: in expansion of macro ‘LICE_GETA’
  384 |     int r = LICE_GETR(color), g = LICE_GETG(color), b = LICE_GETB(color), a = LICE_GETA(color);
      |                                                                               ^~~~~~~~~
/workspace/scratch/286141ad5a40/repo-checkout/src/WDL/lice/lice_line.cpp: In instantiation of ‘static void __LICE_LineClass<COMBFUNC>::LICE_LineImpl(LICE_pixel*, LICE_pixel*, int, int, int, int, LICE_pixel, int, bool) [with COMBFUNC = _LICE_CombinePixelsAdd; LICE_pixel = unsigned int]’:
/workspace/scratch/286141ad5a40/repo-checkout/src/WDL/lice/lice_line.cpp:788:15:   required from here
/workspace/scratch/286141ad5a40/repo-checkout/src/WDL/lice/lice.h:61:32: warning: conversion to ‘int’ from ‘LICE_pixel’ {aka ‘unsigned int’} may change the sign of the result [-Wsign-conversion]
   61 | #define LICE_GETA(v) (((v)>>24)&0xff)
      |                      ~~~~~~~~~~^~~~~~
/workspace/scratch/286141ad5a40/repo-checkout/src/WDL/lice/lice_line.cpp:384:79: note: in expansion of macro ‘LICE_GETA’
  384 |     int r = LICE_GETR(color), g = LICE_GETG(color), b = LICE_GETB(color), a = LICE_GETA(color);
      |                                                                               ^~~~~~~~~
/workspace/scratch/286141ad5a40/repo-checkout/src/WDL/lice/lice_line.cpp: In instantiation of ‘static void __LICE_LineClass<COMBFUNC>::LICE_LineImpl(LICE_pixel*, LICE_pixel*, int, int, int, int, LICE_pixel, int, bool) [with COMBFUNC = _LICE_CombinePixelsColorDodge; LICE_pixel = unsigned int]’:
/workspace/scratch/286141ad5a40/repo-checkout/src/WDL/lice/lice_line.cpp:788:15:   required from here
/workspace/scratch/286141ad5a40/repo-checkout/src/WDL/lice/lice.h:61:32: warning: conversion to ‘int’ from ‘LICE_pixel’ {aka ‘unsigned int’} may change the sign of the result [-Wsign-conversion]
   61 | #define LICE_GETA(v) (((v)>>24)&0xff)
      |                      ~~~~~~~~~~^~~~~~
/workspace/scratch/286141ad5a40/repo-checkout/src/WDL/lice/lice_line.cpp:384:79: note: in expansion of macro ‘LICE_GETA’
  384 |     int r = LICE_GETR(color), g = LICE_GETG(color), b = LICE_GETB(color), a = LICE_GETA(color);
      |                                                                               ^~~~~~~~~
/workspace/scratch/286141ad5a40/repo-checkout/src/WDL/lice/lice_line.cpp: In instantiation of ‘static void __LICE_LineClass<COMBFUNC>::LICE_LineImpl(LICE_pixel*, LICE_pixel*, int, int, int, int, LICE_pixel, int, bool) [with COMBFUNC = _LICE_CombinePixelsMulClamp; LICE_pixel = unsigned int]’:
/workspace/scratch/286141ad5a40/repo-checkout/src/WDL/lice/lice_line.cpp:788:15:   required from here
/workspace/scratch/286141ad5a40/repo-checkout/src/WDL/lice/lice.h:61:32: warning: conversion to ‘int’ from ‘LICE_pixel’ {aka ‘unsigned int’} may change the sign of the result [-Wsign-conversion]
   61 | #define LICE_GETA(v) (((v)>>24)&0xff)
      |                      ~~~~~~~~~~^~~~~~
/workspace/scratch/286141ad5a40/repo-checkout/src/WDL/lice/lice_line.cpp:384:79: note: in expansion of macro ‘LICE_GETA’
  384 |     int r = LICE_GETR(color), g = LICE_GETG(color), b = LICE_GETB(color), a = LICE_GETA(color);
      |                                                                               ^~~~~~~~~
/workspace/scratch/286141ad5a40/repo-checkout/src/WDL/lice/lice_line.cpp: In instantiation of ‘static void __LICE_LineClass<COMBFUNC>::LICE_LineImpl(LICE_pixel*, LICE_pixel*, int, int, int, int, LICE_pixel, int, bool) [with COMBFUNC = _LICE_CombinePixelsMulNoClamp; LICE_pixel = unsigned int]’:
/workspace/scratch/286141ad5a40/repo-checkout/src/WDL/lice/lice_line.cpp:788:15:   required from here
/workspace/scratch/286141ad5a40/repo-checkout/src/WDL/lice/lice.h:61:32: warning: conversion to ‘int’ from ‘LICE_pixel’ {aka ‘unsigned int’} may change the sign of the result [-Wsign-conversion]
   61 | #define LICE_GETA(v) (((v)>>24)&0xff)
      |                      ~~~~~~~~~~^~~~~~
/workspace/scratch/286141ad5a40/repo-checkout/src/WDL/lice/lice_line.cpp:384:79: note: in expansion of macro ‘LICE_GETA’
  384 |     int r = LICE_GETR(color), g = LICE_GETG(color), b = LICE_GETB(color), a = LICE_GETA(color);
      |                                                                               ^~~~~~~~~
/workspace/scratch/286141ad5a40/repo-checkout/src/WDL/lice/lice_line.cpp: In instantiation of ‘static void __LICE_LineClass<COMBFUNC>::LICE_LineImpl(LICE_pixel*, LICE_pixel*, int, int, int, int, LICE_pixel, int, bool) [with COMBFUNC = _LICE_CombinePixelsOverlay; LICE_pixel = unsigned int]’:
/workspace/scratch/286141ad5a40/repo-checkout/src/WDL/lice/lice_line.cpp:788:15:   required from here
/workspace/scratch/286141ad5a40/repo-checkout/src/WDL/lice/lice.h:61:32: warning: conversion to ‘int’ from ‘LICE_pixel’ {aka ‘unsigned int’} may change the sign of the result [-Wsign-conversion]
   61 | #define LICE_GETA(v) (((v)>>24)&0xff)
      |                      ~~~~~~~~~~^~~~~~
/workspace/scratch/286141ad5a40/repo-checkout/src/WDL/lice/lice_line.cpp:384:79: note: in expansion of macro ‘LICE_GETA’
  384 |     int r = LICE_GETR(color), g = LICE_GETG(color), b = LICE_GETB(color), a = LICE_GETA(color);
      |                                                                               ^~~~~~~~~
/workspace/scratch/286141ad5a40/repo-checkout/src/WDL/lice/lice_line.cpp: In instantiation of ‘static void __LICE_LineClass<COMBFUNC>::LICE_LineImpl(LICE_pixel*, LICE_pixel*, int, int, int, int, LICE_pixel, int, bool) [with COMBFUNC = _LICE_CombinePixelsHSVAdjust; LICE_pixel = unsigned int]’:
/workspace/scratch/286141ad5a40/repo-checkout/src/WDL/lice/lice_line.cpp:788:15:   required from here
/workspace/scratch/286141ad5a40/repo-checkout/src/WDL/lice/lice.h:61:32: warning: conversion to ‘int’ from ‘LICE_pixel’ {aka ‘unsigned int’} may change the sign of the result [-Wsign-conversion]
   61 | #define LICE_GETA(v) (((v)>>24)&0xff)
      |                      ~~~~~~~~~~^~~~~~
/workspace/scratch/286141ad5a40/repo-checkout/src/WDL/lice/lice_line.cpp:384:79: note: in expansion of macro ‘LICE_GETA’
  384 |     int r = LICE_GETR(color), g = LICE_GETG(color), b = LICE_GETB(color), a = LICE_GETA(color);
      |                                                                               ^~~~~~~~~
/workspace/scratch/286141ad5a40/repo-checkout/src/WDL/lice/lice_line.cpp: In instantiation of ‘static void __LICE_LineClass<COMBFUNC>::LICE_LineImpl(LICE_pixel*, LICE_pixel*, int, int, int, int, LICE_pixel, int, bool) [with COMBFUNC = _LICE_CombinePixelsClobberClamp; LICE_pixel = unsigned int]’:
/workspace/scratch/286141ad5a40/repo-checkout/src/WDL/lice/lice_line.cpp:792:15:   required from here
/workspace/scratch/286141ad5a40/repo-checkout/src/WDL/lice/lice.h:61:32: warning: conversion to ‘int’ from ‘LICE_pixel’ {aka ‘unsigned int’} may change the sign of the result [-Wsign-conversion]
   61 | #define LICE_GETA(v) (((v)>>24)&0xff)
      |                      ~~~~~~~~~~^~~~~~
/workspace/scratch/286141ad5a40/repo-checkout/src/WDL/lice/lice_line.cpp:384:79: note: in expansion of macro ‘LICE_GETA’
  384 |     int r = LICE_GETR(color), g = LICE_GETG(color), b = LICE_GETB(color), a = LICE_GETA(color);
      |                                                                               ^~~~~~~~~
/workspace/scratch/286141ad5a40/repo-checkout/src/WDL/lice/lice_line.cpp: In instantiation of ‘static void __LICE_LineClass<COMBFUNC>::LICE_LineImpl(LICE_pixel*, LICE_pixel*, int, int, int, int, LICE_pixel, int, bool) [with COMBFUNC = _LICE_CombinePixelsClobberNoClamp; LICE_pixel = unsigned int]’:
/workspace/scratch/286141ad5a40/repo-checkout/src/WDL/lice/lice_line.cpp:792:15:   required from here
/workspace/scratch/286141ad5a40/repo-checkout/src/WDL/lice/lice.h:61:32: warning: conversion to ‘int’ from ‘LICE_pixel’ {aka ‘unsigned int’} may change the sign of the result [-Wsign-conversion]
   61 | #define LICE_GETA(v) (((v)>>24)&0xff)
      |                      ~~~~~~~~~~^~~~~~
/workspace/scratch/286141ad5a40/repo-checkout/src/WDL/lice/lice_line.cpp:384:79: note: in expansion of macro ‘LICE_GETA’
  384 |     int r = LICE_GETR(color), g = LICE_GETG(color), b = LICE_GETB(color), a = LICE_GETA(color);
      |                                                                               ^~~~~~~~~
/workspace/scratch/286141ad5a40/repo-checkout/src/WDL/lice/lice_line.cpp: In instantiation of ‘static void __LICE_LineClass<COMBFUNC>::LICE_LineImpl(LICE_pixel*, LICE_pixel*, int, int, int, int, LICE_pixel, int, bool) [with COMBFUNC = _LICE_CombinePixelsHalfMixClamp; LICE_pixel = unsigned int]’:
/workspace/scratch/286141ad5a40/repo-checkout/src/WDL/lice/lice_line.cpp:792:15:   required from here
/workspace/scratch/286141ad5a40/repo-checkout/src/WDL/lice/lice.h:61:32: warning: conversion to ‘int’ from ‘LICE_pixel’ {aka ‘unsigned int’} may change the sign of the result [-Wsign-conversion]
   61 | #define LICE_GETA(v) (((v)>>24)&0xff)
      |                      ~~~~~~~~~~^~~~~~
/workspace/scratch/286141ad5a40/repo-checkout/src/WDL/lice/lice_line.cpp:384:79: note: in expansion of macro ‘LICE_GETA’
  384 |     int r = LICE_GETR(color), g = LICE_GETG(color), b = LICE_GETB(color), a = LICE_GETA(color);
      |                                                                               ^~~~~~~~~
/workspace/scratch/286141ad5a40/repo-checkout/src/WDL/lice/lice_line.cpp: In instantiation of ‘static void __LICE_LineClass<COMBFUNC>::LICE_LineImpl(LICE_pixel*, LICE_pixel*, int, int, int, int, LICE_pixel, int, bool) [with COMBFUNC = _LICE_CombinePixelsHalfMixNoClamp; LICE_pixel = unsigned int]’:
/workspace/scratch/286141ad5a40/repo-checkout/src/WDL/lice/lice_line.cpp:792:15:   required from here
/workspace/scratch/286141ad5a40/repo-checkout/src/WDL/lice/lice.h:61:32: warning: conversion to ‘int’ from ‘LICE_pixel’ {aka ‘unsigned int’} may change the sign of the result [-Wsign-conversion]
   61 | #define LICE_GETA(v) (((v)>>24)&0xff)
      |                      ~~~~~~~~~~^~~~~~
/workspace/scratch/286141ad5a40/repo-checkout/src/WDL/lice/lice_line.cpp:384:79: note: in expansion of macro ‘LICE_GETA’
  384 |     int r = LICE_GETR(color), g = LICE_GETG(color), b = LICE_GETB(color), a = LICE_GETA(color);
      |                                                                               ^~~~~~~~~
/workspace/scratch/286141ad5a40/repo-checkout/src/WDL/lice/lice_line.cpp: In instantiation of ‘static void __LICE_LineClass<COMBFUNC>::LICE_FLineImpl(LICE_pixel*, int, int, int, int, int, LICE_pixel, int) [with COMBFUNC = _LICE_CombinePixelsCopyClamp; LICE_pixel = unsigned int]’:
/workspace/scratch/286141ad5a40/repo-checkout/src/WDL/lice/lice_line.cpp:906:7:   required from here
/workspace/scratch/286141ad5a40/repo-checkout/src/WDL/lice/lice.h:61:32: warning: conversion to ‘int’ from ‘LICE_pixel’ {aka ‘unsigned int’} may change the sign of the result [-Wsign-conversion]
   61 | #define LICE_GETA(v) (((v)>>24)&0xff)
      |                      ~~~~~~~~~~^~~~~~
/workspace/scratch/286141ad5a40/repo-checkout/src/WDL/lice/lice_line.cpp:482:79: note: in expansion of macro ‘LICE_GETA’
  482 |     int r = LICE_GETR(color), g = LICE_GETG(color), b = LICE_GETB(color), a = LICE_GETA(color);
      |                                                                               ^~~~~~~~~
/workspace/scratch/286141ad5a40/repo-checkout/src/WDL/lice/lice_line.cpp: In instantiation of ‘static void __LICE_LineClass<COMBFUNC>::LICE_FLineImpl(LICE_pixel*, int, int, int, int, int, LICE_pixel, int) [with COMBFUNC = _LICE_CombinePixelsCopyNoClamp; LICE_pixel = unsigned int]’:
/workspace/scratch/286141ad5a40/repo-checkout/src/WDL/lice/lice_line.cpp:906:7:   required from here
/workspace/scratch/286141ad5a40/repo-checkout/src/WDL/lice/lice.h:61:32: warning: conversion to ‘int’ from ‘LICE_pixel’ {aka ‘unsigned int’} may change the sign of the result [-Wsign-conversion]
   61 | #define LICE_GETA(v) (((v)>>24)&0xff)
      |                      ~~~~~~~~~~^~~~~~
/workspace/scratch/286141ad5a40/repo-checkout/src/WDL/lice/lice_line.cpp:482:79: note: in expansion of macro ‘LICE_GETA’
  482 |     int r = LICE_GETR(color), g = LICE_GETG(color), b = LICE_GETB(color), a = LICE_GETA(color);
      |                                                                               ^~~~~~~~~
/workspace/scratch/286141ad5a40/repo-checkout/src/WDL/lice/lice_line.cpp: In instantiation of ‘static void __LICE_LineClass<COMBFUNC>::LICE_FLineImpl(LICE_pixel*, int, int, int, int, int, LICE_pixel, int) [with COMBFUNC = _LICE_CombinePixelsAdd; LICE_pixel = unsigned int]’:
/workspace/scratch/286141ad5a40/repo-checkout/src/WDL/lice/lice_line.cpp:906:7:   required from here
/workspace/scratch/286141ad5a40/repo-checkout/src/WDL/lice/lice.h:61:32: warning: conversion to ‘int’ from ‘LICE_pixel’ {aka ‘unsigned int’} may change the sign of the result [-Wsign-conversion]
   61 | #define LICE_GETA(v) (((v)>>24)&0xff)
      |                      ~~~~~~~~~~^~~~~~
/workspace/scratch/286141ad5a40/repo-checkout/src/WDL/lice/lice_line.cpp:482:79: note: in expansion of macro ‘LICE_GETA’
  482 |     int r = LICE_GETR(color), g = LICE_GETG(color), b = LICE_GETB(color), a = LICE_GETA(color);
      |                                                                               ^~~~~~~~~
/workspace/scratch/286141ad5a40/repo-checkout/src/WDL/lice/lice_line.cpp: In instantiation of ‘static void __LICE_LineClass<COMBFUNC>::LICE_FLineImpl(LICE_pixel*, int, int, int, int, int, LICE_pixel, int) [with COMBFUNC = _LICE_CombinePixelsColorDodge; LICE_pixel = unsigned int]’:
/workspace/scratch/286141ad5a40/repo-checkout/src/WDL/lice/lice_line.cpp:906:7:   required from here
/workspace/scratch/286141ad5a40/repo-checkout/src/WDL/lice/lice.h:61:32: warning: conversion to ‘int’ from ‘LICE_pixel’ {aka ‘unsigned int’} may change the sign of the result [-Wsign-conversion]
   61 | #define LICE_GETA(v) (((v)>>24)&0xff)
      |                      ~~~~~~~~~~^~~~~~
/workspace/scratch/286141ad5a40/repo-checkout/src/WDL/lice/lice_line.cpp:482:79: note: in expansion of macro ‘LICE_GETA’
  482 |     int r = LICE_GETR(color), g = LICE_GETG(color), b = LICE_GETB(color), a = LICE_GETA(color);
      |                                                                               ^~~~~~~~~
/workspace/scratch/286141ad5a40/repo-checkout/src/WDL/lice/lice_line.cpp: In instantiation of ‘static void __LICE_LineClass<COMBFUNC>::LICE_FLineImpl(LICE_pixel*, int, int, int, int, int, LICE_pixel, int) [with COMBFUNC = _LICE_CombinePixelsMulClamp; LICE_pixel = unsigned int]’:
/workspace/scratch/286141ad5a40/repo-checkout/src/WDL/lice/lice_line.cpp:906:7:   required from here
/workspace/scratch/286141ad5a40/repo-checkout/src/WDL/lice/lice.h:61:32: warning: conversion to ‘int’ from ‘LICE_pixel’ {aka ‘unsigned int’} may change the sign of the result [-Wsign-conversion]
   61 | #define LICE_GETA(v) (((v)>>24)&0xff)
      |                      ~~~~~~~~~~^~~~~~
/workspace/scratch/286141ad5a40/repo-checkout/src/WDL/lice/lice_line.cpp:482:79: note: in expansion of macro ‘LICE_GETA’
  482 |     int r = LICE_GETR(color), g = LICE_GETG(color), b = LICE_GETB(color), a = LICE_GETA(color);
      |                                                                               ^~~~~~~~~
/workspace/scratch/286141ad5a40/repo-checkout/src/WDL/lice/lice_line.cpp: In instantiation of ‘static void __LICE_LineClass<COMBFUNC>::LICE_FLineImpl(LICE_pixel*, int, int, int, int, int, LICE_pixel, int) [with COMBFUNC = _LICE_CombinePixelsMulNoClamp; LICE_pixel = unsigned int]’:
/workspace/scratch/286141ad5a40/repo-checkout/src/WDL/lice/lice_line.cpp:906:7:   required from here
/workspace/scratch/286141ad5a40/repo-checkout/src/WDL/lice/lice.h:61:32: warning: conversion to ‘int’ from ‘LICE_pixel’ {aka ‘unsigned int’} may change the sign of the result [-Wsign-conversion]
   61 | #define LICE_GETA(v) (((v)>>24)&0xff)
      |                      ~~~~~~~~~~^~~~~~
/workspace/scratch/286141ad5a40/repo-checkout/src/WDL/lice/lice_line.cpp:482:79: note: in expansion of macro ‘LICE_GETA’
  482 |     int r = LICE_GETR(color), g = LICE_GETG(color), b = LICE_GETB(color), a = LICE_GETA(color);
      |                                                                               ^~~~~~~~~
/workspace/scratch/286141ad5a40/repo-checkout/src/WDL/lice/lice_line.cpp: In instantiation of ‘static void __LICE_LineClass<COMBFUNC>::LICE_FLineImpl(LICE_pixel*, int, int, int, int, int, LICE_pixel, int) [with COMBFUNC = _LICE_CombinePixelsOverlay; LICE_pixel = unsigned int]’:
/workspace/scratch/286141ad5a40/repo-checkout/src/WDL/lice/lice_line.cpp:906:7:   required from here
/workspace/scratch/286141ad5a40/repo-checkout/src/WDL/lice/lice.h:61:32: warning: conversion to ‘int’ from ‘LICE_pixel’ {aka ‘unsigned int’} may change the sign of the result [-Wsign-conversion]
   61 | #define LICE_GETA(v) (((v)>>24)&0xff)
      |                      ~~~~~~~~~~^~~~~~
/workspace/scratch/286141ad5a40/repo-checkout/src/WDL/lice/lice_line.cpp:482:79: note: in expansion of macro ‘LICE_GETA’
  482 |     int r = LICE_GETR(color), g = LICE_GETG(color), b = LICE_GETB(color), a = LICE_GETA(color);
      |                                                                               ^~~~~~~~~
/workspace/scratch/286141ad5a40/repo-checkout/src/WDL/lice/lice_line.cpp: In instantiation of ‘static void __LICE_LineClass<COMBFUNC>::LICE_FLineImpl(LICE_pixel*, int, int, int, int, int, LICE_pixel, int) [with COMBFUNC = _LICE_CombinePixelsHSVAdjust; LICE_pixel = unsigned int]’:
/workspace/scratch/286141ad5a40/repo-checkout/src/WDL/lice/lice_line.cpp:906:7:   required from here
/workspace/scratch/286141ad5a40/repo-checkout/src/WDL/lice/lice.h:61:32: warning: conversion to ‘int’ from ‘LICE_pixel’ {aka ‘unsigned int’} may change the sign of the result [-Wsign-conversion]
   61 | #define LICE_GETA(v) (((v)>>24)&0xff)
      |                      ~~~~~~~~~~^~~~~~
/workspace/scratch/286141ad5a40/repo-checkout/src/WDL/lice/lice_line.cpp:482:79: note: in expansion of macro ‘LICE_GETA’
  482 |     int r = LICE_GETR(color), g = LICE_GETG(color), b = LICE_GETB(color), a = LICE_GETA(color);
      |                                                                               ^~~~~~~~~
/workspace/scratch/286141ad5a40/repo-checkout/src/WDL/lice/lice_line.cpp: In instantiation of ‘static void __LICE_LineClass<COMBFUNC>::DashedLine(LICE_IBitmap*, int, int, int, int, int, int, LICE_pixel, int) [with COMBFUNC = _LICE_CombinePixelsClobberClamp; LICE_pixel = unsigned int]’:
/workspace/scratch/286141ad5a40/repo-checkout/src/WDL/lice/lice_line.cpp:969:7:   required from here
/workspace/scratch/286141ad5a40/repo-checkout/src/WDL/lice/lice.h:61:32: warning: conversion to ‘int’ from ‘LICE_pixel’ {aka ‘unsigned int’} may change the sign of the result [-Wsign-conversion]
   61 | #define LICE_GETA(v) (((v)>>24)&0xff)
      |                      ~~~~~~~~~~^~~~~~
/workspace/scratch/286141ad5a40/repo-checkout/src/WDL/lice/lice_line.cpp:351:79: note: in expansion of macro ‘LICE_GETA’
  351 |     int r = LICE_GETR(color), g = LICE_GETG(color), b = LICE_GETB(color), a = LICE_GETA(color);
      |                                                                               ^~~~~~~~~
/workspace/scratch/286141ad5a40/repo-checkout/src/WDL/lice/lice_line.cpp: In instantiation of ‘static void __LICE_LineClass<COMBFUNC>::DashedLine(LICE_IBitmap*, int, int, int, int, int, int, LICE_pixel, int) [with COMBFUNC = _LICE_CombinePixelsClobberNoClamp; LICE_pixel = unsigned int]’:
/workspace/scratch/286141ad5a40/repo-checkout/src/WDL/lice/lice_line.cpp:969:7:   required from here
/workspace/scratch/286141ad5a40/repo-checkout/src/WDL/lice/lice.h:61:32: warning: conversion to ‘int’ from ‘LICE_pixel’ {aka ‘unsigned int’} may change the sign of the result [-Wsign-conversion]
   61 | #define LICE_GETA(v) (((v)>>24)&0xff)
      |                      ~~~~~~~~~~^~~~~~
/workspace/scratch/286141ad5a40/repo-checkout/src/WDL/lice/lice_line.cpp:351:79: note: in expansion of macro ‘LICE_GETA’
  351 |     int r = LICE_GETR(color), g = LICE_GETG(color), b = LICE_GETB(color), a = LICE_GETA(color);
      |                                                                               ^~~~~~~~~
/workspace/scratch/286141ad5a40/repo-checkout/src/WDL/lice/lice_line.cpp: In instantiation of ‘static void __LICE_LineClass<COMBFUNC>::DashedLine(LICE_IBitmap*, int, int, int, int, int, int, LICE_pixel, int) [with COMBFUNC = _LICE_CombinePixelsHalfMixClamp; LICE_pixel = unsigned int]’:
/workspace/scratch/286141ad5a40/repo-checkout/src/WDL/lice/lice_line.cpp:969:7:   required from here
/workspace/scratch/286141ad5a40/repo-checkout/src/WDL/lice/lice.h:61:32: warning: conversion to ‘int’ from ‘LICE_pixel’ {aka ‘unsigned int’} may change the sign of the result [-Wsign-conversion]
   61 | #define LICE_GETA(v) (((v)>>24)&0xff)
      |                      ~~~~~~~~~~^~~~~~
/workspace/scratch/286141ad5a40/repo-checkout/src/WDL/lice/lice_line.cpp:351:79: note: in expansion of macro ‘LICE_GETA’
  351 |     int r = LICE_GETR(color), g = LICE_GETG(color), b = LICE_GETB(color), a = LICE_GETA(color);
      |                                                                               ^~~~~~~~~
/workspace/scratch/286141ad5a40/repo-checkout/src/WDL/lice/lice_line.cpp: In instantiation of ‘static void __LICE_LineClass<COMBFUNC>::DashedLine(LICE_IBitmap*, int, int, int, int, int, int, LICE_pixel, int) [with COMBFUNC = _LICE_CombinePixelsHalfMixNoClamp; LICE_pixel = unsigned int]’:
/workspace/scratch/286141ad5a40/repo-checkout/src/WDL/lice/lice_line.cpp:969:7:   required from here
/workspace/scratch/286141ad5a40/repo-checkout/src/WDL/lice/lice.h:61:32: warning: conversion to ‘int’ from ‘LICE_pixel’ {aka ‘unsigned int’} may change the sign of the result [-Wsign-conversion]
   61 | #define LICE_GETA(v) (((v)>>24)&0xff)
      |                      ~~~~~~~~~~^~~~~~
/workspace/scratch/286141ad5a40/repo-checkout/src/WDL/lice/lice_line.cpp:351:79: note: in expansion of macro ‘LICE_GETA’
  351 |     int r = LICE_GETR(color), g = LICE_GETG(color), b = LICE_GETB(color), a = LICE_GETA(color);
      |                                                                               ^~~~~~~~~
/workspace/scratch/286141ad5a40/repo-checkout/src/WDL/lice/lice_line.cpp: In instantiation of ‘static void __LICE_LineClass<COMBFUNC>::DashedLine(LICE_IBitmap*, int, int, int, int, int, int, LICE_pixel, int) [with COMBFUNC = _LICE_CombinePixelsCopyClamp; LICE_pixel = unsigned int]’:
/workspace/scratch/286141ad5a40/repo-checkout/src/WDL/lice/lice_line.cpp:969:7:   required from here
/workspace/scratch/286141ad5a40/repo-checkout/src/WDL/lice/lice.h:61:32: warning: conversion to ‘int’ from ‘LICE_pixel’ {aka ‘unsigned int’} may change the sign of the result [-Wsign-conversion]
   61 | #define LICE_GETA(v) (((v)>>24)&0xff)
      |                      ~~~~~~~~~~^~~~~~
/workspace/scratch/286141ad5a40/repo-checkout/src/WDL/lice/lice_line.cpp:351:79: note: in expansion of macro ‘LICE_GETA’
  351 |     int r = LICE_GETR(color), g = LICE_GETG(color), b = LICE_GETB(color), a = LICE_GETA(color);
      |                                                                               ^~~~~~~~~
/workspace/scratch/286141ad5a40/repo-checkout/src/WDL/lice/lice_line.cpp: In instantiation of ‘static void __LICE_LineClass<COMBFUNC>::DashedLine(LICE_IBitmap*, int, int, int, int, int, int, LICE_pixel, int) [with COMBFUNC = _LICE_CombinePixelsCopyNoClamp; LICE_pixel = unsigned int]’:
/workspace/scratch/286141ad5a40/repo-checkout/src/WDL/lice/lice_line.cpp:969:7:   required from here
/workspace/scratch/286141ad5a40/repo-checkout/src/WDL/lice/lice.h:61:32: warning: conversion to ‘int’ from ‘LICE_pixel’ {aka ‘unsigned int’} may change the sign of the result [-Wsign-conversion]
   61 | #define LICE_GETA(v) (((v)>>24)&0xff)
      |                      ~~~~~~~~~~^~~~~~
/workspace/scratch/286141ad5a40/repo-checkout/src/WDL/lice/lice_line.cpp:351:79: note: in expansion of macro ‘LICE_GETA’
  351 |     int r = LICE_GETR(color), g = LICE_GETG(color), b = LICE_GETB(color), a = LICE_GETA(color);
      |                                                                               ^~~~~~~~~
/workspace/scratch/286141ad5a40/repo-checkout/src/WDL/lice/lice_line.cpp: In instantiation of ‘static void __LICE_LineClass<COMBFUNC>::DashedLine(LICE_IBitmap*, int, int, int, int, int, int, LICE_pixel, int) [with COMBFUNC = _LICE_CombinePixelsAdd; LICE_pixel = unsigned int]’:
/workspace/scratch/286141ad5a40/repo-checkout/src/WDL/lice/lice_line.cpp:969:7:   required from here
/workspace/scratch/286141ad5a40/repo-checkout/src/WDL/lice/lice.h:61:32: warning: conversion to ‘int’ from ‘LICE_pixel’ {aka ‘unsigned int’} may change the sign of the result [-Wsign-conversion]
   61 | #define LICE_GETA(v) (((v)>>24)&0xff)
      |                      ~~~~~~~~~~^~~~~~
/workspace/scratch/286141ad5a40/repo-checkout/src/WDL/lice/lice_line.cpp:351:79: note: in expansion of macro ‘LICE_GETA’
  351 |     int r = LICE_GETR(color), g = LICE_GETG(color), b = LICE_GETB(color), a = LICE_GETA(color);
      |                                                                               ^~~~~~~~~
/workspace/scratch/286141ad5a40/repo-checkout/src/WDL/lice/lice_line.cpp: In instantiation of ‘static void __LICE_LineClass<COMBFUNC>::DashedLine(LICE_IBitmap*, int, int, int, int, int, int, LICE_pixel, int) [with COMBFUNC = _LICE_CombinePixelsColorDodge; LICE_pixel = unsigned int]’:
/workspace/scratch/286141ad5a40/repo-checkout/src/WDL/lice/lice_line.cpp:969:7:   required from here
/workspace/scratch/286141ad5a40/repo-checkout/src/WDL/lice/lice.h:61:32: warning: conversion to ‘int’ from ‘LICE_pixel’ {aka ‘unsigned int’} may change the sign of the result [-Wsign-conversion]
   61 | #define LICE_GETA(v) (((v)>>24)&0xff)
      |                      ~~~~~~~~~~^~~~~~
/workspace/scratch/286141ad5a40/repo-checkout/src/WDL/lice/lice_line.cpp:351:79: note: in expansion of macro ‘LICE_GETA’
  351 |     int r = LICE_GETR(color), g = LICE_GETG(color), b = LICE_GETB(color), a = LICE_GETA(color);
      |                                                                               ^~~~~~~~~
/workspace/scratch/286141ad5a40/repo-checkout/src/WDL/lice/lice_line.cpp: In instantiation of ‘static void __LICE_LineClass<COMBFUNC>::DashedLine(LICE_IBitmap*, int, int, int, int, int, int, LICE_pixel, int) [with COMBFUNC = _LICE_CombinePixelsMulClamp; LICE_pixel = unsigned int]’:
/workspace/scratch/286141ad5a40/repo-checkout/src/WDL/lice/lice_line.cpp:969:7:   required from here
/workspace/scratch/286141ad5a40/repo-checkout/src/WDL/lice/lice.h:61:32: warning: conversion to ‘int’ from ‘LICE_pixel’ {aka ‘unsigned int’} may change the sign of the result [-Wsign-conversion]
   61 | #define LICE_GETA(v) (((v)>>24)&0xff)
      |                      ~~~~~~~~~~^~~~~~
/workspace/scratch/286141ad5a40/repo-checkout/src/WDL/lice/lice_line.cpp:351:79: note: in expansion of macro ‘LICE_GETA’
  351 |     int r = LICE_GETR(color), g = LICE_GETG(color), b = LICE_GETB(color), a = LICE_GETA(color);
      |                                                                               ^~~~~~~~~
/workspace/scratch/286141ad5a40/repo-checkout/src/WDL/lice/lice_line.cpp: In instantiation of ‘static void __LICE_LineClass<COMBFUNC>::DashedLine(LICE_IBitmap*, int, int, int, int, int, int, LICE_pixel, int) [with COMBFUNC = _LICE_CombinePixelsMulNoClamp; LICE_pixel = unsigned int]’:
/workspace/scratch/286141ad5a40/repo-checkout/src/WDL/lice/lice_line.cpp:969:7:   required from here
/workspace/scratch/286141ad5a40/repo-checkout/src/WDL/lice/lice.h:61:32: warning: conversion to ‘int’ from ‘LICE_pixel’ {aka ‘unsigned int’} may change the sign of the result [-Wsign-conversion]
   61 | #define LICE_GETA(v) (((v)>>24)&0xff)
      |                      ~~~~~~~~~~^~~~~~
/workspace/scratch/286141ad5a40/repo-checkout/src/WDL/lice/lice_line.cpp:351:79: note: in expansion of macro ‘LICE_GETA’
  351 |     int r = LICE_GETR(color), g = LICE_GETG(color), b = LICE_GETB(color), a = LICE_GETA(color);
      |                                                                               ^~~~~~~~~
/workspace/scratch/286141ad5a40/repo-checkout/src/WDL/lice/lice_line.cpp: In instantiation of ‘static void __LICE_LineClass<COMBFUNC>::DashedLine(LICE_IBitmap*, int, int, int, int, int, int, LICE_pixel, int) [with COMBFUNC = _LICE_CombinePixelsOverlay; LICE_pixel = unsigned int]’:
/workspace/scratch/286141ad5a40/repo-checkout/src/WDL/lice/lice_line.cpp:969:7:   required from here
/workspace/scratch/286141ad5a40/repo-checkout/src/WDL/lice/lice.h:61:32: warning: conversion to ‘int’ from ‘LICE_pixel’ {aka ‘unsigned int’} may change the sign of the result [-Wsign-conversion]
   61 | #define LICE_GETA(v) (((v)>>24)&0xff)
      |                      ~~~~~~~~~~^~~~~~
/workspace/scratch/286141ad5a40/repo-checkout/src/WDL/lice/lice_line.cpp:351:79: note: in expansion of macro ‘LICE_GETA’
  351 |     int r = LICE_GETR(color), g = LICE_GETG(color), b = LICE_GETB(color), a = LICE_GETA(color);
      |                                                                               ^~~~~~~~~
/workspace/scratch/286141ad5a40/repo-checkout/src/WDL/lice/lice_line.cpp: In instantiation of ‘static void __LICE_LineClass<COMBFUNC>::DashedLine(LICE_IBitmap*, int, int, int, int, int, int, LICE_pixel, int) [with COMBFUNC = _LICE_CombinePixelsHSVAdjust; LICE_pixel = unsigned int]’:
/workspace/scratch/286141ad5a40/repo-checkout/src/WDL/lice/lice_line.cpp:969:7:   required from here
/workspace/scratch/286141ad5a40/repo-checkout/src/WDL/lice/lice.h:61:32: warning: conversion to ‘int’ from ‘LICE_pixel’ {aka ‘unsigned int’} may change the sign of the result [-Wsign-conversion]
   61 | #define LICE_GETA(v) (((v)>>24)&0xff)
      |                      ~~~~~~~~~~^~~~~~
/workspace/scratch/286141ad5a40/repo-checkout/src/WDL/lice/lice_line.cpp:351:79: note: in expansion of macro ‘LICE_GETA’
  351 |     int r = LICE_GETR(color), g = LICE_GETG(color), b = LICE_GETB(color), a = LICE_GETA(color);
      |                                                                               ^~~~~~~~~
/workspace/scratch/286141ad5a40/repo-checkout/src/WDL/lice/lice_bezier.h: In instantiation of ‘T LICE_Bezier_GetY(T, T, T, T, T, T, T, double*) [with T = double]’:
/workspace/scratch/286141ad5a40/repo-checkout/src/WDL/lice/lice_line.cpp:1121:27:   required from here
/workspace/scratch/286141ad5a40/repo-checkout/src/WDL/lice/lice_bezier.h:67:9: warning: comparing floating-point with ‘==’ or ‘!=’ is unsafe [-Wfloat-equal]
   67 |   if (a == 0.0)
      |       ~~^~~~~~
/workspace/scratch/286141ad5a40/repo-checkout/src/WDL/lice/lice_bezier.h:69:16: warning: comparing floating-point with ‘==’ or ‘!=’ is unsafe [-Wfloat-equal]
   69 |     t=(ctrl_x1 == ctrl_x3) ? 0.0 : (x-ctrl_x1)/(ctrl_x3-ctrl_x1);
      |       ~~~~~~~~~^~~~~~~~~~~
/workspace/scratch/286141ad5a40/repo-checkout/src/WDL/lice/lice_bezier.h: In instantiation of ‘T LICE_CBezier_GetY(T, T, T, T, T, T, T, T, T, T*, T*, double*, double*) [with T = double]’:
/workspace/scratch/286141ad5a40/repo-checkout/src/WDL/lice/lice_line.cpp:1187:29:   required from here
/workspace/scratch/286141ad5a40/repo-checkout/src/WDL/lice/lice_bezier.h:281:11: warning: comparing floating-point with ‘==’ or ‘!=’ is unsafe [-Wfloat-equal]
  281 |   if (tLo == 0.0) EVAL_CBEZ(xLo, ax, bx, cx, (double) ctrl_x1, 0.0);
      |       ~~~~^~~~~~
/workspace/scratch/286141ad5a40/repo-checkout/src/WDL/lice/lice_bezier.h:282:11: warning: comparing floating-point with ‘==’ or ‘!=’ is unsafe [-Wfloat-equal]
  282 |   if (tHi == 1.0) EVAL_CBEZ(xHi, ax, bx, cx, (double) ctrl_x1, 1.0);
      |       ~~~~^~~~~~
/workspace/scratch/286141ad5a40/repo-checkout/src/WDL/lice/lice_bezier.h:287:22: warning: comparing floating-point with ‘==’ or ‘!=’ is unsafe [-Wfloat-equal]
  287 |   double dYdX = (xLo == xHi ? 0.0 : (yHi - yLo) / (xHi - xLo));
      |                  ~~~~^~~~~~
/workspace/scratch/286141ad5a40/repo-checkout/src/WDL/lice/lice_line.cpp: In instantiation of ‘static void __LICE_LineClass<COMBFUNC>::LICE_FLineImplFill(LICE_pixel*, int, int, int, int, int, LICE_pixel, int, int, int, unsigned int) [with COMBFUNC = _LICE_CombinePixelsCopyClamp; LICE_pixel = unsigned int]’:
/workspace/scratch/286141ad5a40/repo-checkout/src/WDL/lice/lice_line.cpp:2019:7:   required from here
/workspace/scratch/286141ad5a40/repo-checkout/src/WDL/lice/lice.h:61:32: warning: conversion to ‘int’ from ‘LICE_pixel’ {aka ‘unsigned int’} may change the sign of the result [-Wsign-conversion]
   61 | #define LICE_GETA(v) (((v)>>24)&0xff)
      |                      ~~~~~~~~~~^~~~~~
/workspace/scratch/286141ad5a40/repo-checkout/src/WDL/lice/lice_line.cpp:532:79: note: in expansion of macro ‘LICE_GETA’
  532 |     int r = LICE_GETR(color), g = LICE_GETG(color), b = LICE_GETB(color), a = LICE_GETA(color);
      |                                                                               ^~~~~~~~~
/workspace/scratch/286141ad5a40/repo-checkout/src/WDL/lice/lice_line.cpp:551:27: warning: conversion to ‘unsigned int’ from ‘int’ may change the sign of the result [-Wsign-conversion]
  551 |         unsigned int bp = b_pos;
      |                           ^~~~~
/workspace/scratch/286141ad5a40/repo-checkout/src/WDL/lice/lice_line.cpp:556:20: warning: conversion to ‘unsigned int’ from ‘int’ may change the sign of the result [-Wsign-conversion]
  556 |           if ((bp+=dbpos)<b_max) { DOPIX((LICE_pixel_chan*)wr, r, g, b, a, 256) }
      |                    ^~~~~
/workspace/scratch/286141ad5a40/repo-checkout/src/WDL/lice/lice_line.cpp:558:17: warning: conversion to ‘unsigned int’ from ‘int’ may change the sign of the result [-Wsign-conversion]
  558 |         if ((bp+dbpos)<b_max) { DOPIX((LICE_pixel_chan*)(wr+bstep), r, g, b, a, iwt) }
      |                 ^~~~~
/workspace/scratch/286141ad5a40/repo-checkout/src/WDL/lice/lice_line.cpp:576:27: warning: conversion to ‘unsigned int’ from ‘int’ may change the sign of the result [-Wsign-conversion]
  576 |         unsigned int bp = b_pos;
      |                           ^~~~~
/workspace/scratch/286141ad5a40/repo-checkout/src/WDL/lice/lice_line.cpp:581:20: warning: conversion to ‘unsigned int’ from ‘int’ may change the sign of the result [-Wsign-conversion]
  581 |           if ((bp+=dbpos)<b_max) { DOPIX((LICE_pixel_chan*)wr, r, g, b, a, aw) }
      |                    ^~~~~
/workspace/scratch/286141ad5a40/repo-checkout/src/WDL/lice/lice_line.cpp:583:17: warning: conversion to ‘unsigned int’ from ‘int’ may change the sign of the result [-Wsign-conversion]
  583 |         if ((bp+dbpos)<b_max) { DOPIX((LICE_pixel_chan*)(wr+bstep), r, g, b, a, iwt) }
      |                 ^~~~~
/workspace/scratch/286141ad5a40/repo-checkout/src/WDL/lice/lice_line.cpp: In instantiation of ‘static void __LICE_LineClass<COMBFUNC>::LICE_FLineImplFill(LICE_pixel*, int, int, int, int, int, LICE_pixel, int, int, int, unsigned int) [with COMBFUNC = _LICE_CombinePixelsCopyNoClamp; LICE_pixel = unsigned int]’:
/workspace/scratch/286141ad5a40/repo-checkout/src/WDL/lice/lice_line.cpp:2019:7:   required from here
/workspace/scratch/286141ad5a40/repo-checkout/src/WDL/lice/lice.h:61:32: warning: conversion to ‘int’ from ‘LICE_pixel’ {aka ‘unsigned int’} may change the sign of the result [-Wsign-conversion]
   61 | #define LICE_GETA(v) (((v)>>24)&0xff)
      |                      ~~~~~~~~~~^~~~~~
/workspace/scratch/286141ad5a40/repo-checkout/src/WDL/lice/lice_line.cpp:532:79: note: in expansion of macro ‘LICE_GETA’
  532 |     int r = LICE_GETR(color), g = LICE_GETG(color), b = LICE_GETB(color), a = LICE_GETA(color);
      |                                                                               ^~~~~~~~~
/workspace/scratch/286141ad5a40/repo-checkout/src/WDL/lice/lice_line.cpp:551:27: warning: conversion to ‘unsigned int’ from ‘int’ may change the sign of the result [-Wsign-conversion]
  551 |         unsigned int bp = b_pos;
      |                           ^~~~~
/workspace/scratch/286141ad5a40/repo-checkout/src/WDL/lice/lice_line.cpp:556:20: warning: conversion to ‘unsigned int’ from ‘int’ may change the sign of the result [-Wsign-conversion]
  556 |           if ((bp+=dbpos)<b_max) { DOPIX((LICE_pixel_chan*)wr, r, g, b, a, 256) }
      |                    ^~~~~
/workspace/scratch/286141ad5a40/repo-checkout/src/WDL/lice/lice_line.cpp:558:17: warning: conversion to ‘unsigned int’ from ‘int’ may change the sign of the result [-Wsign-conversion]
  558 |         if ((bp+dbpos)<b_max) { DOPIX((LICE_pixel_chan*)(wr+bstep), r, g, b, a, iwt) }
      |                 ^~~~~
/workspace/scratch/286141ad5a40/repo-checkout/src/WDL/lice/lice_line.cpp:576:27: warning: conversion to ‘unsigned int’ from ‘int’ may change the sign of the result [-Wsign-conversion]
  576 |         unsigned int bp = b_pos;
      |                           ^~~~~
/workspace/scratch/286141ad5a40/repo-checkout/src/WDL/lice/lice_line.cpp:581:20: warning: conversion to ‘unsigned int’ from ‘int’ may change the sign of the result [-Wsign-conversion]
  581 |           if ((bp+=dbpos)<b_max) { DOPIX((LICE_pixel_chan*)wr, r, g, b, a, aw) }
      |                    ^~~~~
/workspace/scratch/286141ad5a40/repo-checkout/src/WDL/lice/lice_line.cpp:583:17: warning: conversion to ‘unsigned int’ from ‘int’ may change the sign of the result [-Wsign-conversion]
  583 |         if ((bp+dbpos)<b_max) { DOPIX((LICE_pixel_chan*)(wr+bstep), r, g, b, a, iwt) }
      |                 ^~~~~
/workspace/scratch/286141ad5a40/repo-checkout/src/WDL/lice/lice_line.cpp: In instantiation of ‘static void __LICE_LineClass<COMBFUNC>::LICE_FLineImplFill(LICE_pixel*, int, int, int, int, int, LICE_pixel, int, int, int, unsigned int) [with COMBFUNC = _LICE_CombinePixelsAdd; LICE_pixel = unsigned int]’:
/workspace/scratch/286141ad5a40/repo-checkout/src/WDL/lice/lice_line.cpp:2019:7:   required from here
/workspace/scratch/286141ad5a40/repo-checkout/src/WDL/lice/lice.h:61:32: warning: conversion to ‘int’ from ‘LICE_pixel’ {aka ‘unsigned int’} may change the sign of the result [-Wsign-conversion]
   61 | #define LICE_GETA(v) (((v)>>24)&0xff)
      |                      ~~~~~~~~~~^~~~~~
/workspace/scratch/286141ad5a40/repo-checkout/src/WDL/lice/lice_line.cpp:532:79: note: in expansion of macro ‘LICE_GETA’
  532 |     int r = LICE_GETR(color), g = LICE_GETG(color), b = LICE_GETB(color), a = LICE_GETA(color);
      |                                                                               ^~~~~~~~~
/workspace/scratch/286141ad5a40/repo-checkout/src/WDL/lice/lice_line.cpp:551:27: warning: conversion to ‘unsigned int’ from ‘int’ may change the sign of the result [-Wsign-conversion]
  551 |         unsigned int bp = b_pos;
      |                           ^~~~~
/workspace/scratch/286141ad5a40/repo-checkout/src/WDL/lice/lice_line.cpp:556:20: warning: conversion to ‘unsigned int’ from ‘int’ may change the sign of the result [-Wsign-conversion]
  556 |           if ((bp+=dbpos)<b_max) { DOPIX((LICE_pixel_chan*)wr, r, g, b, a, 256) }
      |                    ^~~~~
/workspace/scratch/286141ad5a40/repo-checkout/src/WDL/lice/lice_line.cpp:558:17: warning: conversion to ‘unsigned int’ from ‘int’ may change the sign of the result [-Wsign-conversion]
  558 |         if ((bp+dbpos)<b_max) { DOPIX((LICE_pixel_chan*)(wr+bstep), r, g, b, a, iwt) }
      |                 ^~~~~
/workspace/scratch/286141ad5a40/repo-checkout/src/WDL/lice/lice_line.cpp:576:27: warning: conversion to ‘unsigned int’ from ‘int’ may change the sign of the result [-Wsign-conversion]
  576 |         unsigned int bp = b_pos;
      |                           ^~~~~
/workspace/scratch/286141ad5a40/repo-checkout/src/WDL/lice/lice_line.cpp:581:20: warning: conversion to ‘unsigned int’ from ‘int’ may change the sign of the result [-Wsign-conversion]
  581 |           if ((bp+=dbpos)<b_max) { DOPIX((LICE_pixel_chan*)wr, r, g, b, a, aw) }
      |                    ^~~~~
/workspace/scratch/286141ad5a40/repo-checkout/src/WDL/lice/lice_line.cpp:583:17: warning: conversion to ‘unsigned int’ from ‘int’ may change the sign of the result [-Wsign-conversion]
  583 |         if ((bp+dbpos)<b_max) { DOPIX((LICE_pixel_chan*)(wr+bstep), r, g, b, a, iwt) }
      |                 ^~~~~
/workspace/scratch/286141ad5a40/repo-checkout/src/WDL/lice/lice_line.cpp: In instantiation of ‘static void __LICE_LineClass<COMBFUNC>::LICE_FLineImplFill(LICE_pixel*, int, int, int, int, int, LICE_pixel, int, int, int, unsigned int) [with COMBFUNC = _LICE_CombinePixelsColorDodge; LICE_pixel = unsigned int]’:
/workspace/scratch/286141ad5a40/repo-checkout/src/WDL/lice/lice_line.cpp:2019:7:   required from here
/workspace/scratch/286141ad5a40/repo-checkout/src/WDL/lice/lice.h:61:32: warning: conversion to ‘int’ from ‘LICE_pixel’ {aka ‘unsigned int’} may change the sign of the result [-Wsign-conversion]
   61 | #define LICE_GETA(v) (((v)>>24)&0xff)
      |                      ~~~~~~~~~~^~~~~~
/workspace/scratch/286141ad5a40/repo-checkout/src/WDL/lice/lice_line.cpp:532:79: note: in expansion of macro ‘LICE_GETA’
  532 |     int r = LICE_GETR(color), g = LICE_GETG(color), b = LICE_GETB(color), a = LICE_GETA(color);
      |                                                                               ^~~~~~~~~
/workspace/scratch/286141ad5a40/repo-checkout/src/WDL/lice/lice_line.cpp:551:27: warning: conversion to ‘unsigned int’ from ‘int’ may change the sign of the result [-Wsign-conversion]
  551 |         unsigned int bp = b_pos;
      |                           ^~~~~
/workspace/scratch/286141ad5a40/repo-checkout/src/WDL/lice/lice_line.cpp:556:20: warning: conversion to ‘unsigned int’ from ‘int’ may change the sign of the result [-Wsign-conversion]
  556 |           if ((bp+=dbpos)<b_max) { DOPIX((LICE_pixel_chan*)wr, r, g, b, a, 256) }
      |                    ^~~~~
/workspace/scratch/286141ad5a40/repo-checkout/src/WDL/lice/lice_line.cpp:558:17: warning: conversion to ‘unsigned int’ from ‘int’ may change the sign of the result [-Wsign-conversion]
  558 |         if ((bp+dbpos)<b_max) { DOPIX((LICE_pixel_chan*)(wr+bstep), r, g, b, a, iwt) }
      |                 ^~~~~
/workspace/scratch/286141ad5a40/repo-checkout/src/WDL/lice/lice_line.cpp:576:27: warning: conversion to ‘unsigned int’ from ‘int’ may change the sign of the result [-Wsign-conversion]
  576 |         unsigned int bp = b_pos;
      |                           ^~~~~
/workspace/scratch/286141ad5a40/repo-checkout/src/WDL/lice/lice_line.cpp:581:20: warning: conversion to ‘unsigned int’ from ‘int’ may change the sign of the result [-Wsign-conversion]
  581 |           if ((bp+=dbpos)<b_max) { DOPIX((LICE_pixel_chan*)wr, r, g, b, a, aw) }
      |                    ^~~~~
/workspace/scratch/286141ad5a40/repo-checkout/src/WDL/lice/lice_line.cpp:583:17: warning: conversion to ‘unsigned int’ from ‘int’ may change the sign of the result [-Wsign-conversion]
  583 |         if ((bp+dbpos)<b_max) { DOPIX((LICE_pixel_chan*)(wr+bstep), r, g, b, a, iwt) }
      |                 ^~~~~
/workspace/scratch/286141ad5a40/repo-checkout/src/WDL/lice/lice_line.cpp: In instantiation of ‘static void __LICE_LineClass<COMBFUNC>::LICE_FLineImplFill(LICE_pixel*, int, int, int, int, int, LICE_pixel, int, int, int, unsigned int) [with COMBFUNC = _LICE_CombinePixelsMulClamp; LICE_pixel = unsigned int]’:
/workspace/scratch/286141ad5a40/repo-checkout/src/WDL/lice/lice_line.cpp:2019:7:   required from here
/workspace/scratch/286141ad5a40/repo-checkout/src/WDL/lice/lice.h:61:32: warning: conversion to ‘int’ from ‘LICE_pixel’ {aka ‘unsigned int’} may change the sign of the result [-Wsign-conversion]
   61 | #define LICE_GETA(v) (((v)>>24)&0xff)
      |                      ~~~~~~~~~~^~~~~~
/workspace/scratch/286141ad5a40/repo-checkout/src/WDL/lice/lice_line.cpp:532:79: note: in expansion of macro ‘LICE_GETA’
  532 |     int r = LICE_GETR(color), g = LICE_GETG(color), b = LICE_GETB(color), a = LICE_GETA(color);
      |                                                                               ^~~~~~~~~
/workspace/scratch/286141ad5a40/repo-checkout/src/WDL/lice/lice_line.cpp:551:27: warning: conversion to ‘unsigned int’ from ‘int’ may change the sign of the result [-Wsign-conversion]
  551 |         unsigned int bp = b_pos;
      |                           ^~~~~
/workspace/scratch/286141ad5a40/repo-checkout/src/WDL/lice/lice_line.cpp:556:20: warning: conversion to ‘unsigned int’ from ‘int’ may change the sign of the result [-Wsign-conversion]
  556 |           if ((bp+=dbpos)<b_max) { DOPIX((LICE_pixel_chan*)wr, r, g, b, a, 256) }
      |                    ^~~~~
/workspace/scratch/286141ad5a40/repo-checkout/src/WDL/lice/lice_line.cpp:558:17: warning: conversion to ‘unsigned int’ from ‘int’ may change the sign of the result [-Wsign-conversion]
  558 |         if ((bp+dbpos)<b_max) { DOPIX((LICE_pixel_chan*)(wr+bstep), r, g, b, a, iwt) }
      |                 ^~~~~
/workspace/scratch/286141ad5a40/repo-checkout/src/WDL/lice/lice_line.cpp:576:27: warning: conversion to ‘unsigned int’ from ‘int’ may change the sign of the result [-Wsign-conversion]
  576 |         unsigned int bp = b_pos;
      |                           ^~~~~
/workspace/scratch/286141ad5a40/repo-checkout/src/WDL/lice/lice_line.cpp:581:20: warning: conversion to ‘unsigned int’ from ‘int’ may change the sign of the result [-Wsign-conversion]
  581 |           if ((bp+=dbpos)<b_max) { DOPIX((LICE_pixel_chan*)wr, r, g, b, a, aw) }
      |                    ^~~~~
/workspace/scratch/286141ad5a40/repo-checkout/src/WDL/lice/lice_line.cpp:583:17: warning: conversion to ‘unsigned int’ from ‘int’ may change the sign of the result [-Wsign-conversion]
  583 |         if ((bp+dbpos)<b_max) { DOPIX((LICE_pixel_chan*)(wr+bstep), r, g, b, a, iwt) }
      |                 ^~~~~
/workspace/scratch/286141ad5a40/repo-checkout/src/WDL/lice/lice_line.cpp: In instantiation of ‘static void __LICE_LineClass<COMBFUNC>::LICE_FLineImplFill(LICE_pixel*, int, int, int, int, int, LICE_pixel, int, int, int, unsigned int) [with COMBFUNC = _LICE_CombinePixelsMulNoClamp; LICE_pixel = unsigned int]’:
/workspace/scratch/286141ad5a40/repo-checkout/src/WDL/lice/lice_line.cpp:2019:7:   required from here
/workspace/scratch/286141ad5a40/repo-checkout/src/WDL/lice/lice.h:61:32: warning: conversion to ‘int’ from ‘LICE_pixel’ {aka ‘unsigned int’} may change the sign of the result [-Wsign-conversion]
   61 | #define LICE_GETA(v) (((v)>>24)&0xff)
      |                      ~~~~~~~~~~^~~~~~
/workspace/scratch/286141ad5a40/repo-checkout/src/WDL/lice/lice_line.cpp:532:79: note: in expansion of macro ‘LICE_GETA’
  532 |     int r = LICE_GETR(color), g = LICE_GETG(color), b = LICE_GETB(color), a = LICE_GETA(color);
      |                                                                               ^~~~~~~~~
/workspace/scratch/286141ad5a40/repo-checkout/src/WDL/lice/lice_line.cpp:551:27: warning: conversion to ‘unsigned int’ from ‘int’ may change the sign of the result [-Wsign-conversion]
  551 |         unsigned int bp = b_pos;
      |                           ^~~~~
/workspace/scratch/286141ad5a40/repo-checkout/src/WDL/lice/lice_line.cpp:556:20: warning: conversion to ‘unsigned int’ from ‘int’ may change the sign of the result [-Wsign-conversion]
  556 |           if ((bp+=dbpos)<b_max) { DOPIX((LICE_pixel_chan*)wr, r, g, b, a, 256) }
      |                    ^~~~~
/workspace/scratch/286141ad5a40/repo-checkout/src/WDL/lice/lice_line.cpp:558:17: warning: conversion to ‘unsigned int’ from ‘int’ may change the sign of the result [-Wsign-conversion]
  558 |         if ((bp+dbpos)<b_max) { DOPIX((LICE_pixel_chan*)(wr+bstep), r, g, b, a, iwt) }
      |                 ^~~~~
/workspace/scratch/286141ad5a40/repo-checkout/src/WDL/lice/lice_line.cpp:576:27: warning: conversion to ‘unsigned int’ from ‘int’ may change the sign of the result [-Wsign-conversion]
  576 |         unsigned int bp = b_pos;
      |                           ^~~~~
/workspace/scratch/286141ad5a40/repo-checkout/src/WDL/lice/lice_line.cpp:581:20: warning: conversion to ‘unsigned int’ from ‘int’ may change the sign of the result [-Wsign-conversion]
  581 |           if ((bp+=dbpos)<b_max) { DOPIX((LICE_pixel_chan*)wr, r, g, b, a, aw) }
      |                    ^~~~~
/workspace/scratch/286141ad5a40/repo-checkout/src/WDL/lice/lice_line.cpp:583:17: warning: conversion to ‘unsigned int’ from ‘int’ may change the sign of the result [-Wsign-conversion]
  583 |         if ((bp+dbpos)<b_max) { DOPIX((LICE_pixel_chan*)(wr+bstep), r, g, b, a, iwt) }
      |                 ^~~~~
/workspace/scratch/286141ad5a40/repo-checkout/src/WDL/lice/lice_line.cpp: In instantiation of ‘static void __LICE_LineClass<COMBFUNC>::LICE_FLineImplFill(LICE_pixel*, int, int, int, int, int, LICE_pixel, int, int, int, unsigned int) [with COMBFUNC = _LICE_CombinePixelsOverlay; LICE_pixel = unsigned int]’:
/workspace/scratch/286141ad5a40/repo-checkout/src/WDL/lice/lice_line.cpp:2019:7:   required from here
/workspace/scratch/286141ad5a40/repo-checkout/src/WDL/lice/lice.h:61:32: warning: conversion to ‘int’ from ‘LICE_pixel’ {aka ‘unsigned int’} may change the sign of the result [-Wsign-conversion]
   61 | #define LICE_GETA(v) (((v)>>24)&0xff)
      |                      ~~~~~~~~~~^~~~~~
/workspace/scratch/286141ad5a40/repo-checkout/src/WDL/lice/lice_line.cpp:532:79: note: in expansion of macro ‘LICE_GETA’
  532 |     int r = LICE_GETR(color), g = LICE_GETG(color), b = LICE_GETB(color), a = LICE_GETA(color);
      |                                                                               ^~~~~~~~~
/workspace/scratch/286141ad5a40/repo-checkout/src/WDL/lice/lice_line.cpp:551:27: warning: conversion to ‘unsigned int’ from ‘int’ may change the sign of the result [-Wsign-conversion]
  551 |         unsigned int bp = b_pos;
      |                           ^~~~~
/workspace/scratch/286141ad5a40/repo-checkout/src/WDL/lice/lice_line.cpp:556:20: warning: conversion to ‘unsigned int’ from ‘int’ may change the sign of the result [-Wsign-conversion]
  556 |           if ((bp+=dbpos)<b_max) { DOPIX((LICE_pixel_chan*)wr, r, g, b, a, 256) }
      |                    ^~~~~
/workspace/scratch/286141ad5a40/repo-checkout/src/WDL/lice/lice_line.cpp:558:17: warning: conversion to ‘unsigned int’ from ‘int’ may change the sign of the result [-Wsign-conversion]
  558 |         if ((bp+dbpos)<b_max) { DOPIX((LICE_pixel_chan*)(wr+bstep), r, g, b, a, iwt) }
      |                 ^~~~~
/workspace/scratch/286141ad5a40/repo-checkout/src/WDL/lice/lice_line.cpp:576:27: warning: conversion to ‘unsigned int’ from ‘int’ may change the sign of the result [-Wsign-conversion]
  576 |         unsigned int bp = b_pos;
      |                           ^~~~~
/workspace/scratch/286141ad5a40/repo-checkout/src/WDL/lice/lice_line.cpp:581:20: warning: conversion to ‘unsigned int’ from ‘int’ may change the sign of the result [-Wsign-conversion]
  581 |           if ((bp+=dbpos)<b_max) { DOPIX((LICE_pixel_chan*)wr, r, g, b, a, aw) }
      |                    ^~~~~
/workspace/scratch/286141ad5a40/repo-checkout/src/WDL/lice/lice_line.cpp:583:17: warning: conversion to ‘unsigned int’ from ‘int’ may change the sign of the result [-Wsign-conversion]
  583 |         if ((bp+dbpos)<b_max) { DOPIX((LICE_pixel_chan*)(wr+bstep), r, g, b, a, iwt) }
      |                 ^~~~~
/workspace/scratch/286141ad5a40/repo-checkout/src/WDL/lice/lice_line.cpp: In instantiation of ‘static void __LICE_LineClass<COMBFUNC>::LICE_FLineImplFill(LICE_pixel*, int, int, int, int, int, LICE_pixel, int, int, int, unsigned int) [with COMBFUNC = _LICE_CombinePixelsHSVAdjust; LICE_pixel = unsigned int]’:
/workspace/scratch/286141ad5a40/repo-checkout/src/WDL/lice/lice_line.cpp:2019:7:   required from here
/workspace/scratch/286141ad5a40/repo-checkout/src/WDL/lice/lice.h:61:32: warning: conversion to ‘int’ from ‘LICE_pixel’ {aka ‘unsigned int’} may change the sign of the result [-Wsign-conversion]
   61 | #define LICE_GETA(v) (((v)>>24)&0xff)
      |                      ~~~~~~~~~~^~~~~~
/workspace/scratch/286141ad5a40/repo-checkout/src/WDL/lice/lice_line.cpp:532:79: note: in expansion of macro ‘LICE_GETA’
  532 |     int r = LICE_GETR(color), g = LICE_GETG(color), b = LICE_GETB(color), a = LICE_GETA(color);
      |                                                                               ^~~~~~~~~
/workspace/scratch/286141ad5a40/repo-checkout/src/WDL/lice/lice_line.cpp:551:27: warning: conversion to ‘unsigned int’ from ‘int’ may change the sign of the result [-Wsign-conversion]
  551 |         unsigned int bp = b_pos;
      |                           ^~~~~
/workspace/scratch/286141ad5a40/repo-checkout/src/WDL/lice/lice_line.cpp:556:20: warning: conversion to ‘unsigned int’ from ‘int’ may change the sign of the result [-Wsign-conversion]
  556 |           if ((bp+=dbpos)<b_max) { DOPIX((LICE_pixel_chan*)wr, r, g, b, a, 256) }
      |                    ^~~~~
/workspace/scratch/286141ad5a40/repo-checkout/src/WDL/lice/lice_line.cpp:558:17: warning: conversion to ‘unsigned int’ from ‘int’ may change the sign of the result [-Wsign-conversion]
  558 |         if ((bp+dbpos)<b_max) { DOPIX((LICE_pixel_chan*)(wr+bstep), r, g, b, a, iwt) }
      |                 ^~~~~
/workspace/scratch/286141ad5a40/repo-checkout/src/WDL/lice/lice_line.cpp:576:27: warning: conversion to ‘unsigned int’ from ‘int’ may change the sign of the result [-Wsign-conversion]
  576 |         unsigned int bp = b_pos;
      |                           ^~~~~
/workspace/scratch/286141ad5a40/repo-checkout/src/WDL/lice/lice_line.cpp:581:20: warning: conversion to ‘unsigned int’ from ‘int’ may change the sign of the result [-Wsign-conversion]
  581 |           if ((bp+=dbpos)<b_max) { DOPIX((LICE_pixel_chan*)wr, r, g, b, a, aw) }
      |                    ^~~~~
/workspace/scratch/286141ad5a40/repo-checkout/src/WDL/lice/lice_line.cpp:583:17: warning: conversion to ‘unsigned int’ from ‘int’ may change the sign of the result [-Wsign-conversion]
  583 |         if ((bp+dbpos)<b_max) { DOPIX((LICE_pixel_chan*)(wr+bstep), r, g, b, a, iwt) }
      |                 ^~~~~
/workspace/scratch/286141ad5a40/repo-checkout/src/WDL/lice/lice_arc.cpp: In instantiation of ‘static void _LICE_CircleDrawer<COMBFUNC>::DrawClippedCircleAA(LICE_IBitmap*, float, float, float, const int*, LICE_pixel, int, bool, bool) [with COMBFUNC = _LICE_CombinePixelsCopyClamp; LICE_pixel = unsigned int]’:
/workspace/scratch/286141ad5a40/repo-checkout/src/WDL/lice/lice_arc.cpp:502:7:   required from here
/workspace/scratch/286141ad5a40/repo-checkout/src/WDL/lice/lice.h:61:32: warning: conversion to ‘int’ from ‘LICE_pixel’ {aka ‘unsigned int’} may change the sign of the result [-Wsign-conversion]
   61 | #define LICE_GETA(v) (((v)>>24)&0xff)
      |                      ~~~~~~~~~~^~~~~~
/workspace/scratch/286141ad5a40/repo-checkout/src/WDL/lice/lice_arc.cpp:341:79: note: in expansion of macro ‘LICE_GETA’
  341 |     int r = LICE_GETR(color), g = LICE_GETG(color), b = LICE_GETB(color), a = LICE_GETA(color);
      |                                                                               ^~~~~~~~~
/workspace/scratch/286141ad5a40/repo-checkout/src/WDL/lice/lice_arc.cpp: In instantiation of ‘static void _LICE_CircleDrawer<COMBFUNC>::DrawClippedCircleAA(LICE_IBitmap*, float, float, float, const int*, LICE_pixel, int, bool, bool) [with COMBFUNC = _LICE_CombinePixelsCopyNoClamp; LICE_pixel = unsigned int]’:
/workspace/scratch/286141ad5a40/repo-checkout/src/WDL/lice/lice_arc.cpp:502:7:   required from here
/workspace/scratch/286141ad5a40/repo-checkout/src/WDL/lice/lice.h:61:32: warning: conversion to ‘int’ from ‘LICE_pixel’ {aka ‘unsigned int’} may change the sign of the result [-Wsign-conversion]
   61 | #define LICE_GETA(v) (((v)>>24)&0xff)
      |                      ~~~~~~~~~~^~~~~~
/workspace/scratch/286141ad5a40/repo-checkout/src/WDL/lice/lice_arc.cpp:341:79: note: in expansion of macro ‘LICE_GETA’
  341 |     int r = LICE_GETR(color), g = LICE_GETG(color), b = LICE_GETB(color), a = LICE_GETA(color);
      |                                                                               ^~~~~~~~~
/workspace/scratch/286141ad5a40/repo-checkout/src/WDL/lice/lice_arc.cpp: In instantiation of ‘static void _LICE_CircleDrawer<COMBFUNC>::DrawClippedCircleAA(LICE_IBitmap*, float, float, float, const int*, LICE_pixel, int, bool, bool) [with COMBFUNC = _LICE_CombinePixelsAdd; LICE_pixel = unsigned int]’:
/workspace/scratch/286141ad5a40/repo-checkout/src/WDL/lice/lice_arc.cpp:502:7:   required from here
/workspace/scratch/286141ad5a40/repo-checkout/src/WDL/lice/lice.h:61:32: warning: conversion to ‘int’ from ‘LICE_pixel’ {aka ‘unsigned int’} may change the sign of the result [-Wsign-conversion]
   61 | #define LICE_GETA(v) (((v)>>24)&0xff)
      |                      ~~~~~~~~~~^~~~~~
/workspace/scratch/286141ad5a40/repo-checkout/src/WDL/lice/lice_arc.cpp:341:79: note: in expansion of macro ‘LICE_GETA’
  341 |     int r = LICE_GETR(color), g = LICE_GETG(color), b = LICE_GETB(color), a = LICE_GETA(color);
      |                                                                               ^~~~~~~~~
/workspace/scratch/286141ad5a40/repo-checkout/src/WDL/lice/lice_arc.cpp: In instantiation of ‘static void _LICE_CircleDrawer<COMBFUNC>::DrawClippedCircleAA(LICE_IBitmap*, float, float, float, const int*, LICE_pixel, int, bool, bool) [with COMBFUNC = _LICE_CombinePixelsColorDodge; LICE_pixel = unsigned int]’:
/workspace/scratch/286141ad5a40/repo-checkout/src/WDL/lice/lice_arc.cpp:502:7:   required from here
/workspace/scratch/286141ad5a40/repo-checkout/src/WDL/lice/lice.h:61:32: warning: conversion to ‘int’ from ‘LICE_pixel’ {aka ‘unsigned int’} may change the sign of the result [-Wsign-conversion]
   61 | #define LICE_GETA(v) (((v)>>24)&0xff)
      |                      ~~~~~~~~~~^~~~~~
/workspace/scratch/286141ad5a40/repo-checkout/src/WDL/lice/lice_arc.cpp:341:79: note: in expansion of macro ‘LICE_GETA’
  341 |     int r = LICE_GETR(color), g = LICE_GETG(color), b = LICE_GETB(color), a = LICE_GETA(color);
      |                                                                               ^~~~~~~~~
/workspace/scratch/286141ad5a40/repo-checkout/src/WDL/lice/lice_arc.cpp: In instantiation of ‘static void _LICE_CircleDrawer<COMBFUNC>::DrawClippedCircleAA(LICE_IBitmap*, float, float, float, const int*, LICE_pixel, int, bool, bool) [with COMBFUNC = _LICE_CombinePixelsMulClamp; LICE_pixel = unsigned int]’:
/workspace/scratch/286141ad5a40/repo-checkout/src/WDL/lice/lice_arc.cpp:502:7:   required from here
/workspace/scratch/286141ad5a40/repo-checkout/src/WDL/lice/lice.h:61:32: warning: conversion to ‘int’ from ‘LICE_pixel’ {aka ‘unsigned int’} may change the sign of the result [-Wsign-conversion]
   61 | #define LICE_GETA(v) (((v)>>24)&0xff)
      |                      ~~~~~~~~~~^~~~~~
/workspace/scratch/286141ad5a40/repo-checkout/src/WDL/lice/lice_arc.cpp:341:79: note: in expansion of macro ‘LICE_GETA’
  341 |     int r = LICE_GETR(color), g = LICE_GETG(color), b = LICE_GETB(color), a = LICE_GETA(color);
      |                                                                               ^~~~~~~~~
/workspace/scratch/286141ad5a40/repo-checkout/src/WDL/lice/lice_arc.cpp: In instantiation of ‘static void _LICE_CircleDrawer<COMBFUNC>::DrawClippedCircleAA(LICE_IBitmap*, float, float, float, const int*, LICE_pixel, int, bool, bool) [with COMBFUNC = _LICE_CombinePixelsMulNoClamp; LICE_pixel = unsigned int]’:
/workspace/scratch/286141ad5a40/repo-checkout/src/WDL/lice/lice_arc.cpp:502:7:   required from here
/workspace/scratch/286141ad5a40/repo-checkout/src/WDL/lice/lice.h:61:32: warning: conversion to ‘int’ from ‘LICE_pixel’ {aka ‘unsigned int’} may change the sign of the result [-Wsign-conversion]
   61 | #define LICE_GETA(v) (((v)>>24)&0xff)
      |                      ~~~~~~~~~~^~~~~~
/workspace/scratch/286141ad5a40/repo-checkout/src/WDL/lice/lice_arc.cpp:341:79: note: in expansion of macro ‘LICE_GETA’
  341 |     int r = LICE_GETR(color), g = LICE_GETG(color), b = LICE_GETB(color), a = LICE_GETA(color);
      |                                                                               ^~~~~~~~~
/workspace/scratch/286141ad5a40/repo-checkout/src/WDL/lice/lice_arc.cpp: In instantiation of ‘static void _LICE_CircleDrawer<COMBFUNC>::DrawClippedCircleAA(LICE_IBitmap*, float, float, float, const int*, LICE_pixel, int, bool, bool) [with COMBFUNC = _LICE_CombinePixelsOverlay; LICE_pixel = unsigned int]’:
/workspace/scratch/286141ad5a40/repo-checkout/src/WDL/lice/lice_arc.cpp:502:7:   required from here
/workspace/scratch/286141ad5a40/repo-checkout/src/WDL/lice/lice.h:61:32: warning: conversion to ‘int’ from ‘LICE_pixel’ {aka ‘unsigned int’} may change the sign of the result [-Wsign-conversion]
   61 | #define LICE_GETA(v) (((v)>>24)&0xff)
      |                      ~~~~~~~~~~^~~~~~
/workspace/scratch/286141ad5a40/repo-checkout/src/WDL/lice/lice_arc.cpp:341:79: note: in expansion of macro ‘LICE_GETA’
  341 |     int r = LICE_GETR(color), g = LICE_GETG(color), b = LICE_GETB(color), a = LICE_GETA(color);
      |                                                                               ^~~~~~~~~
/workspace/scratch/286141ad5a40/repo-checkout/src/WDL/lice/lice_arc.cpp: In instantiation of ‘static void _LICE_CircleDrawer<COMBFUNC>::DrawClippedCircleAA(LICE_IBitmap*, float, float, float, const int*, LICE_pixel, int, bool, bool) [with COMBFUNC = _LICE_CombinePixelsHSVAdjust; LICE_pixel = unsigned int]’:
/workspace/scratch/286141ad5a40/repo-checkout/src/WDL/lice/lice_arc.cpp:502:7:   required from here
/workspace/scratch/286141ad5a40/repo-checkout/src/WDL/lice/lice.h:61:32: warning: conversion to ‘int’ from ‘LICE_pixel’ {aka ‘unsigned int’} may change the sign of the result [-Wsign-conversion]
   61 | #define LICE_GETA(v) (((v)>>24)&0xff)
      |                      ~~~~~~~~~~^~~~~~
/workspace/scratch/286141ad5a40/repo-checkout/src/WDL/lice/lice_arc.cpp:341:79: note: in expansion of macro ‘LICE_GETA’
  341 |     int r = LICE_GETR(color), g = LICE_GETG(color), b = LICE_GETB(color), a = LICE_GETA(color);
      |                                                                               ^~~~~~~~~
/workspace/scratch/286141ad5a40/repo-checkout/src/WDL/lice/lice_arc.cpp: In instantiation of ‘static void _LICE_CircleDrawer<COMBFUNC>::DrawClippedCircle(LICE_IBitmap*, float, float, float, const int*, LICE_pixel, int, bool, bool) [with COMBFUNC = _LICE_CombinePixelsClobberClamp; LICE_pixel = unsigned int]’:
/workspace/scratch/286141ad5a40/repo-checkout/src/WDL/lice/lice_arc.cpp:508:7:   required from here
/workspace/scratch/286141ad5a40/repo-checkout/src/WDL/lice/lice.h:61:32: warning: conversion to ‘int’ from ‘LICE_pixel’ {aka ‘unsigned int’} may change the sign of the result [-Wsign-conversion]
   61 | #define LICE_GETA(v) (((v)>>24)&0xff)
      |                      ~~~~~~~~~~^~~~~~
/workspace/scratch/286141ad5a40/repo-checkout/src/WDL/lice/lice_arc.cpp:429:85: note: in expansion of macro ‘LICE_GETA’
  429 |     const int r = LICE_GETR(color), g = LICE_GETG(color), b = LICE_GETB(color), a = LICE_GETA(color);
      |                                                                                     ^~~~~~~~~
/workspace/scratch/286141ad5a40/repo-checkout/src/WDL/lice/lice_arc.cpp: In instantiation of ‘static void _LICE_CircleDrawer<COMBFUNC>::DrawClippedCircle(LICE_IBitmap*, float, float, float, const int*, LICE_pixel, int, bool, bool) [with COMBFUNC = _LICE_CombinePixelsClobberNoClamp; LICE_pixel = unsigned int]’:
/workspace/scratch/286141ad5a40/repo-checkout/src/WDL/lice/lice_arc.cpp:508:7:   required from here
/workspace/scratch/286141ad5a40/repo-checkout/src/WDL/lice/lice.h:61:32: warning: conversion to ‘int’ from ‘LICE_pixel’ {aka ‘unsigned int’} may change the sign of the result [-Wsign-conversion]
   61 | #define LICE_GETA(v) (((v)>>24)&0xff)
      |                      ~~~~~~~~~~^~~~~~
/workspace/scratch/286141ad5a40/repo-checkout/src/WDL/lice/lice_arc.cpp:429:85: note: in expansion of macro ‘LICE_GETA’
  429 |     const int r = LICE_GETR(color), g = LICE_GETG(color), b = LICE_GETB(color), a = LICE_GETA(color);
      |                                                                                     ^~~~~~~~~
/workspace/scratch/286141ad5a40/repo-checkout/src/WDL/lice/lice_arc.cpp: In instantiation of ‘static void _LICE_CircleDrawer<COMBFUNC>::DrawClippedCircle(LICE_IBitmap*, float, float, float, const int*, LICE_pixel, int, bool, bool) [with COMBFUNC = _LICE_CombinePixelsHalfMixClamp; LICE_pixel = unsigned int]’:
/workspace/scratch/286141ad5a40/repo-checkout/src/WDL/lice/lice_arc.cpp:508:7:   required from here
/workspace/scratch/286141ad5a40/repo-checkout/src/WDL/lice/lice.h:61:32: warning: conversion to ‘int’ from ‘LICE_pixel’ {aka ‘unsigned int’} may change the sign of the result [-Wsign-conversion]
   61 | #define LICE_GETA(v) (((v)>>24)&0xff)
      |                      ~~~~~~~~~~^~~~~~
/workspace/scratch/286141ad5a40/repo-checkout/src/WDL/lice/lice_arc.cpp:429:85: note: in expansion of macro ‘LICE_GETA’
  429 |     const int r = LICE_GETR(color), g = LICE_GETG(color), b = LICE_GETB(color), a = LICE_GETA(color);
      |                                                                                     ^~~~~~~~~
/workspace/scratch/286141ad5a40/repo-checkout/src/WDL/lice/lice_arc.cpp: In instantiation of ‘static void _LICE_CircleDrawer<COMBFUNC>::DrawClippedCircle(LICE_IBitmap*, float, float, float, const int*, LICE_pixel, int, bool, bool) [with COMBFUNC = _LICE_CombinePixelsHalfMixNoClamp; LICE_pixel = unsigned int]’:
/workspace/scratch/286141ad5a40/repo-checkout/src/WDL/lice/lice_arc.cpp:508:7:   required from here
/workspace/scratch/286141ad5a40/repo-checkout/src/WDL/lice/lice.h:61:32: warning: conversion to ‘int’ from ‘LICE_pixel’ {aka ‘unsigned int’} may change the sign of the result [-Wsign-conversion]
   61 | #define LICE_GETA(v) (((v)>>24)&0xff)
      |                      ~~~~~~~~~~^~~~~~
/workspace/scratch/286141ad5a40/repo-checkout/src/WDL/lice/lice_arc.cpp:429:85: note: in expansion of macro ‘LICE_GETA’
  429 |     const int r = LICE_GETR(color), g = LICE_GETG(color), b = LICE_GETB(color), a = LICE_GETA(color);
      |                                                                                     ^~~~~~~~~
/workspace/scratch/286141ad5a40/repo-checkout/src/WDL/lice/lice_arc.cpp: In instantiation of ‘static void _LICE_CircleDrawer<COMBFUNC>::DrawClippedCircle(LICE_IBitmap*, float, float, float, const int*, LICE_pixel, int, bool, bool) [with COMBFUNC = _LICE_CombinePixelsCopyClamp; LICE_pixel = unsigned int]’:
/workspace/scratch/286141ad5a40/repo-checkout/src/WDL/lice/lice_arc.cpp:508:7:   required from here
/workspace/scratch/286141ad5a40/repo-checkout/src/WDL/lice/lice.h:61:32: warning: conversion to ‘int’ from ‘LICE_pixel’ {aka ‘unsigned int’} may change the sign of the result [-Wsign-conversion]
   61 | #define LICE_GETA(v) (((v)>>24)&0xff)
      |                      ~~~~~~~~~~^~~~~~
/workspace/scratch/286141ad5a40/repo-checkout/src/WDL/lice/lice_arc.cpp:429:85: note: in expansion of macro ‘LICE_GETA’
  429 |     const int r = LICE_GETR(color), g = LICE_GETG(color), b = LICE_GETB(color), a = LICE_GETA(color);
      |                                                                                     ^~~~~~~~~
/workspace/scratch/286141ad5a40/repo-checkout/src/WDL/lice/lice_arc.cpp: In instantiation of ‘static void _LICE_CircleDrawer<COMBFUNC>::DrawClippedCircle(LICE_IBitmap*, float, float, float, const int*, LICE_pixel, int, bool, bool) [with COMBFUNC = _LICE_CombinePixelsCopyNoClamp; LICE_pixel = unsigned int]’:
/workspace/scratch/286141ad5a40/repo-checkout/src/WDL/lice/lice_arc.cpp:508:7:   required from here
/workspace/scratch/286141ad5a40/repo-checkout/src/WDL/lice/lice.h:61:32: warning: conversion to ‘int’ from ‘LICE_pixel’ {aka ‘unsigned int’} may change the sign of the result [-Wsign-conversion]
   61 | #define LICE_GETA(v) (((v)>>24)&0xff)
      |                      ~~~~~~~~~~^~~~~~
/workspace/scratch/286141ad5a40/repo-checkout/src/WDL/lice/lice_arc.cpp:429:85: note: in expansion of macro ‘LICE_GETA’
  429 |     const int r = LICE_GETR(color), g = LICE_GETG(color), b = LICE_GETB(color), a = LICE_GETA(color);
      |                                                                                     ^~~~~~~~~
/workspace/scratch/286141ad5a40/repo-checkout/src/WDL/lice/lice_arc.cpp: In instantiation of ‘static void _LICE_CircleDrawer<COMBFUNC>::DrawClippedCircle(LICE_IBitmap*, float, float, float, const int*, LICE_pixel, int, bool, bool) [with COMBFUNC = _LICE_CombinePixelsAdd; LICE_pixel = unsigned int]’:
/workspace/scratch/286141ad5a40/repo-checkout/src/WDL/lice/lice_arc.cpp:508:7:   required from here
/workspace/scratch/286141ad5a40/repo-checkout/src/WDL/lice/lice.h:61:32: warning: conversion to ‘int’ from ‘LICE_pixel’ {aka ‘unsigned int’} may change the sign of the result [-Wsign-conversion]
   61 | #define LICE_GETA(v) (((v)>>24)&0xff)
      |                      ~~~~~~~~~~^~~~~~
/workspace/scratch/286141ad5a40/repo-checkout/src/WDL/lice/lice_arc.cpp:429:85: note: in expansion of macro ‘LICE_GETA’
  429 |     const int r = LICE_GETR(color), g = LICE_GETG(color), b = LICE_GETB(color), a = LICE_GETA(color);
      |                                                                                     ^~~~~~~~~
/workspace/scratch/286141ad5a40/repo-checkout/src/WDL/lice/lice_arc.cpp: In instantiation of ‘static void _LICE_CircleDrawer<COMBFUNC>::DrawClippedCircle(LICE_IBitmap*, float, float, float, const int*, LICE_pixel, int, bool, bool) [with COMBFUNC = _LICE_CombinePixelsColorDodge; LICE_pixel = unsigned int]’:
/workspace/scratch/286141ad5a40/repo-checkout/src/WDL/lice/lice_arc.cpp:508:7:   required from here
/workspace/scratch/286141ad5a40/repo-checkout/src/WDL/lice/lice.h:61:32: warning: conversion to ‘int’ from ‘LICE_pixel’ {aka ‘unsigned int’} may change the sign of the result [-Wsign-conversion]
   61 | #define LICE_GETA(v) (((v)>>24)&0xff)
      |                      ~~~~~~~~~~^~~~~~
/workspace/scratch/286141ad5a40/repo-checkout/src/WDL/lice/lice_arc.cpp:429:85: note: in expansion of macro ‘LICE_GETA’
  429 |     const int r = LICE_GETR(color), g = LICE_GETG(color), b = LICE_GETB(color), a = LICE_GETA(color);
      |                                                                                     ^~~~~~~~~
/workspace/scratch/286141ad5a40/repo-checkout/src/WDL/lice/lice_arc.cpp: In instantiation of ‘static void _LICE_CircleDrawer<COMBFUNC>::DrawClippedCircle(LICE_IBitmap*, float, float, float, const int*, LICE_pixel, int, bool, bool) [with COMBFUNC = _LICE_CombinePixelsMulClamp; LICE_pixel = unsigned int]’:
/workspace/scratch/286141ad5a40/repo-checkout/src/WDL/lice/lice_arc.cpp:508:7:   required from here
/workspace/scratch/286141ad5a40/repo-checkout/src/WDL/lice/lice.h:61:32: warning: conversion to ‘int’ from ‘LICE_pixel’ {aka ‘unsigned int’} may change the sign of the result [-Wsign-conversion]
   61 | #define LICE_GETA(v) (((v)>>24)&0xff)
      |                      ~~~~~~~~~~^~~~~~
/workspace/scratch/286141ad5a40/repo-checkout/src/WDL/lice/lice_arc.cpp:429:85: note: in expansion of macro ‘LICE_GETA’
  429 |     const int r = LICE_GETR(color), g = LICE_GETG(color), b = LICE_GETB(color), a = LICE_GETA(color);
      |                                                                                     ^~~~~~~~~
/workspace/scratch/286141ad5a40/repo-checkout/src/WDL/lice/lice_arc.cpp: In instantiation of ‘static void _LICE_CircleDrawer<COMBFUNC>::DrawClippedCircle(LICE_IBitmap*, float, float, float, const int*, LICE_pixel, int, bool, bool) [with COMBFUNC = _LICE_CombinePixelsMulNoClamp; LICE_pixel = unsigned int]’:
/workspace/scratch/286141ad5a40/repo-checkout/src/WDL/lice/lice_arc.cpp:508:7:   required from here
/workspace/scratch/286141ad5a40/repo-checkout/src/WDL/lice/lice.h:61:32: warning: conversion to ‘int’ from ‘LICE_pixel’ {aka ‘unsigned int’} may change the sign of the result [-Wsign-conversion]
   61 | #define LICE_GETA(v) (((v)>>24)&0xff)
      |                      ~~~~~~~~~~^~~~~~
/workspace/scratch/286141ad5a40/repo-checkout/src/WDL/lice/lice_arc.cpp:429:85: note: in expansion of macro ‘LICE_GETA’
  429 |     const int r = LICE_GETR(color), g = LICE_GETG(color), b = LICE_GETB(color), a = LICE_GETA(color);
      |                                                                                     ^~~~~~~~~
/workspace/scratch/286141ad5a40/repo-checkout/src/WDL/lice/lice_arc.cpp: In instantiation of ‘static void _LICE_CircleDrawer<COMBFUNC>::DrawClippedCircle(LICE_IBitmap*, float, float, float, const int*, LICE_pixel, int, bool, bool) [with COMBFUNC = _LICE_CombinePixelsOverlay; LICE_pixel = unsigned int]’:
/workspace/scratch/286141ad5a40/repo-checkout/src/WDL/lice/lice_arc.cpp:508:7:   required from here
/workspace/scratch/286141ad5a40/repo-checkout/src/WDL/lice/lice.h:61:32: warning: conversion to ‘int’ from ‘LICE_pixel’ {aka ‘unsigned int’} may change the sign of the result [-Wsign-conversion]
   61 | #define LICE_GETA(v) (((v)>>24)&0xff)
      |                      ~~~~~~~~~~^~~~~~
/workspace/scratch/286141ad5a40/repo-checkout/src/WDL/lice/lice_arc.cpp:429:85: note: in expansion of macro ‘LICE_GETA’
  429 |     const int r = LICE_GETR(color), g = LICE_GETG(color), b = LICE_GETB(color), a = LICE_GETA(color);
      |                                                                                     ^~~~~~~~~
/workspace/scratch/286141ad5a40/repo-checkout/src/WDL/lice/lice_arc.cpp: In instantiation of ‘static void _LICE_CircleDrawer<COMBFUNC>::DrawClippedCircle(LICE_IBitmap*, float, float, float, const int*, LICE_pixel, int, bool, bool) [with COMBFUNC = _LICE_CombinePixelsHSVAdjust; LICE_pixel = unsigned int]’:
/workspace/scratch/286141ad5a40/repo-checkout/src/WDL/lice/lice_arc.cpp:508:7:   required from here
/workspace/scratch/286141ad5a40/repo-checkout/src/WDL/lice/lice.h:61:32: warning: conversion to ‘int’ from ‘LICE_pixel’ {aka ‘unsigned int’} may change the sign of the result [-Wsign-conversion]
   61 | #define LICE_GETA(v) (((v)>>24)&0xff)
      |                      ~~~~~~~~~~^~~~~~
/workspace/scratch/286141ad5a40/repo-checkout/src/WDL/lice/lice_arc.cpp:429:85: note: in expansion of macro ‘LICE_GETA’
  429 |     const int r = LICE_GETR(color), g = LICE_GETG(color), b = LICE_GETB(color), a = LICE_GETA(color);
      |                                                                                     ^~~~~~~~~
/workspace/scratch/286141ad5a40/repo-checkout/src/JsfxGfxPng.h: In instantiation of ‘bool jsfx_gfx_resources::decodePng(const void*, size_t, PngPixels&, Inflate) [with Inflate = bool (*)(const std::vector<unsigned char>&, long unsigned int, std::vector<unsigned char>&); size_t = long unsigned int]’:
/workspace/scratch/286141ad5a40/repo-checkout/src/JsfxGfxResources.h:89:18:   required from here
/workspace/scratch/286141ad5a40/repo-checkout/src/JsfxGfxPng.h:77:32: warning: conversion to ‘uint32_t’ {aka ‘unsigned int’} from ‘int’ may change the sign of the result [-Wsign-conversion]
   77 |     const uint32_t x0=interlace?sx[pass]:0,y0=interlace?sy[pass]:0,xs=interlace?dx[pass]:1,ys=interlace?dy[pass]:1;
      |                       ~~~~~~~~~^~~~~~~~~~~
/workspace/scratch/286141ad5a40/repo-checkout/src/JsfxGfxPng.h:77:56: warning: conversion to ‘uint32_t’ {aka ‘unsigned int’} from ‘int’ may change the sign of the result [-Wsign-conversion]
   77 |     const uint32_t x0=interlace?sx[pass]:0,y0=interlace?sy[pass]:0,xs=interlace?dx[pass]:1,ys=interlace?dy[pass]:1;
      |                                               ~~~~~~~~~^~~~~~~~~~~
/workspace/scratch/286141ad5a40/repo-checkout/src/JsfxGfxPng.h:77:80: warning: conversion to ‘uint32_t’ {aka ‘unsigned int’} from ‘int’ may change the sign of the result [-Wsign-conversion]
   77 |     const uint32_t x0=interlace?sx[pass]:0,y0=interlace?sy[pass]:0,xs=interlace?dx[pass]:1,ys=interlace?dy[pass]:1;
      |                                                                       ~~~~~~~~~^~~~~~~~~~~
/workspace/scratch/286141ad5a40/repo-checkout/src/JsfxGfxPng.h:77:104: warning: conversion to ‘uint32_t’ {aka ‘unsigned int’} from ‘int’ may change the sign of the result [-Wsign-conversion]
   77 |     const uint32_t x0=interlace?sx[pass]:0,y0=interlace?sy[pass]:0,xs=interlace?dx[pass]:1,ys=interlace?dy[pass]:1;
      |                                                                                               ~~~~~~~~~^~~~~~~~~~~
/workspace/scratch/286141ad5a40/repo-checkout/src/JsfxGfxPng.h:79:40: warning: conversion to ‘size_t’ {aka ‘long unsigned int’} from ‘int’ may change the sign of the result [-Wsign-conversion]
   79 |     if(pw&&ph)expected+=(1+((size_t)pw*channels*depth+7)/8)*ph;
      |                                        ^~~~~~~~
/workspace/scratch/286141ad5a40/repo-checkout/src/JsfxGfxPng.h:79:49: warning: conversion to ‘size_t’ {aka ‘long unsigned int’} from ‘int’ may change the sign of the result [-Wsign-conversion]
   79 |     if(pw&&ph)expected+=(1+((size_t)pw*channels*depth+7)/8)*ph;
      |                                                 ^~~~~
/workspace/scratch/286141ad5a40/repo-checkout/src/JsfxGfxPng.h:87:32: warning: conversion to ‘uint32_t’ {aka ‘unsigned int’} from ‘int’ may change the sign of the result [-Wsign-conversion]
   87 |     const uint32_t x0=interlace?sx[pass]:0,y0=interlace?sy[pass]:0,xs=interlace?dx[pass]:1,ys=interlace?dy[pass]:1;
      |                       ~~~~~~~~~^~~~~~~~~~~
/workspace/scratch/286141ad5a40/repo-checkout/src/JsfxGfxPng.h:87:56: warning: conversion to ‘uint32_t’ {aka ‘unsigned int’} from ‘int’ may change the sign of the result [-Wsign-conversion]
   87 |     const uint32_t x0=interlace?sx[pass]:0,y0=interlace?sy[pass]:0,xs=interlace?dx[pass]:1,ys=interlace?dy[pass]:1;
      |                                               ~~~~~~~~~^~~~~~~~~~~
/workspace/scratch/286141ad5a40/repo-checkout/src/JsfxGfxPng.h:87:80: warning: conversion to ‘uint32_t’ {aka ‘unsigned int’} from ‘int’ may change the sign of the result [-Wsign-conversion]
   87 |     const uint32_t x0=interlace?sx[pass]:0,y0=interlace?sy[pass]:0,xs=interlace?dx[pass]:1,ys=interlace?dy[pass]:1;
      |                                                                       ~~~~~~~~~^~~~~~~~~~~
/workspace/scratch/286141ad5a40/repo-checkout/src/JsfxGfxPng.h:87:104: warning: conversion to ‘uint32_t’ {aka ‘unsigned int’} from ‘int’ may change the sign of the result [-Wsign-conversion]
   87 |     const uint32_t x0=interlace?sx[pass]:0,y0=interlace?sy[pass]:0,xs=interlace?dx[pass]:1,ys=interlace?dy[pass]:1;
      |                                                                                               ~~~~~~~~~^~~~~~~~~~~
/workspace/scratch/286141ad5a40/repo-checkout/src/JsfxGfxPng.h:90:39: warning: conversion to ‘size_t’ {aka ‘long unsigned int’} from ‘int’ may change the sign of the result [-Wsign-conversion]
   90 |     const size_t rowBytes=((size_t)pw*channels*depth+7)/8,bpp=std::max(1,(channels*depth+7)/8);
      |                                       ^~~~~~~~
/workspace/scratch/286141ad5a40/repo-checkout/src/JsfxGfxPng.h:90:48: warning: conversion to ‘size_t’ {aka ‘long unsigned int’} from ‘int’ may change the sign of the result [-Wsign-conversion]
   90 |     const size_t rowBytes=((size_t)pw*channels*depth+7)/8,bpp=std::max(1,(channels*depth+7)/8);
      |                                                ^~~~~
/workspace/scratch/286141ad5a40/repo-checkout/src/JsfxGfxPng.h:90:59: warning: conversion to ‘size_t’ {aka ‘long unsigned int’} from ‘int’ may change the sign of the result [-Wsign-conversion]
   90 |     const size_t rowBytes=((size_t)pw*channels*depth+7)/8,bpp=std::max(1,(channels*depth+7)/8);
      |                                                           ^~~
/workspace/scratch/286141ad5a40/repo-checkout/src/JsfxGfxPng.h:102:27: warning: conversion to ‘size_t’ {aka ‘long unsigned int’} from ‘int’ may change the sign of the result [-Wsign-conversion]
  102 |         const size_t bit=i*depth;return (row[bit/8]>>(8-depth-(bit%8)))&((1<<depth)-1);
      |                          ~^~~~~~
/workspace/scratch/286141ad5a40/repo-checkout/src/JsfxGfxPng.h:102:56: warning: conversion to ‘long unsigned int’ from ‘int’ may change the sign of the result [-Wsign-conversion]
  102 |         const size_t bit=i*depth;return (row[bit/8]>>(8-depth-(bit%8)))&((1<<depth)-1);
      |                                                       ~^~~~~~
/workspace/scratch/286141ad5a40/repo-checkout/src/JsfxGfxPng.h:107:34: warning: conversion to ‘size_t’ {aka ‘long unsigned int’} from ‘int’ may change the sign of the result [-Wsign-conversion]
  107 |         const size_t i=(size_t)x*channels;int r=0,g=0,b=0,a=255;
      |                                  ^~~~~~~~
/workspace/scratch/286141ad5a40/repo-checkout/src/WDL/eel2/../heapbuf.h: In instantiation of ‘int WDL_TypedBuf<PTRTYPE>::GetSize() const [with PTRTYPE = WDL_AssocArrayImpl<const char*, int>::KeyVal]’:
/workspace/scratch/286141ad5a40/repo-checkout/src/WDL/eel2/../assocarray.h:110:37:   required from ‘void WDL_AssocArrayImpl<KEY, VAL>::DeleteAll(bool) [with KEY = const char*; VAL = int]’
/workspace/scratch/286141ad5a40/repo-checkout/src/WDL/eel2/eel_strings.h:146:40:   required from here
/workspace/scratch/286141ad5a40/repo-checkout/src/WDL/eel2/../heapbuf.h:257:46: warning: conversion to ‘unsigned int’ from ‘int’ may change the sign of the result [-Wsign-conversion]
  257 |     int GetSize() const { return m_hb.GetSize()/(unsigned int)sizeof(PTRTYPE); }
      |                                  ~~~~~~~~~~~~^~
/workspace/scratch/286141ad5a40/repo-checkout/src/WDL/eel2/../heapbuf.h:257:48: warning: conversion to ‘int’ from ‘unsigned int’ may change the sign of the result [-Wsign-conversion]
  257 |     int GetSize() const { return m_hb.GetSize()/(unsigned int)sizeof(PTRTYPE); }
      |                                  ~~~~~~~~~~~~~~^~~~~~~~~~~~~~~~~~~~~~~~~~~~~~
/workspace/scratch/286141ad5a40/repo-checkout/src/WDL/eel2/../heapbuf.h: In instantiation of ‘PTRTYPE* WDL_TypedBuf<PTRTYPE>::Resize(int, bool) [with PTRTYPE = WDL_AssocArrayImpl<const char*, int>::KeyVal]’:
/workspace/scratch/286141ad5a40/repo-checkout/src/WDL/eel2/../assocarray.h:117:18:   required from ‘void WDL_AssocArrayImpl<KEY, VAL>::DeleteAll(bool) [with KEY = const char*; VAL = int]’
/workspace/scratch/286141ad5a40/repo-checkout/src/WDL/eel2/eel_strings.h:146:40:   required from here
/workspace/scratch/286141ad5a40/repo-checkout/src/WDL/eel2/../heapbuf.h:260:90: warning: conversion to ‘long unsigned int’ from ‘int’ may change the sign of the result [-Wsign-conversion]
  260 |     PTRTYPE *Resize(int newsize, bool resizedown = true) { return (PTRTYPE *)m_hb.Resize(newsize*sizeof(PTRTYPE),resizedown); }
      |                                                                                          ^~~~~~~
/workspace/scratch/286141ad5a40/repo-checkout/src/WDL/eel2/../heapbuf.h: In instantiation of ‘int WDL_TypedBuf<PTRTYPE>::GetSize() const [with PTRTYPE = WDL_AssocArrayImpl<const char*, double*>::KeyVal]’:
/workspace/scratch/286141ad5a40/repo-checkout/src/WDL/eel2/../assocarray.h:110:37:   required from ‘void WDL_AssocArrayImpl<KEY, VAL>::DeleteAll(bool) [with KEY = const char*; VAL = double*]’
/workspace/scratch/286141ad5a40/repo-checkout/src/WDL/eel2/eel_strings.h:150:32:   required from here
/workspace/scratch/286141ad5a40/repo-checkout/src/WDL/eel2/../heapbuf.h:257:46: warning: conversion to ‘unsigned int’ from ‘int’ may change the sign of the result [-Wsign-conversion]
  257 |     int GetSize() const { return m_hb.GetSize()/(unsigned int)sizeof(PTRTYPE); }
      |                                  ~~~~~~~~~~~~^~
/workspace/scratch/286141ad5a40/repo-checkout/src/WDL/eel2/../heapbuf.h:257:48: warning: conversion to ‘int’ from ‘unsigned int’ may change the sign of the result [-Wsign-conversion]
  257 |     int GetSize() const { return m_hb.GetSize()/(unsigned int)sizeof(PTRTYPE); }
      |                                  ~~~~~~~~~~~~~~^~~~~~~~~~~~~~~~~~~~~~~~~~~~~~
/workspace/scratch/286141ad5a40/repo-checkout/src/WDL/eel2/../heapbuf.h: In instantiation of ‘PTRTYPE* WDL_TypedBuf<PTRTYPE>::Resize(int, bool) [with PTRTYPE = WDL_AssocArrayImpl<const char*, double*>::KeyVal]’:
/workspace/scratch/286141ad5a40/repo-checkout/src/WDL/eel2/../assocarray.h:117:18:   required from ‘void WDL_AssocArrayImpl<KEY, VAL>::DeleteAll(bool) [with KEY = const char*; VAL = double*]’
/workspace/scratch/286141ad5a40/repo-checkout/src/WDL/eel2/eel_strings.h:150:32:   required from here
/workspace/scratch/286141ad5a40/repo-checkout/src/WDL/eel2/../heapbuf.h:260:90: warning: conversion to ‘long unsigned int’ from ‘int’ may change the sign of the result [-Wsign-conversion]
  260 |     PTRTYPE *Resize(int newsize, bool resizedown = true) { return (PTRTYPE *)m_hb.Resize(newsize*sizeof(PTRTYPE),resizedown); }
      |                                                                                          ^~~~~~~
/workspace/scratch/286141ad5a40/repo-checkout/src/WDL/eel2/../assocarray.h: In instantiation of ‘VAL* WDL_AssocArrayImpl<KEY, VAL>::GetPtr(KEY, KEY*) const [with KEY = const char*; VAL = int]’:
/workspace/scratch/286141ad5a40/repo-checkout/src/WDL/eel2/../assocarray.h:343:26:   required from ‘VAL WDL_AssocArray<KEY, VAL>::Get(KEY, VAL) const [with KEY = const char*; VAL = int]’
/workspace/scratch/286141ad5a40/repo-checkout/src/WDL/eel2/eel_strings.h:176:44:   required from here
/workspace/scratch/286141ad5a40/repo-checkout/src/WDL/eel2/../assocarray.h:47:12: warning: zero as null pointer constant [-Wzero-as-null-pointer-constant]
   47 |     return 0;
      |            ^
/workspace/scratch/286141ad5a40/repo-checkout/src/WDL/eel2/../heapbuf.h: In instantiation of ‘PTRTYPE* WDL_TypedBuf<PTRTYPE>::ResizeOK(int, bool) [with PTRTYPE = WDL_AssocArrayImpl<const char*, int>::KeyVal]’:
/workspace/scratch/286141ad5a40/repo-checkout/src/WDL/eel2/../assocarray.h:69:35:   required from ‘int WDL_AssocArrayImpl<KEY, VAL>::Insert(KEY, VAL) [with KEY = const char*; VAL = int]’
/workspace/scratch/286141ad5a40/repo-checkout/src/WDL/eel2/eel_strings.h:181:39:   required from here
/workspace/scratch/286141ad5a40/repo-checkout/src/WDL/eel2/../heapbuf.h:261:94: warning: conversion to ‘long unsigned int’ from ‘int’ may change the sign of the result [-Wsign-conversion]
  261 |     PTRTYPE *ResizeOK(int newsize, bool resizedown = true) { return (PTRTYPE *)m_hb.ResizeOK(newsize*sizeof(PTRTYPE), resizedown);  }
      |                                                                                              ^~~~~~~
/workspace/scratch/286141ad5a40/repo-checkout/src/WDL/eel2/../assocarray.h: In instantiation of ‘VAL* WDL_AssocArrayImpl<KEY, VAL>::GetPtr(KEY, KEY*) const [with KEY = const char*; VAL = double*]’:
/workspace/scratch/286141ad5a40/repo-checkout/src/WDL/eel2/../assocarray.h:343:26:   required from ‘VAL WDL_AssocArray<KEY, VAL>::Get(KEY, VAL) const [with KEY = const char*; VAL = double*]’
/workspace/scratch/286141ad5a40/repo-checkout/src/WDL/eel2/eel_strings.h:189:37:   required from here
/workspace/scratch/286141ad5a40/repo-checkout/src/WDL/eel2/../assocarray.h:47:12: warning: zero as null pointer constant [-Wzero-as-null-pointer-constant]
   47 |     return 0;
      |            ^
/workspace/scratch/286141ad5a40/repo-checkout/src/WDL/eel2/../heapbuf.h: In instantiation of ‘PTRTYPE* WDL_TypedBuf<PTRTYPE>::ResizeOK(int, bool) [with PTRTYPE = WDL_AssocArrayImpl<const char*, double*>::KeyVal]’:
/workspace/scratch/286141ad5a40/repo-checkout/src/WDL/eel2/../assocarray.h:69:35:   required from ‘int WDL_AssocArrayImpl<KEY, VAL>::Insert(KEY, VAL) [with KEY = const char*; VAL = double*]’
/workspace/scratch/286141ad5a40/repo-checkout/src/WDL/eel2/eel_strings.h:194:39:   required from here
/workspace/scratch/286141ad5a40/repo-checkout/src/WDL/eel2/../heapbuf.h:261:94: warning: conversion to ‘long unsigned int’ from ‘int’ may change the sign of the result [-Wsign-conversion]
  261 |     PTRTYPE *ResizeOK(int newsize, bool resizedown = true) { return (PTRTYPE *)m_hb.ResizeOK(newsize*sizeof(PTRTYPE), resizedown);  }
      |                                                                                              ^~~~~~~
/workspace/scratch/286141ad5a40/repo-checkout/src/WDL/eel2/../ptrlist.h: In instantiation of ‘int WDL_PtrList<PTRTYPE>::GetSize() const [with PTRTYPE = void]’:
/workspace/scratch/286141ad5a40/repo-checkout/src/WDL/eel2/../ptrlist.h:191:16:   required from ‘void WDL_PtrList<PTRTYPE>::Empty(void (*)(PTRTYPE*)) [with PTRTYPE = void]’
/workspace/scratch/286141ad5a40/repo-checkout/src/WDL/eel2/eelscript.h:327:24:   required from here
/workspace/scratch/286141ad5a40/repo-checkout/src/WDL/eel2/../ptrlist.h:58:50: warning: conversion to ‘unsigned int’ from ‘int’ may change the sign of the result [-Wsign-conversion]
   58 |     int GetSize(void) const { return m_hb.GetSize()/(unsigned int)sizeof(PTRTYPE *); }
      |                                      ~~~~~~~~~~~~^~
/workspace/scratch/286141ad5a40/repo-checkout/src/WDL/eel2/../ptrlist.h:58:52: warning: conversion to ‘int’ from ‘unsigned int’ may change the sign of the result [-Wsign-conversion]
   58 |     int GetSize(void) const { return m_hb.GetSize()/(unsigned int)sizeof(PTRTYPE *); }
      |                                      ~~~~~~~~~~~~~~^~~~~~~~~~~~~~~~~~~~~~~~~~~~~~~~
/workspace/scratch/286141ad5a40/repo-checkout/src/WDL/eel2/../ptrlist.h: In instantiation of ‘PTRTYPE* WDL_PtrList<PTRTYPE>::Get(INT_PTR) const [with PTRTYPE = void; INT_PTR = long int]’:
/workspace/scratch/286141ad5a40/repo-checkout/src/WDL/eel2/../ptrlist.h:193:22:   required from ‘void WDL_PtrList<PTRTYPE>::Empty(void (*)(PTRTYPE*)) [with PTRTYPE = void]’
/workspace/scratch/286141ad5a40/repo-checkout/src/WDL/eel2/eelscript.h:327:24:   required from here
/workspace/scratch/286141ad5a40/repo-checkout/src/WDL/eel2/../ptrlist.h:54:60: warning: conversion to ‘long unsigned int’ from ‘int’ may change the sign of the result [-Wsign-conversion]
   54 |       if (list && (UINT_PTR)index < (UINT_PTR)(m_hb.GetSize()/sizeof(PTRTYPE *))) return list[index];
      |                                                ~~~~~~~~~~~~^~
/workspace/scratch/286141ad5a40/repo-checkout/src/WDL/eel2/../heapbuf.h: In instantiation of ‘int WDL_TypedBuf<PTRTYPE>::GetSize() const [with PTRTYPE = WDL_AssocArrayImpl<const char*, bool>::KeyVal]’:
/workspace/scratch/286141ad5a40/repo-checkout/src/WDL/eel2/../assocarray.h:69:50:   required from ‘int WDL_AssocArrayImpl<KEY, VAL>::Insert(KEY, VAL) [with KEY = const char*; VAL = bool]’
/workspace/scratch/286141ad5a40/repo-checkout/src/WDL/eel2/eelscript.h:586:35:   required from here
/workspace/scratch/286141ad5a40/repo-checkout/src/WDL/eel2/../heapbuf.h:257:46: warning: conversion to ‘unsigned int’ from ‘int’ may change the sign of the result [-Wsign-conversion]
  257 |     int GetSize() const { return m_hb.GetSize()/(unsigned int)sizeof(PTRTYPE); }
      |                                  ~~~~~~~~~~~~^~
/workspace/scratch/286141ad5a40/repo-checkout/src/WDL/eel2/../heapbuf.h:257:48: warning: conversion to ‘int’ from ‘unsigned int’ may change the sign of the result [-Wsign-conversion]
  257 |     int GetSize() const { return m_hb.GetSize()/(unsigned int)sizeof(PTRTYPE); }
      |                                  ~~~~~~~~~~~~~~^~~~~~~~~~~~~~~~~~~~~~~~~~~~~~
/workspace/scratch/286141ad5a40/repo-checkout/src/WDL/eel2/../heapbuf.h: In instantiation of ‘PTRTYPE* WDL_TypedBuf<PTRTYPE>::ResizeOK(int, bool) [with PTRTYPE = WDL_AssocArrayImpl<const char*, bool>::KeyVal]’:
/workspace/scratch/286141ad5a40/repo-checkout/src/WDL/eel2/../assocarray.h:69:35:   required from ‘int WDL_AssocArrayImpl<KEY, VAL>::Insert(KEY, VAL) [with KEY = const char*; VAL = bool]’
/workspace/scratch/286141ad5a40/repo-checkout/src/WDL/eel2/eelscript.h:586:35:   required from here
/workspace/scratch/286141ad5a40/repo-checkout/src/WDL/eel2/../heapbuf.h:261:94: warning: conversion to ‘long unsigned int’ from ‘int’ may change the sign of the result [-Wsign-conversion]
  261 |     PTRTYPE *ResizeOK(int newsize, bool resizedown = true) { return (PTRTYPE *)m_hb.ResizeOK(newsize*sizeof(PTRTYPE), resizedown);  }
      |                                                                                              ^~~~~~~
/workspace/scratch/286141ad5a40/repo-checkout/src/WDL/eel2/../assocarray.h: In instantiation of ‘VAL* WDL_AssocArrayImpl<KEY, VAL>::GetPtr(KEY, KEY*) const [with KEY = const char*; VAL = bool]’:
/workspace/scratch/286141ad5a40/repo-checkout/src/WDL/eel2/../assocarray.h:343:26:   required from ‘VAL WDL_AssocArray<KEY, VAL>::Get(KEY, VAL) const [with KEY = const char*; VAL = bool]’
/workspace/scratch/286141ad5a40/repo-checkout/src/WDL/eel2/eelscript.h:593:30:   required from here
/workspace/scratch/286141ad5a40/repo-checkout/src/WDL/eel2/../assocarray.h:47:12: warning: zero as null pointer constant [-Wzero-as-null-pointer-constant]
   47 |     return 0;
      |            ^
/workspace/scratch/286141ad5a40/repo-checkout/src/WDL/eel2/../heapbuf.h: In instantiation of ‘PTRTYPE* WDL_TypedBuf<PTRTYPE>::Resize(int, bool) [with PTRTYPE = eelScriptInst::evalCacheEnt]’:
/workspace/scratch/286141ad5a40/repo-checkout/src/WDL/eel2/../heapbuf.h:331:9:   required from ‘void WDL_TypedBuf<PTRTYPE>::Delete(int) [with PTRTYPE = eelScriptInst::evalCacheEnt]’
/workspace/scratch/286141ad5a40/repo-checkout/src/WDL/eel2/eelscript.h:665:26:   required from here
/workspace/scratch/286141ad5a40/repo-checkout/src/WDL/eel2/../heapbuf.h:260:90: warning: conversion to ‘long unsigned int’ from ‘int’ may change the sign of the result [-Wsign-conversion]
  260 |     PTRTYPE *Resize(int newsize, bool resizedown = true) { return (PTRTYPE *)m_hb.Resize(newsize*sizeof(PTRTYPE),resizedown); }
      |                                                                                          ^~~~~~~
/workspace/scratch/286141ad5a40/repo-checkout/src/WDL/eel2/../heapbuf.h: In instantiation of ‘PTRTYPE* WDL_TypedBuf<PTRTYPE>::ResizeOK(int, bool) [with PTRTYPE = eelScriptInst::evalCacheEnt]’:
/workspace/scratch/286141ad5a40/repo-checkout/src/WDL/eel2/../heapbuf.h:270:18:   required from ‘PTRTYPE* WDL_TypedBuf<PTRTYPE>::Add(PTRTYPE) [with PTRTYPE = eelScriptInst::evalCacheEnt]’
/workspace/scratch/286141ad5a40/repo-checkout/src/WDL/eel2/eelscript.h:684:19:   required from here
/workspace/scratch/286141ad5a40/repo-checkout/src/WDL/eel2/../heapbuf.h:261:94: warning: conversion to ‘long unsigned int’ from ‘int’ may change the sign of the result [-Wsign-conversion]
  261 |     PTRTYPE *ResizeOK(int newsize, bool resizedown = true) { return (PTRTYPE *)m_hb.ResizeOK(newsize*sizeof(PTRTYPE), resizedown);  }
      |                                                                                              ^~~~~~~
/workspace/scratch/286141ad5a40/repo-checkout/src/WDL/eel2/../heapbuf.h: In instantiation of ‘PTRTYPE* WDL_TypedBuf<PTRTYPE>::Resize(int, bool) [with PTRTYPE = WDL_AssocArrayImpl<const char*, bool>::KeyVal]’:
/workspace/scratch/286141ad5a40/repo-checkout/src/WDL/eel2/../assocarray.h:117:18:   required from ‘void WDL_AssocArrayImpl<KEY, VAL>::DeleteAll(bool) [with KEY = const char*; VAL = bool]’
/workspace/scratch/286141ad5a40/repo-checkout/src/WDL/eel2/../assocarray.h:34:5:   required from ‘WDL_AssocArrayImpl<KEY, VAL>::~WDL_AssocArrayImpl() [with KEY = const char*; VAL = bool]’
/workspace/scratch/286141ad5a40/repo-checkout/src/WDL/eel2/../assocarray.h:330:39:   required from here
/workspace/scratch/286141ad5a40/repo-checkout/src/WDL/eel2/../heapbuf.h:260:90: warning: conversion to ‘long unsigned int’ from ‘int’ may change the sign of the result [-Wsign-conversion]
  260 |     PTRTYPE *Resize(int newsize, bool resizedown = true) { return (PTRTYPE *)m_hb.Resize(newsize*sizeof(PTRTYPE),resizedown); }
      |                                                                                          ^~~~~~~
/workspace/scratch/286141ad5a40/repo-checkout/src/WDL/eel2/eelscript.h: In member function ‘int eelScriptInst::loadfile(const char*, const char*, bool)’:
/workspace/scratch/286141ad5a40/repo-checkout/src/WDL/eel2/eelscript.h:625:10: warning: ignoring return value of ‘char* fgets(char*, int, FILE*)’ declared with attribute ‘warn_unused_result’ [-Wunused-result]
  625 |     fgets(line,sizeof(line),fp);
      |     ~~~~~^~~~~~~~~~~~~~~~~~~~~~
/workspace/scratch/286141ad5a40/repo-checkout/src/JSFXJuceProcessor.cpp: At global scope:
/workspace/scratch/286141ad5a40/repo-checkout/src/JSFXJuceProcessor.cpp:205:13: warning: ‘bool {anonymous}::copyTrackPropertyName(const juce::String&, juce::String&)’ defined but not used [-Wunused-function]
  205 | static bool copyTrackPropertyName (const juce::String& name, juce::String& out)
      |             ^~~~~~~~~~~~~~~~~~~~~
[4/50] Building CXX object CMakeFiles/joep_bandjoiner.dir/workspace/scratch/286141ad5a40/repo-checkout/src/NSEELHostStubs.cpp.o
In file included from /workspace/scratch/286141ad5a40/repo-checkout/src/WDL/eel2/ns-eel.h:36,
                 from /workspace/scratch/286141ad5a40/repo-checkout/src/NSEELHostStubs.cpp:2:
/workspace/scratch/286141ad5a40/repo-checkout/src/WDL/eel2/../wdltypes.h: In function ‘WDL_bool WDL_TICKS_IN_RANGE_ENDING_AT(WDL_TICKTYPE, WDL_TICKTYPE, int)’:
/workspace/scratch/286141ad5a40/repo-checkout/src/WDL/eel2/../wdltypes.h:213:42: warning: conversion to ‘WDL_TICKTYPE’ {aka ‘unsigned int’} from ‘int’ may change the sign of the result [-Wsign-conversion]
  213 |   const WDL_TICKTYPE refstart = refend - len;
      |                                          ^~~
/workspace/scratch/286141ad5a40/repo-checkout/src/WDL/eel2/../wdltypes.h: In function ‘void wdl_log(const char*, ...)’:
/workspace/scratch/286141ad5a40/repo-checkout/src/WDL/eel2/../wdltypes.h:241:85: warning: unused parameter ‘format’ [-Wunused-parameter]
  241 |   static void WDL_STATICFUNC_UNUSED WDL_VARARG_WARN(printf,1,2) wdl_log(const char *format, ...) { }
      |                                                                         ~~~~~~~~~~~~^~~~~~
[5/50] Building CXX object CMakeFiles/joep_bandjoiner.dir/workspace/scratch/286141ad5a40/repo-checkout/src/DspJsfxRuntime.cpp.o
[6/50] Building CXX object CMakeFiles/joep_bandjoiner.dir/workspace/scratch/286141ad5a40/repo-checkout/src/DspJsfxRuntimeBuiltins.cpp.o
/workspace/scratch/286141ad5a40/repo-checkout/src/DspJsfxRuntimeBuiltins.cpp:12:17: warning: redundant redeclaration of ‘void jsfx_ensure_mem(DSPJSFX_State*, int64_t)’ in same scope [-Wredundant-decls]
   12 | extern "C" void jsfx_ensure_mem(DSPJSFX_State* st, int64_t needed);
      |                 ^~~~~~~~~~~~~~~
In file included from /workspace/scratch/286141ad5a40/repo-checkout/src/DspJsfxRuntime.h:5,
                 from /workspace/scratch/286141ad5a40/repo-checkout/src/DspJsfxRuntimeBuiltins.cpp:1:
/workspace/scratch/286141ad5a40/repo-checkout/build/linux/joep_bandjoiner/JSFXDSP.h:270:6: note: previous declaration of ‘void jsfx_ensure_mem(DSPJSFX_State*, int64_t)’
  270 | void jsfx_ensure_mem(DSPJSFX_State* st, int64_t needed);
      |      ^~~~~~~~~~~~~~~
[7/50] Building CXX object CMakeFiles/joep_bandjoiner.dir/workspace/scratch/286141ad5a40/repo-checkout/src/DspJsfxMessageBus.cpp.o
[8/50] Building CXX object CMakeFiles/joep_bandjoiner.dir/workspace/scratch/286141ad5a40/repo-checkout/src/DspJsfxGmem.cpp.o
/workspace/scratch/286141ad5a40/repo-checkout/src/DspJsfxGmem.cpp:13:17: warning: redundant redeclaration of ‘void jsfx_ensure_mem(DSPJSFX_State*, int64_t)’ in same scope [-Wredundant-decls]
   13 | extern "C" void jsfx_ensure_mem(DSPJSFX_State* st, int64_t needed);
      |                 ^~~~~~~~~~~~~~~
In file included from /workspace/scratch/286141ad5a40/repo-checkout/src/DspJsfxGmem.cpp:2:
/workspace/scratch/286141ad5a40/repo-checkout/build/linux/joep_bandjoiner/JSFXDSP.h:270:6: note: previous declaration of ‘void jsfx_ensure_mem(DSPJSFX_State*, int64_t)’
  270 | void jsfx_ensure_mem(DSPJSFX_State* st, int64_t needed);
      |      ^~~~~~~~~~~~~~~
[9/50] Building CXX object CMakeFiles/joep_bandjoiner.dir/workspace/scratch/286141ad5a40/repo-checkout/src/DspJsfxSamplePool.cpp.o
In file included from /workspace/scratch/286141ad5a40/repo-checkout/src/DspJsfxSamplePool.cpp:3:
/workspace/scratch/286141ad5a40/repo-checkout/src/DspJsfxAudioFilePreflight.h: In function ‘int64_t za::jsfx::chooseSafeDecodedFrameCount(const juce::File&, const juce::AudioFormatReader&, bool&)’:
/workspace/scratch/286141ad5a40/repo-checkout/src/DspJsfxAudioFilePreflight.h:60:91: warning: conversion to ‘uint64_t’ {aka ‘long unsigned int’} from ‘int’ may change the sign of the result [-Wsign-conversion]
   60 |                         || alignment < static_cast<std::uint64_t>(channels) * ((bits + 7) / 8)))
      |                                                                               ~~~~~~~~~~~~^~~~
[10/50] Building CXX object CMakeFiles/joep_bandjoiner.dir/workspace/scratch/286141ad5a40/repo-checkout/src/DspJsfxSharedMemory.cpp.o
[11/50] Building C object CMakeFiles/joep_bandjoiner.dir/workspace/scratch/286141ad5a40/repo-checkout/src/WDL/fft.c.o
/workspace/scratch/286141ad5a40/repo-checkout/src/WDL/fft.c: In function ‘idx_perm_calc’:
/workspace/scratch/286141ad5a40/repo-checkout/src/WDL/fft.c:1013:31: warning: conversion to ‘unsigned int’ from ‘int’ may change the sign of the result [-Wsign-conversion]
 1013 |                 j = fftfreq_c(i, n);
      |                               ^
/workspace/scratch/286141ad5a40/repo-checkout/src/WDL/fft.c:1013:34: warning: conversion to ‘unsigned int’ from ‘int’ may change the sign of the result [-Wsign-conversion]
 1013 |                 j = fftfreq_c(i, n);
      |                                  ^
/workspace/scratch/286141ad5a40/repo-checkout/src/WDL/fft.c:1013:21: warning: conversion to ‘int’ from ‘unsigned int’ may change the sign of the result [-Wsign-conversion]
 1013 |                 j = fftfreq_c(i, n);
      |                     ^~~~~~~~~
/workspace/scratch/286141ad5a40/repo-checkout/src/WDL/fft.c: In function ‘two_for_one’:
/workspace/scratch/286141ad5a40/repo-checkout/src/WDL/fft.c:1112:44: warning: conversion to ‘int’ from ‘unsigned int’ may change the sign of the result [-Wsign-conversion]
 1112 |   const int *permute = WDL_fft_permute_tab(half);
      |                                            ^~~~
/workspace/scratch/286141ad5a40/repo-checkout/src/WDL/fft.c:1120:40: warning: conversion to ‘int’ from ‘unsigned int’ may change the sign of the result [-Wsign-conversion]
 1120 |         WDL_fft((WDL_FFT_COMPLEX*)buf, half, isInverse);
      |                                        ^~~~
/workspace/scratch/286141ad5a40/repo-checkout/src/WDL/fft.c:1175:49: warning: conversion to ‘int’ from ‘unsigned int’ may change the sign of the result [-Wsign-conversion]
 1175 |   if (isInverse) WDL_fft((WDL_FFT_COMPLEX*)buf, half, isInverse);
      |                                                 ^~~~
[12/50] Building C object CMakeFiles/joep_bandjoiner.dir/workspace/scratch/286141ad5a40/repo-checkout/src/WDL/eel2/nseel-compiler.c.o
In file included from /workspace/scratch/286141ad5a40/repo-checkout/src/WDL/eel2/ns-eel-int.h:30,
                 from /workspace/scratch/286141ad5a40/repo-checkout/src/WDL/eel2/nseel-compiler.c:25:
/workspace/scratch/286141ad5a40/repo-checkout/src/WDL/eel2/../wdltypes.h: In function ‘WDL_TICKS_IN_RANGE_ENDING_AT’:
/workspace/scratch/286141ad5a40/repo-checkout/src/WDL/eel2/../wdltypes.h:213:40: warning: conversion to ‘WDL_TICKTYPE’ {aka ‘unsigned int’} from ‘int’ may change the sign of the result [-Wsign-conversion]
  213 |   const WDL_TICKTYPE refstart = refend - len;
      |                                        ^
/workspace/scratch/286141ad5a40/repo-checkout/src/WDL/eel2/../wdltypes.h: In function ‘wdl_log’:
/workspace/scratch/286141ad5a40/repo-checkout/src/WDL/eel2/../wdltypes.h:241:85: warning: unused parameter ‘format’ [-Wunused-parameter]
  241 |   static void WDL_STATICFUNC_UNUSED WDL_VARARG_WARN(printf,1,2) wdl_log(const char *format, ...) { }
      |                                                                         ~~~~~~~~~~~~^~~~~~
In file included from /workspace/scratch/286141ad5a40/repo-checkout/src/WDL/eel2/nseel-compiler.c:34:
/workspace/scratch/286141ad5a40/repo-checkout/src/WDL/eel2/../wdlcstring.h: In function ‘WDL_remove_trailing_crlf’:
/workspace/scratch/286141ad5a40/repo-checkout/src/WDL/eel2/../wdlcstring.h:232:13: warning: conversion to ‘size_t’ {aka ‘long unsigned int’} from ‘long int’ may change the sign of the result [-Wsign-conversion]
  232 |     return p-str;
      |            ~^~~~
/workspace/scratch/286141ad5a40/repo-checkout/src/WDL/eel2/../wdlcstring.h: In function ‘WDL_remove_trailing_whitespace’:
/workspace/scratch/286141ad5a40/repo-checkout/src/WDL/eel2/../wdlcstring.h:241:13: warning: conversion to ‘size_t’ {aka ‘long unsigned int’} from ‘long int’ may change the sign of the result [-Wsign-conversion]
  241 |     return p-str;
      |            ~^~~~
/workspace/scratch/286141ad5a40/repo-checkout/src/WDL/eel2/../wdlcstring.h: In function ‘snprintf_append’:
/workspace/scratch/286141ad5a40/repo-checkout/src/WDL/eel2/../wdlcstring.h:295:19: warning: conversion to ‘size_t’ {aka ‘long unsigned int’} from ‘INT_PTR’ {aka ‘long int’} may change the sign of the result [-Wsign-conversion]
  295 |       vsnprintf(o,count,format,va);
      |                   ^~~~~
/workspace/scratch/286141ad5a40/repo-checkout/src/WDL/eel2/../wdlcstring.h: In function ‘vsnprintf_append’:
/workspace/scratch/286141ad5a40/repo-checkout/src/WDL/eel2/../wdlcstring.h:305:19: warning: conversion to ‘size_t’ {aka ‘long unsigned int’} from ‘INT_PTR’ {aka ‘long int’} may change the sign of the result [-Wsign-conversion]
  305 |       vsnprintf(o,count,format,va);
      |                   ^~~~~
In file included from /workspace/scratch/286141ad5a40/repo-checkout/src/WDL/eel2/nseel-compiler.c:133:
/workspace/scratch/286141ad5a40/repo-checkout/src/WDL/eel2/glue_port.h: At top level:
/workspace/scratch/286141ad5a40/repo-checkout/src/WDL/eel2/glue_port.h:191:21: warning: ISO C does not allow extra ‘;’ outside of a function [-Wpedantic]
  191 | BC_DECL(WHILE_BEGIN);
      |                     ^
/workspace/scratch/286141ad5a40/repo-checkout/src/WDL/eel2/glue_port.h: In function ‘GLUE_SET_PX_FROM_P1’:
/workspace/scratch/286141ad5a40/repo-checkout/src/WDL/eel2/glue_port.h:240:23: warning: conversion to ‘int’ from ‘unsigned int’ may change the sign of the result [-Wsign-conversion]
  240 |   *(EEL_BC_TYPE *)b = tab[wv];
      |                       ^~~
/workspace/scratch/286141ad5a40/repo-checkout/src/WDL/eel2/glue_port.h: At top level:
/workspace/scratch/286141ad5a40/repo-checkout/src/WDL/eel2/glue_port.h:340:2: warning: ISO C does not allow extra ‘;’ outside of a function [-Wpedantic]
  340 | };
      |  ^
/workspace/scratch/286141ad5a40/repo-checkout/src/WDL/eel2/glue_port.h: In function ‘GLUE_realAddress’:
/workspace/scratch/286141ad5a40/repo-checkout/src/WDL/eel2/glue_port.h:444:16: warning: conversion to ‘long unsigned int’ from ‘int’ may change the sign of the result [-Wsign-conversion]
  444 |   *size = rd[0]*sizeof(EEL_BC_TYPE);
      |                ^
/workspace/scratch/286141ad5a40/repo-checkout/src/WDL/eel2/glue_port.h: In function ‘GLUE_CALL_CODE’:
/workspace/scratch/286141ad5a40/repo-checkout/src/WDL/eel2/glue_port.h:497:38: warning: conversion to ‘long unsigned int’ from ‘int’ may change the sign of the result [-Wsign-conversion]
  497 |         iptr += sizeof(GLUE_JMP_TYPE)+*(GLUE_JMP_TYPE *)iptr;
      |                                      ^
/workspace/scratch/286141ad5a40/repo-checkout/src/WDL/eel2/glue_port.h:500:67: warning: conversion to ‘long unsigned int’ from ‘int’ may change the sign of the result [-Wsign-conversion]
  500 |         iptr += p1 ? sizeof(GLUE_JMP_TYPE) : sizeof(GLUE_JMP_TYPE)+*(GLUE_JMP_TYPE *)iptr;
      |                                                                   ^
/workspace/scratch/286141ad5a40/repo-checkout/src/WDL/eel2/glue_port.h:503:43: warning: conversion to ‘long unsigned int’ from ‘int’ may change the sign of the result [-Wsign-conversion]
  503 |         iptr += p1 ? sizeof(GLUE_JMP_TYPE)+*(GLUE_JMP_TYPE *)iptr : sizeof(GLUE_JMP_TYPE);
      |                                           ^
/workspace/scratch/286141ad5a40/repo-checkout/src/WDL/eel2/glue_port.h:626:39: warning: conversion to ‘long unsigned int’ from ‘int’ may change the sign of the result [-Wsign-conversion]
  626 |           iptr+= sizeof(GLUE_JMP_TYPE)+*(GLUE_JMP_TYPE *)iptr;
      |                                       ^
/workspace/scratch/286141ad5a40/repo-checkout/src/WDL/eel2/glue_port.h:646:40: warning: conversion to ‘long unsigned int’ from ‘int’ may change the sign of the result [-Wsign-conversion]
  646 |           iptr += sizeof(GLUE_JMP_TYPE)+*(GLUE_JMP_TYPE *)iptr; // back to the start!
      |                                        ^
/workspace/scratch/286141ad5a40/repo-checkout/src/WDL/eel2/glue_port.h:666:40: warning: conversion to ‘long unsigned int’ from ‘int’ may change the sign of the result [-Wsign-conversion]
  666 |           iptr += sizeof(GLUE_JMP_TYPE)+*(GLUE_JMP_TYPE *)iptr; // endpt
      |                                        ^
/workspace/scratch/286141ad5a40/repo-checkout/src/WDL/eel2/glue_port.h:677:40: warning: conversion to ‘long unsigned int’ from ‘int’ may change the sign of the result [-Wsign-conversion]
  677 |           iptr += sizeof(GLUE_JMP_TYPE)+*(GLUE_JMP_TYPE *)iptr; // loop
      |                                        ^
/workspace/scratch/286141ad5a40/repo-checkout/src/WDL/eel2/glue_port.h:696:21: warning: comparing floating-point with ‘==’ or ‘!=’ is unsafe [-Wfloat-equal]
  696 |         p1 = fp_top == fp_top2 ? EEL_BC_TRUE : NULL;
      |                     ^~
/workspace/scratch/286141ad5a40/repo-checkout/src/WDL/eel2/glue_port.h:704:21: warning: comparing floating-point with ‘==’ or ‘!=’ is unsafe [-Wfloat-equal]
  704 |         p1 = fp_top != fp_top2 ? EEL_BC_TRUE : NULL;
      |                     ^~
/workspace/scratch/286141ad5a40/repo-checkout/src/WDL/eel2/glue_port.h:875:38: warning: dereferencing type-punned pointer will break strict-aliasing rules [-Wstrict-aliasing]
  875 |           int i  = 0x5f3759df - ( (* (int *) &y) >> 1 );
      |                                      ^~~~~~~~~~
/workspace/scratch/286141ad5a40/repo-checkout/src/WDL/eel2/glue_port.h:876:17: warning: dereferencing type-punned pointer will break strict-aliasing rules [-Wstrict-aliasing]
  876 |           y  = *(float *) &i;
      |                 ^~~~~~~~~~~~
/workspace/scratch/286141ad5a40/repo-checkout/src/WDL/eel2/glue_port.h:933:55: warning: conversion to ‘unsigned int’ from ‘int’ may change the sign of the result [-Wsign-conversion]
  933 |           p1 = __NSEEL_RAMAllocGMEM(*(EEL_F ****)iptr,(int) (fp_pop() + NSEEL_CLOSEFACTOR));
      |                                                       ^~~~~~~~~~~~~~~~~~~~~~~~~~~~~~~~~~~~
/workspace/scratch/286141ad5a40/repo-checkout/src/WDL/eel2/glue_port.h:1022:33: warning: conversion to ‘long unsigned int’ from ‘int’ may change the sign of the result [-Wsign-conversion]
 1022 |           sptr -= sizeof(EEL_F) * (int)(fp_pop());
      |                                 ^
/workspace/scratch/286141ad5a40/repo-checkout/src/WDL/eel2/glue_port.h: At top level:
/workspace/scratch/286141ad5a40/repo-checkout/src/WDL/eel2/glue_port.h:1060:2: warning: ISO C does not allow extra ‘;’ outside of a function [-Wpedantic]
 1060 | };
      |  ^
/workspace/scratch/286141ad5a40/repo-checkout/src/WDL/eel2/nseel-compiler.c: In function ‘__growbuf_resize’:
/workspace/scratch/286141ad5a40/repo-checkout/src/WDL/eel2/nseel-compiler.c:341:37: warning: conversion to ‘size_t’ {aka ‘long unsigned int’} from ‘int’ may change the sign of the result [-Wsign-conversion]
  341 |     void *newptr = realloc(buf->ptr,newalloc);
      |                                     ^~~~~~~~
/workspace/scratch/286141ad5a40/repo-checkout/src/WDL/eel2/nseel-compiler.c:344:23: warning: conversion to ‘size_t’ {aka ‘long unsigned int’} from ‘int’ may change the sign of the result [-Wsign-conversion]
  344 |       newptr = malloc(newalloc);
      |                       ^~~~~~~~
/workspace/scratch/286141ad5a40/repo-checkout/src/WDL/eel2/nseel-compiler.c:346:60: warning: conversion to ‘size_t’ {aka ‘long unsigned int’} from ‘int’ may change the sign of the result [-Wsign-conversion]
  346 |       if (buf->ptr && buf->size) memcpy(newptr,buf->ptr,buf->size);
      |                                                         ~~~^~~~~~
/workspace/scratch/286141ad5a40/repo-checkout/src/WDL/eel2/nseel-compiler.c: In function ‘NSEEL_PProc_Stack’:
/workspace/scratch/286141ad5a40/repo-checkout/src/WDL/eel2/nseel-compiler.c:464:39: warning: conversion to ‘INT_PTR’ {aka ‘long int’} from ‘UINT_PTR’ {aka ‘long unsigned int’} may change the sign of the result [-Wsign-conversion]
  464 |     data=EEL_GLUE_set_immediate(data, stackptr);
      |                                       ^~~~~~~~
/workspace/scratch/286141ad5a40/repo-checkout/src/WDL/eel2/nseel-compiler.c:465:39: warning: conversion to ‘INT_PTR’ {aka ‘long int’} from ‘UINT_PTR’ {aka ‘long unsigned int’} may change the sign of the result [-Wsign-conversion]
  465 |     data=EEL_GLUE_set_immediate(data, m1); // and
      |                                       ^~
/workspace/scratch/286141ad5a40/repo-checkout/src/WDL/eel2/nseel-compiler.c:466:59: warning: conversion to ‘INT_PTR’ {aka ‘long int’} from ‘long unsigned int’ may change the sign of the result [-Wsign-conversion]
  466 |     data=EEL_GLUE_set_immediate(data, ((UINT_PTR)ch->stack&~m1)); //or
      |                                       ~~~~~~~~~~~~~~~~~~~~^~~~~
/workspace/scratch/286141ad5a40/repo-checkout/src/WDL/eel2/nseel-compiler.c: In function ‘NSEEL_PProc_Stack_PeekInt’:
/workspace/scratch/286141ad5a40/repo-checkout/src/WDL/eel2/nseel-compiler.c:483:39: warning: conversion to ‘INT_PTR’ {aka ‘long int’} from ‘UINT_PTR’ {aka ‘long unsigned int’} may change the sign of the result [-Wsign-conversion]
  483 |     data=EEL_GLUE_set_immediate(data, stackptr);
      |                                       ^~~~~~~~
/workspace/scratch/286141ad5a40/repo-checkout/src/WDL/eel2/nseel-compiler.c:485:39: warning: conversion to ‘INT_PTR’ {aka ‘long int’} from ‘UINT_PTR’ {aka ‘long unsigned int’} may change the sign of the result [-Wsign-conversion]
  485 |     data=EEL_GLUE_set_immediate(data, m1); // and
      |                                       ^~
/workspace/scratch/286141ad5a40/repo-checkout/src/WDL/eel2/nseel-compiler.c:486:59: warning: conversion to ‘INT_PTR’ {aka ‘long int’} from ‘long unsigned int’ may change the sign of the result [-Wsign-conversion]
  486 |     data=EEL_GLUE_set_immediate(data, ((UINT_PTR)ch->stack&~m1)); //or
      |                                       ~~~~~~~~~~~~~~~~~~~~^~~~~
/workspace/scratch/286141ad5a40/repo-checkout/src/WDL/eel2/nseel-compiler.c: In function ‘NSEEL_PProc_Stack_PeekTop’:
/workspace/scratch/286141ad5a40/repo-checkout/src/WDL/eel2/nseel-compiler.c:501:39: warning: conversion to ‘INT_PTR’ {aka ‘long int’} from ‘UINT_PTR’ {aka ‘long unsigned int’} may change the sign of the result [-Wsign-conversion]
  501 |     data=EEL_GLUE_set_immediate(data, stackptr);
      |                                       ^~~~~~~~
/workspace/scratch/286141ad5a40/repo-checkout/src/WDL/eel2/nseel-compiler.c: At top level:
/workspace/scratch/286141ad5a40/repo-checkout/src/WDL/eel2/nseel-compiler.c:597:122: warning: ISO C forbids initialization between function pointer and ‘void *’ [-Wpedantic]
  597 |    { "sin",   nseel_asm_1pdd,   1|NSEEL_NPARAMS_FLAG_CONST|BIF_RETURNSONSTACK|BIF_LASTPARMONSTACK|BIF_WONTMAKEDENORMAL, {&sin} },
      |                                                                                                                          ^
/workspace/scratch/286141ad5a40/repo-checkout/src/WDL/eel2/nseel-compiler.c:597:122: note: (near initialization for ‘fnTable1[0].replptrs[0]’)
/workspace/scratch/286141ad5a40/repo-checkout/src/WDL/eel2/nseel-compiler.c:597:4: warning: missing initializer for field ‘pProc’ of ‘functionType’ [-Wmissing-field-initializers]
  597 |    { "sin",   nseel_asm_1pdd,   1|NSEEL_NPARAMS_FLAG_CONST|BIF_RETURNSONSTACK|BIF_LASTPARMONSTACK|BIF_WONTMAKEDENORMAL, {&sin} },
      |    ^
/workspace/scratch/286141ad5a40/repo-checkout/src/WDL/eel2/ns-eel-int.h:261:20: note: ‘pProc’ declared here
  261 |       NSEEL_PPPROC pProc;
      |                    ^~~~~
/workspace/scratch/286141ad5a40/repo-checkout/src/WDL/eel2/nseel-compiler.c:598:120: warning: ISO C forbids initialization between function pointer and ‘void *’ [-Wpedantic]
  598 |    { "cos",    nseel_asm_1pdd,   1|NSEEL_NPARAMS_FLAG_CONST|BIF_RETURNSONSTACK|BIF_LASTPARMONSTACK|BIF_CLEARDENORMAL, {&cos} },
      |                                                                                                                        ^
/workspace/scratch/286141ad5a40/repo-checkout/src/WDL/eel2/nseel-compiler.c:598:120: note: (near initialization for ‘fnTable1[1].replptrs[0]’)
/workspace/scratch/286141ad5a40/repo-checkout/src/WDL/eel2/nseel-compiler.c:598:4: warning: missing initializer for field ‘pProc’ of ‘functionType’ [-Wmissing-field-initializers]
  598 |    { "cos",    nseel_asm_1pdd,   1|NSEEL_NPARAMS_FLAG_CONST|BIF_RETURNSONSTACK|BIF_LASTPARMONSTACK|BIF_CLEARDENORMAL, {&cos} },
      |    ^
/workspace/scratch/286141ad5a40/repo-checkout/src/WDL/eel2/ns-eel-int.h:261:20: note: ‘pProc’ declared here
  261 |       NSEEL_PPPROC pProc;
      |                    ^~~~~
/workspace/scratch/286141ad5a40/repo-checkout/src/WDL/eel2/nseel-compiler.c:599:102: warning: ISO C forbids initialization between function pointer and ‘void *’ [-Wpedantic]
  599 |    { "tan",    nseel_asm_1pdd,   1|NSEEL_NPARAMS_FLAG_CONST|BIF_RETURNSONSTACK|BIF_LASTPARMONSTACK, {&tan}  },
      |                                                                                                      ^
/workspace/scratch/286141ad5a40/repo-checkout/src/WDL/eel2/nseel-compiler.c:599:102: note: (near initialization for ‘fnTable1[2].replptrs[0]’)
/workspace/scratch/286141ad5a40/repo-checkout/src/WDL/eel2/nseel-compiler.c:599:4: warning: missing initializer for field ‘pProc’ of ‘functionType’ [-Wmissing-field-initializers]
  599 |    { "tan",    nseel_asm_1pdd,   1|NSEEL_NPARAMS_FLAG_CONST|BIF_RETURNSONSTACK|BIF_LASTPARMONSTACK, {&tan}  },
      |    ^
/workspace/scratch/286141ad5a40/repo-checkout/src/WDL/eel2/ns-eel-int.h:261:20: note: ‘pProc’ declared here
  261 |       NSEEL_PPPROC pProc;
      |                    ^~~~~
/workspace/scratch/286141ad5a40/repo-checkout/src/WDL/eel2/nseel-compiler.c:600:122: warning: ISO C forbids initialization between function pointer and ‘void *’ [-Wpedantic]
  600 |    { "sqrt",   nseel_asm_1pdd,  1|NSEEL_NPARAMS_FLAG_CONST|BIF_RETURNSONSTACK|BIF_LASTPARMONSTACK|BIF_WONTMAKEDENORMAL, {&sqrt_fabs}, },
      |                                                                                                                          ^
/workspace/scratch/286141ad5a40/repo-checkout/src/WDL/eel2/nseel-compiler.c:600:122: note: (near initialization for ‘fnTable1[3].replptrs[0]’)
/workspace/scratch/286141ad5a40/repo-checkout/src/WDL/eel2/nseel-compiler.c:600:4: warning: missing initializer for field ‘pProc’ of ‘functionType’ [-Wmissing-field-initializers]
  600 |    { "sqrt",   nseel_asm_1pdd,  1|NSEEL_NPARAMS_FLAG_CONST|BIF_RETURNSONSTACK|BIF_LASTPARMONSTACK|BIF_WONTMAKEDENORMAL, {&sqrt_fabs}, },
      |    ^
/workspace/scratch/286141ad5a40/repo-checkout/src/WDL/eel2/ns-eel-int.h:261:20: note: ‘pProc’ declared here
  261 |       NSEEL_PPPROC pProc;
      |                    ^~~~~
/workspace/scratch/286141ad5a40/repo-checkout/src/WDL/eel2/nseel-compiler.c:601:102: warning: ISO C forbids initialization between function pointer and ‘void *’ [-Wpedantic]
  601 |    { "log",    nseel_asm_1pdd,   1|NSEEL_NPARAMS_FLAG_CONST|BIF_RETURNSONSTACK|BIF_LASTPARMONSTACK, {&log} },
      |                                                                                                      ^
/workspace/scratch/286141ad5a40/repo-checkout/src/WDL/eel2/nseel-compiler.c:601:102: note: (near initialization for ‘fnTable1[4].replptrs[0]’)
/workspace/scratch/286141ad5a40/repo-checkout/src/WDL/eel2/nseel-compiler.c:601:4: warning: missing initializer for field ‘pProc’ of ‘functionType’ [-Wmissing-field-initializers]
  601 |    { "log",    nseel_asm_1pdd,   1|NSEEL_NPARAMS_FLAG_CONST|BIF_RETURNSONSTACK|BIF_LASTPARMONSTACK, {&log} },
      |    ^
/workspace/scratch/286141ad5a40/repo-checkout/src/WDL/eel2/ns-eel-int.h:261:20: note: ‘pProc’ declared here
  261 |       NSEEL_PPPROC pProc;
      |                    ^~~~~
/workspace/scratch/286141ad5a40/repo-checkout/src/WDL/eel2/nseel-compiler.c:602:100: warning: ISO C forbids initialization between function pointer and ‘void *’ [-Wpedantic]
  602 |    { "log10",  nseel_asm_1pdd, 1|NSEEL_NPARAMS_FLAG_CONST|BIF_RETURNSONSTACK|BIF_LASTPARMONSTACK, {&log10} },
      |                                                                                                    ^
/workspace/scratch/286141ad5a40/repo-checkout/src/WDL/eel2/nseel-compiler.c:602:100: note: (near initialization for ‘fnTable1[5].replptrs[0]’)
/workspace/scratch/286141ad5a40/repo-checkout/src/WDL/eel2/nseel-compiler.c:602:4: warning: missing initializer for field ‘pProc’ of ‘functionType’ [-Wmissing-field-initializers]
  602 |    { "log10",  nseel_asm_1pdd, 1|NSEEL_NPARAMS_FLAG_CONST|BIF_RETURNSONSTACK|BIF_LASTPARMONSTACK, {&log10} },
      |    ^
/workspace/scratch/286141ad5a40/repo-checkout/src/WDL/eel2/ns-eel-int.h:261:20: note: ‘pProc’ declared here
  261 |       NSEEL_PPPROC pProc;
      |                    ^~~~~
/workspace/scratch/286141ad5a40/repo-checkout/src/WDL/eel2/nseel-compiler.c:613:101: warning: ISO C forbids initialization between function pointer and ‘void *’ [-Wpedantic]
  613 |    { "asin",   nseel_asm_1pdd,  1|NSEEL_NPARAMS_FLAG_CONST|BIF_RETURNSONSTACK|BIF_LASTPARMONSTACK, {&asin}, },
      |                                                                                                     ^
/workspace/scratch/286141ad5a40/repo-checkout/src/WDL/eel2/nseel-compiler.c:613:101: note: (near initialization for ‘fnTable1[6].replptrs[0]’)
/workspace/scratch/286141ad5a40/repo-checkout/src/WDL/eel2/nseel-compiler.c:613:4: warning: missing initializer for field ‘pProc’ of ‘functionType’ [-Wmissing-field-initializers]
  613 |    { "asin",   nseel_asm_1pdd,  1|NSEEL_NPARAMS_FLAG_CONST|BIF_RETURNSONSTACK|BIF_LASTPARMONSTACK, {&asin}, },
      |    ^
/workspace/scratch/286141ad5a40/repo-checkout/src/WDL/eel2/ns-eel-int.h:261:20: note: ‘pProc’ declared here
  261 |       NSEEL_PPPROC pProc;
      |                    ^~~~~
/workspace/scratch/286141ad5a40/repo-checkout/src/WDL/eel2/nseel-compiler.c:614:101: warning: ISO C forbids initialization between function pointer and ‘void *’ [-Wpedantic]
  614 |    { "acos",   nseel_asm_1pdd,  1|NSEEL_NPARAMS_FLAG_CONST|BIF_RETURNSONSTACK|BIF_LASTPARMONSTACK, {&acos}, },
      |                                                                                                     ^
/workspace/scratch/286141ad5a40/repo-checkout/src/WDL/eel2/nseel-compiler.c:614:101: note: (near initialization for ‘fnTable1[7].replptrs[0]’)
/workspace/scratch/286141ad5a40/repo-checkout/src/WDL/eel2/nseel-compiler.c:614:4: warning: missing initializer for field ‘pProc’ of ‘functionType’ [-Wmissing-field-initializers]
  614 |    { "acos",   nseel_asm_1pdd,  1|NSEEL_NPARAMS_FLAG_CONST|BIF_RETURNSONSTACK|BIF_LASTPARMONSTACK, {&acos}, },
      |    ^
/workspace/scratch/286141ad5a40/repo-checkout/src/WDL/eel2/ns-eel-int.h:261:20: note: ‘pProc’ declared here
  261 |       NSEEL_PPPROC pProc;
      |                    ^~~~~
/workspace/scratch/286141ad5a40/repo-checkout/src/WDL/eel2/nseel-compiler.c:615:101: warning: ISO C forbids initialization between function pointer and ‘void *’ [-Wpedantic]
  615 |    { "atan",   nseel_asm_1pdd,  1|NSEEL_NPARAMS_FLAG_CONST|BIF_RETURNSONSTACK|BIF_LASTPARMONSTACK, {&atan}, },
      |                                                                                                     ^
/workspace/scratch/286141ad5a40/repo-checkout/src/WDL/eel2/nseel-compiler.c:615:101: note: (near initialization for ‘fnTable1[8].replptrs[0]’)
/workspace/scratch/286141ad5a40/repo-checkout/src/WDL/eel2/nseel-compiler.c:615:4: warning: missing initializer for field ‘pProc’ of ‘functionType’ [-Wmissing-field-initializers]
  615 |    { "atan",   nseel_asm_1pdd,  1|NSEEL_NPARAMS_FLAG_CONST|BIF_RETURNSONSTACK|BIF_LASTPARMONSTACK, {&atan}, },
      |    ^
/workspace/scratch/286141ad5a40/repo-checkout/src/WDL/eel2/ns-eel-int.h:261:20: note: ‘pProc’ declared here
  261 |       NSEEL_PPPROC pProc;
      |                    ^~~~~
/workspace/scratch/286141ad5a40/repo-checkout/src/WDL/eel2/nseel-compiler.c:616:102: warning: ISO C forbids initialization between function pointer and ‘void *’ [-Wpedantic]
  616 |    { "atan2",  nseel_asm_2pdd, 2|NSEEL_NPARAMS_FLAG_CONST|BIF_RETURNSONSTACK|BIF_TWOPARMSONFPSTACK, {&atan2}, },
      |                                                                                                      ^
/workspace/scratch/286141ad5a40/repo-checkout/src/WDL/eel2/nseel-compiler.c:616:102: note: (near initialization for ‘fnTable1[9].replptrs[0]’)
/workspace/scratch/286141ad5a40/repo-checkout/src/WDL/eel2/nseel-compiler.c:616:4: warning: missing initializer for field ‘pProc’ of ‘functionType’ [-Wmissing-field-initializers]
  616 |    { "atan2",  nseel_asm_2pdd, 2|NSEEL_NPARAMS_FLAG_CONST|BIF_RETURNSONSTACK|BIF_TWOPARMSONFPSTACK, {&atan2}, },
      |    ^
/workspace/scratch/286141ad5a40/repo-checkout/src/WDL/eel2/ns-eel-int.h:261:20: note: ‘pProc’ declared here
  261 |       NSEEL_PPPROC pProc;
      |                    ^~~~~
/workspace/scratch/286141ad5a40/repo-checkout/src/WDL/eel2/nseel-compiler.c:617:102: warning: ISO C forbids initialization between function pointer and ‘void *’ [-Wpedantic]
  617 |    { "exp",    nseel_asm_1pdd,   1|NSEEL_NPARAMS_FLAG_CONST|BIF_RETURNSONSTACK|BIF_LASTPARMONSTACK, {&exp}, },
      |                                                                                                      ^
/workspace/scratch/286141ad5a40/repo-checkout/src/WDL/eel2/nseel-compiler.c:617:102: note: (near initialization for ‘fnTable1[10].replptrs[0]’)
/workspace/scratch/286141ad5a40/repo-checkout/src/WDL/eel2/nseel-compiler.c:617:4: warning: missing initializer for field ‘pProc’ of ‘functionType’ [-Wmissing-field-initializers]
  617 |    { "exp",    nseel_asm_1pdd,   1|NSEEL_NPARAMS_FLAG_CONST|BIF_RETURNSONSTACK|BIF_LASTPARMONSTACK, {&exp}, },
      |    ^
/workspace/scratch/286141ad5a40/repo-checkout/src/WDL/eel2/ns-eel-int.h:261:20: note: ‘pProc’ declared here
  261 |       NSEEL_PPPROC pProc;
      |                    ^~~~~
/workspace/scratch/286141ad5a40/repo-checkout/src/WDL/eel2/nseel-compiler.c:618:4: warning: missing initializer for field ‘replptrs’ of ‘functionType’ [-Wmissing-field-initializers]
  618 |    { "abs",    nseel_asm_abs,   1|NSEEL_NPARAMS_FLAG_CONST|BIF_RETURNSONSTACK|BIF_LASTPARMONSTACK|BIF_FPSTACKUSE(0)|BIF_WONTMAKEDENORMAL },
      |    ^
/workspace/scratch/286141ad5a40/repo-checkout/src/WDL/eel2/ns-eel-int.h:260:13: note: ‘replptrs’ declared here
  260 |       void *replptrs[4];
      |             ^~~~~~~~
/workspace/scratch/286141ad5a40/repo-checkout/src/WDL/eel2/nseel-compiler.c:619:4: warning: missing initializer for field ‘replptrs’ of ‘functionType’ [-Wmissing-field-initializers]
  619 |    { "sqr",    nseel_asm_sqr,   1|NSEEL_NPARAMS_FLAG_CONST|BIF_RETURNSONSTACK|BIF_LASTPARMONSTACK|BIF_FPSTACKUSE(1) },
      |    ^
/workspace/scratch/286141ad5a40/repo-checkout/src/WDL/eel2/ns-eel-int.h:260:13: note: ‘replptrs’ declared here
  260 |       void *replptrs[4];
      |             ^~~~~~~~
/workspace/scratch/286141ad5a40/repo-checkout/src/WDL/eel2/nseel-compiler.c:620:4: warning: missing initializer for field ‘replptrs’ of ‘functionType’ [-Wmissing-field-initializers]
  620 |    { "min",    nseel_asm_min,   2|NSEEL_NPARAMS_FLAG_CONST|BIF_FPSTACKUSE(3)|BIF_WONTMAKEDENORMAL },
      |    ^
/workspace/scratch/286141ad5a40/repo-checkout/src/WDL/eel2/ns-eel-int.h:260:13: note: ‘replptrs’ declared here
  260 |       void *replptrs[4];
      |             ^~~~~~~~
/workspace/scratch/286141ad5a40/repo-checkout/src/WDL/eel2/nseel-compiler.c:621:4: warning: missing initializer for field ‘replptrs’ of ‘functionType’ [-Wmissing-field-initializers]
  621 |    { "max",    nseel_asm_max,   2|NSEEL_NPARAMS_FLAG_CONST|BIF_FPSTACKUSE(3)|BIF_WONTMAKEDENORMAL },
      |    ^
/workspace/scratch/286141ad5a40/repo-checkout/src/WDL/eel2/ns-eel-int.h:260:13: note: ‘replptrs’ declared here
  260 |       void *replptrs[4];
      |             ^~~~~~~~
/workspace/scratch/286141ad5a40/repo-checkout/src/WDL/eel2/nseel-compiler.c:622:4: warning: missing initializer for field ‘replptrs’ of ‘functionType’ [-Wmissing-field-initializers]
  622 |    { "sign",   nseel_asm_sign,  1|NSEEL_NPARAMS_FLAG_CONST|BIF_RETURNSONSTACK|BIF_LASTPARMONSTACK|BIF_FPSTACKUSE(2)|BIF_CLEARDENORMAL, },
      |    ^
/workspace/scratch/286141ad5a40/repo-checkout/src/WDL/eel2/ns-eel-int.h:260:13: note: ‘replptrs’ declared here
  260 |       void *replptrs[4];
      |             ^~~~~~~~
/workspace/scratch/286141ad5a40/repo-checkout/src/WDL/eel2/nseel-compiler.c:623:94: warning: ISO C forbids initialization between function pointer and ‘void *’ [-Wpedantic]
  623 |    { "rand",   nseel_asm_1pdd,  1|BIF_RETURNSONSTACK|BIF_LASTPARMONSTACK|BIF_CLEARDENORMAL, {&nseel_int_rand}, },
      |                                                                                              ^
/workspace/scratch/286141ad5a40/repo-checkout/src/WDL/eel2/nseel-compiler.c:623:94: note: (near initialization for ‘fnTable1[16].replptrs[0]’)
/workspace/scratch/286141ad5a40/repo-checkout/src/WDL/eel2/nseel-compiler.c:623:4: warning: missing initializer for field ‘pProc’ of ‘functionType’ [-Wmissing-field-initializers]
  623 |    { "rand",   nseel_asm_1pdd,  1|BIF_RETURNSONSTACK|BIF_LASTPARMONSTACK|BIF_CLEARDENORMAL, {&nseel_int_rand}, },
      |    ^
/workspace/scratch/286141ad5a40/repo-checkout/src/WDL/eel2/ns-eel-int.h:261:20: note: ‘pProc’ declared here
  261 |       NSEEL_PPPROC pProc;
      |                    ^~~~~
/workspace/scratch/286141ad5a40/repo-checkout/src/WDL/eel2/nseel-compiler.c:625:118: warning: ISO C forbids initialization between function pointer and ‘void *’ [-Wpedantic]
  625 |    { "floor",  nseel_asm_1pdd, 1|NSEEL_NPARAMS_FLAG_CONST|BIF_RETURNSONSTACK|BIF_LASTPARMONSTACK|BIF_CLEARDENORMAL, {&floor} },
      |                                                                                                                      ^
/workspace/scratch/286141ad5a40/repo-checkout/src/WDL/eel2/nseel-compiler.c:625:118: note: (near initialization for ‘fnTable1[17].replptrs[0]’)
/workspace/scratch/286141ad5a40/repo-checkout/src/WDL/eel2/nseel-compiler.c:625:4: warning: missing initializer for field ‘pProc’ of ‘functionType’ [-Wmissing-field-initializers]
  625 |    { "floor",  nseel_asm_1pdd, 1|NSEEL_NPARAMS_FLAG_CONST|BIF_RETURNSONSTACK|BIF_LASTPARMONSTACK|BIF_CLEARDENORMAL, {&floor} },
      |    ^
/workspace/scratch/286141ad5a40/repo-checkout/src/WDL/eel2/ns-eel-int.h:261:20: note: ‘pProc’ declared here
  261 |       NSEEL_PPPROC pProc;
      |                    ^~~~~
/workspace/scratch/286141ad5a40/repo-checkout/src/WDL/eel2/nseel-compiler.c:626:119: warning: ISO C forbids initialization between function pointer and ‘void *’ [-Wpedantic]
  626 |    { "ceil",   nseel_asm_1pdd,  1|NSEEL_NPARAMS_FLAG_CONST|BIF_RETURNSONSTACK|BIF_LASTPARMONSTACK|BIF_CLEARDENORMAL, {&ceil} },
      |                                                                                                                       ^
/workspace/scratch/286141ad5a40/repo-checkout/src/WDL/eel2/nseel-compiler.c:626:119: note: (near initialization for ‘fnTable1[18].replptrs[0]’)
/workspace/scratch/286141ad5a40/repo-checkout/src/WDL/eel2/nseel-compiler.c:626:4: warning: missing initializer for field ‘pProc’ of ‘functionType’ [-Wmissing-field-initializers]
  626 |    { "ceil",   nseel_asm_1pdd,  1|NSEEL_NPARAMS_FLAG_CONST|BIF_RETURNSONSTACK|BIF_LASTPARMONSTACK|BIF_CLEARDENORMAL, {&ceil} },
      |    ^
/workspace/scratch/286141ad5a40/repo-checkout/src/WDL/eel2/ns-eel-int.h:261:20: note: ‘pProc’ declared here
  261 |       NSEEL_PPPROC pProc;
      |                    ^~~~~
/workspace/scratch/286141ad5a40/repo-checkout/src/WDL/eel2/nseel-compiler.c:628:4: warning: missing initializer for field ‘pProc’ of ‘functionType’ [-Wmissing-field-initializers]
  628 |    { "invsqrt",   nseel_asm_invsqrt,  1|NSEEL_NPARAMS_FLAG_CONST|BIF_RETURNSONSTACK|BIF_LASTPARMONSTACK|BIF_FPSTACKUSE(3), {GLUE_INVSQRT_NEEDREPL} },
      |    ^
/workspace/scratch/286141ad5a40/repo-checkout/src/WDL/eel2/ns-eel-int.h:261:20: note: ‘pProc’ declared here
  261 |       NSEEL_PPPROC pProc;
      |                    ^~~~~
/workspace/scratch/286141ad5a40/repo-checkout/src/WDL/eel2/nseel-compiler.c:630:4: warning: missing initializer for field ‘replptrs’ of ‘functionType’ [-Wmissing-field-initializers]
  630 |    { "__dbg_getstackptr",   nseel_asm_dbg_getstackptr,  1|NSEEL_NPARAMS_FLAG_CONST|BIF_RETURNSONSTACK|BIF_LASTPARMONSTACK|BIF_FPSTACKUSE(1),  },
      |    ^
/workspace/scratch/286141ad5a40/repo-checkout/src/WDL/eel2/ns-eel-int.h:260:13: note: ‘replptrs’ declared here
  260 |       void *replptrs[4];
      |             ^~~~~~~~
/workspace/scratch/286141ad5a40/repo-checkout/src/WDL/eel2/nseel-compiler.c:644:36: warning: ISO C forbids initialization between function pointer and ‘void *’ [-Wpedantic]
  644 |   {"freembuf",_asm_generic1parm,1,{&__NSEEL_RAM_MemFree},NSEEL_PProc_RAM},
      |                                    ^
/workspace/scratch/286141ad5a40/repo-checkout/src/WDL/eel2/nseel-compiler.c:644:36: note: (near initialization for ‘fnTable1[21].replptrs[0]’)
/workspace/scratch/286141ad5a40/repo-checkout/src/WDL/eel2/nseel-compiler.c:645:36: warning: ISO C forbids initialization between function pointer and ‘void *’ [-Wpedantic]
  645 |   {"memcpy",_asm_generic3parm,  3,{&__NSEEL_RAM_MemCpy},NSEEL_PProc_RAM},
      |                                    ^
/workspace/scratch/286141ad5a40/repo-checkout/src/WDL/eel2/nseel-compiler.c:645:36: note: (near initialization for ‘fnTable1[22].replptrs[0]’)
/workspace/scratch/286141ad5a40/repo-checkout/src/WDL/eel2/nseel-compiler.c:646:36: warning: ISO C forbids initialization between function pointer and ‘void *’ [-Wpedantic]
  646 |   {"memset",_asm_generic3parm,  3,{&__NSEEL_RAM_MemSet},NSEEL_PProc_RAM},
      |                                    ^
/workspace/scratch/286141ad5a40/repo-checkout/src/WDL/eel2/nseel-compiler.c:646:36: note: (near initialization for ‘fnTable1[23].replptrs[0]’)
/workspace/scratch/286141ad5a40/repo-checkout/src/WDL/eel2/nseel-compiler.c:647:36: warning: ISO C forbids initialization between function pointer and ‘void *’ [-Wpedantic]
  647 |   {"__memtop",_asm_generic1parm,1,{&__NSEEL_RAM_MemTop},NSEEL_PProc_RAM},
      |                                    ^
/workspace/scratch/286141ad5a40/repo-checkout/src/WDL/eel2/nseel-compiler.c:647:36: note: (near initialization for ‘fnTable1[24].replptrs[0]’)
/workspace/scratch/286141ad5a40/repo-checkout/src/WDL/eel2/nseel-compiler.c:648:84: warning: ISO C forbids initialization between function pointer and ‘void *’ [-Wpedantic]
  648 |   {"mem_set_values",_asm_generic2parm_retd,2|BIF_TAKES_VARPARM|BIF_RETURNSONSTACK,{&__NSEEL_RAM_Mem_SetValues},NSEEL_PProc_RAM},
      |                                                                                    ^
/workspace/scratch/286141ad5a40/repo-checkout/src/WDL/eel2/nseel-compiler.c:648:84: note: (near initialization for ‘fnTable1[25].replptrs[0]’)
/workspace/scratch/286141ad5a40/repo-checkout/src/WDL/eel2/nseel-compiler.c:649:84: warning: ISO C forbids initialization between function pointer and ‘void *’ [-Wpedantic]
  649 |   {"mem_get_values",_asm_generic2parm_retd,2|BIF_TAKES_VARPARM|BIF_RETURNSONSTACK,{&__NSEEL_RAM_Mem_GetValues},NSEEL_PProc_RAM},
      |                                                                                    ^
/workspace/scratch/286141ad5a40/repo-checkout/src/WDL/eel2/nseel-compiler.c:649:84: note: (near initialization for ‘fnTable1[26].replptrs[0]’)
/workspace/scratch/286141ad5a40/repo-checkout/src/WDL/eel2/nseel-compiler.c:650:69: warning: ISO C forbids initialization between function pointer and ‘void *’ [-Wpedantic]
  650 |   {"mem_multiply_sum",_asm_generic3parm_retd, 3|BIF_RETURNSONSTACK,{&__NSEEL_RAM_MemSumProducts},NSEEL_PProc_RAM},
      |                                                                     ^
/workspace/scratch/286141ad5a40/repo-checkout/src/WDL/eel2/nseel-compiler.c:650:69: note: (near initialization for ‘fnTable1[27].replptrs[0]’)
/workspace/scratch/286141ad5a40/repo-checkout/src/WDL/eel2/nseel-compiler.c:651:72: warning: ISO C forbids initialization between function pointer and ‘void *’ [-Wpedantic]
  651 |   {"mem_insert_shuffle",_asm_generic3parm_retd, 3|BIF_RETURNSONSTACK, {&__NSEEL_RAM_MemInsertShuffle},NSEEL_PProc_RAM},
      |                                                                        ^
/workspace/scratch/286141ad5a40/repo-checkout/src/WDL/eel2/nseel-compiler.c:651:72: note: (near initialization for ‘fnTable1[28].replptrs[0]’)
/workspace/scratch/286141ad5a40/repo-checkout/src/WDL/eel2/nseel-compiler.c:658:1: warning: missing initializer for field ‘replptrs’ of ‘functionType’ [-Wmissing-field-initializers]
  658 | static functionType fn_min2 = { "min2",    nseel_asm_min_fp, 2|NSEEL_NPARAMS_FLAG_CONST|BIF_RETURNSONSTACK|BIF_TWOPARMSONFPSTACK_LAZY|BIF_FPSTACKUSE(2)|BIF_WONTMAKEDENORMAL };
      | ^~~~~~
/workspace/scratch/286141ad5a40/repo-checkout/src/WDL/eel2/ns-eel-int.h:260:13: note: ‘replptrs’ declared here
  260 |       void *replptrs[4];
      |             ^~~~~~~~
/workspace/scratch/286141ad5a40/repo-checkout/src/WDL/eel2/nseel-compiler.c:659:1: warning: missing initializer for field ‘replptrs’ of ‘functionType’ [-Wmissing-field-initializers]
  659 | static functionType fn_max2 = { "max2",    nseel_asm_max_fp, 2|NSEEL_NPARAMS_FLAG_CONST|BIF_RETURNSONSTACK|BIF_TWOPARMSONFPSTACK_LAZY|BIF_FPSTACKUSE(2)|BIF_WONTMAKEDENORMAL };
      | ^~~~~~
/workspace/scratch/286141ad5a40/repo-checkout/src/WDL/eel2/ns-eel-int.h:260:13: note: ‘replptrs’ declared here
  260 |       void *replptrs[4];
      |             ^~~~~~~~
/workspace/scratch/286141ad5a40/repo-checkout/src/WDL/eel2/nseel-compiler.c:660:1: warning: missing initializer for field ‘replptrs’ of ‘functionType’ [-Wmissing-field-initializers]
  660 | static functionType fn_or0  = { "or0",     nseel_asm_or0,    1|NSEEL_NPARAMS_FLAG_CONST|BIF_LASTPARMONSTACK|BIF_RETURNSONSTACK|BIF_CLEARDENORMAL };
      | ^~~~~~
/workspace/scratch/286141ad5a40/repo-checkout/src/WDL/eel2/ns-eel-int.h:260:13: note: ‘replptrs’ declared here
  260 |       void *replptrs[4];
      |             ^~~~~~~~
/workspace/scratch/286141ad5a40/repo-checkout/src/WDL/eel2/nseel-compiler.c: In function ‘NSEEL_addfunc_varparm_ex’:
/workspace/scratch/286141ad5a40/repo-checkout/src/WDL/eel2/nseel-compiler.c:772:127: warning: ISO C forbids passing argument 6 of ‘NSEEL_addfunctionex2’ between function pointer and ‘void *’ [-Wpedantic]
  772 |   NSEEL_addfunctionex2(name,min_np|(want_exact?BIF_TAKES_VARPARM_EX:BIF_TAKES_VARPARM),(char *)_asm_generic2parm_retd,0,pproc,fptr,NULL,destination);
      |                                                                                                                               ^~~~
In file included from /workspace/scratch/286141ad5a40/repo-checkout/src/WDL/eel2/ns-eel-int.h:33:
/workspace/scratch/286141ad5a40/repo-checkout/src/WDL/eel2/ns-eel.h:108:119: note: expected ‘void *’ but argument is of type ‘EEL_F (*)(void *, INT_PTR,  EEL_F **)’ {aka ‘double (*)(void *, long int,  double **)’}
  108 | void NSEEL_addfunctionex2(const char *name, int nparms, char *code_startaddr, int code_len, NSEEL_PPPROC pproc, void *fptr, void *fptr2, eel_function_table *destination);
      |                                                                                                                 ~~~~~~^~~~
/workspace/scratch/286141ad5a40/repo-checkout/src/WDL/eel2/nseel-compiler.c: In function ‘NSEEL_addfunc_varparm_ctxptr’:
/workspace/scratch/286141ad5a40/repo-checkout/src/WDL/eel2/nseel-compiler.c:777:133: warning: ISO C forbids passing argument 7 of ‘NSEEL_addfunctionex2’ between function pointer and ‘void *’ [-Wpedantic]
  777 |   NSEEL_addfunctionex2(name,min_np|(want_exact?BIF_TAKES_VARPARM_EX:BIF_TAKES_VARPARM),(char *)_asm_generic2parm_retd,0,NULL,ctxptr,fptr,destination);
      |                                                                                                                                     ^~~~
/workspace/scratch/286141ad5a40/repo-checkout/src/WDL/eel2/ns-eel.h:108:131: note: expected ‘void *’ but argument is of type ‘EEL_F (*)(void *, INT_PTR,  EEL_F **)’ {aka ‘double (*)(void *, long int,  double **)’}
  108 | void NSEEL_addfunctionex2(const char *name, int nparms, char *code_startaddr, int code_len, NSEEL_PPPROC pproc, void *fptr, void *fptr2, eel_function_table *destination);
      |                                                                                                                             ~~~~~~^~~~~
/workspace/scratch/286141ad5a40/repo-checkout/src/WDL/eel2/nseel-compiler.c: In function ‘NSEEL_addfunc_varparm_ctxptr2’:
/workspace/scratch/286141ad5a40/repo-checkout/src/WDL/eel2/nseel-compiler.c:782:132: warning: ISO C forbids passing argument 7 of ‘NSEEL_addfunctionex2’ between function pointer and ‘void *’ [-Wpedantic]
  782 |   NSEEL_addfunctionex2(name,min_np|(want_exact?BIF_TAKES_VARPARM_EX:BIF_TAKES_VARPARM),(char *)_asm_generic2xparm_retd,0,pproc,ctx,fptr,destination);
      |                                                                                                                                    ^~~~
/workspace/scratch/286141ad5a40/repo-checkout/src/WDL/eel2/ns-eel.h:108:131: note: expected ‘void *’ but argument is of type ‘EEL_F (*)(void *, void *, INT_PTR,  EEL_F **)’ {aka ‘double (*)(void *, void *, long int,  double **)’}
  108 | void NSEEL_addfunctionex2(const char *name, int nparms, char *code_startaddr, int code_len, NSEEL_PPPROC pproc, void *fptr, void *fptr2, eel_function_table *destination);
      |                                                                                                                             ~~~~~~^~~~~
/workspace/scratch/286141ad5a40/repo-checkout/src/WDL/eel2/nseel-compiler.c: In function ‘NSEEL_addfunctionex2’:
/workspace/scratch/286141ad5a40/repo-checkout/src/WDL/eel2/nseel-compiler.c:812:85: warning: conversion to ‘long unsigned int’ from ‘int’ may change the sign of the result [-Wsign-conversion]
  812 |     void *nv = realloc(destination->list, (destination->list_size + list_size_chunk)*sizeof(functionType));
      |                                                                                     ^
/workspace/scratch/286141ad5a40/repo-checkout/src/WDL/eel2/nseel-compiler.c:824:56: warning: conversion to ‘long unsigned int’ from ‘int’ may change the sign of the result [-Wsign-conversion]
  824 |       memmove(r + 1, r, (destination->list_size - idx) * sizeof(functionType));
      |                                                        ^
/workspace/scratch/286141ad5a40/repo-checkout/src/WDL/eel2/nseel-compiler.c:803:83: warning: unused parameter ‘code_len’ [-Wunused-parameter]
  803 | void NSEEL_addfunctionex2(const char *name, int nparms, char *code_startaddr, int code_len /* ignored*/,
      |                                                                               ~~~~^~~~~~~~
/workspace/scratch/286141ad5a40/repo-checkout/src/WDL/eel2/nseel-compiler.c: In function ‘freeBlocks’:
/workspace/scratch/286141ad5a40/repo-checkout/src/WDL/eel2/nseel-compiler.c:850:45: warning: unused parameter ‘is_code’ [-Wunused-parameter]
  850 | static void freeBlocks(llBlock **start, int is_code)
      |                                         ~~~~^~~~~~~
/workspace/scratch/286141ad5a40/repo-checkout/src/WDL/eel2/nseel-compiler.c: In function ‘__newBlock_align’:
/workspace/scratch/286141ad5a40/repo-checkout/src/WDL/eel2/nseel-compiler.c:944:42: warning: conversion to ‘long unsigned int’ from ‘int’ may change the sign of the result [-Wsign-conversion]
  944 |     llb = (llBlock *)malloc(sizeof(*llb) + alloc_amt);
      |                                          ^
/workspace/scratch/286141ad5a40/repo-checkout/src/WDL/eel2/nseel-compiler.c:877:73: warning: unused parameter ‘is_for_code’ [-Wunused-parameter]
  877 | static void *__newBlock_align(llBlock **start, int size, int align, int is_for_code)
      |                                                                     ~~~~^~~~~~~~~~~
/workspace/scratch/286141ad5a40/repo-checkout/src/WDL/eel2/nseel-compiler.c: In function ‘nseel_resolve_named_symbol’:
/workspace/scratch/286141ad5a40/repo-checkout/src/WDL/eel2/nseel-compiler.c:1234:37: warning: conversion to ‘size_t’ {aka ‘const long unsigned int’} from ‘long int’ may change the sign of the result [-Wsign-conversion]
 1234 |               const size_t cmplen = p+1-ctx->function_curName;
      |                                     ^
/workspace/scratch/286141ad5a40/repo-checkout/src/WDL/eel2/nseel-compiler.c: In function ‘nseel_createMemoryAccess’:
/workspace/scratch/286141ad5a40/repo-checkout/src/WDL/eel2/nseel-compiler.c:1528:92: warning: comparing floating-point with ‘==’ or ‘!=’ is unsafe [-Wfloat-equal]
 1528 |   if (code2 && (code2->opcodeType != OPCODETYPE_DIRECTVALUE || code2->parms.dv.directValue != 0.0))
      |                                                                                            ^~
/workspace/scratch/286141ad5a40/repo-checkout/src/WDL/eel2/nseel-compiler.c: In function ‘combineNamespaceFields’:
/workspace/scratch/286141ad5a40/repo-checkout/src/WDL/eel2/nseel-compiler.c:1627:31: warning: conversion to ‘size_t’ {aka ‘long unsigned int’} from ‘int’ may change the sign of the result [-Wsign-conversion]
 1627 |   if (lfp>0) memcpy(nm,prefix,lfp);
      |                               ^~~
/workspace/scratch/286141ad5a40/repo-checkout/src/WDL/eel2/nseel-compiler.c:1633:27: warning: conversion to ‘size_t’ {aka ‘long unsigned int’} from ‘int’ may change the sign of the result [-Wsign-conversion]
 1633 |     memcpy(nm+lfp,relname,lrn);
      |                           ^~~
/workspace/scratch/286141ad5a40/repo-checkout/src/WDL/eel2/nseel-compiler.c: In function ‘nseel_getBuiltinFunctionAddress’:
/workspace/scratch/286141ad5a40/repo-checkout/src/WDL/eel2/nseel-compiler.c:1647:33: warning: ISO C forbids initialization between function pointer and ‘void *’ [-Wpedantic]
 1647 |   static void *pow_replptrs[4]={&pow,};
      |                                 ^
/workspace/scratch/286141ad5a40/repo-checkout/src/WDL/eel2/nseel-compiler.c:1647:33: note: (near initialization for ‘pow_replptrs[0]’)
/workspace/scratch/286141ad5a40/repo-checkout/src/WDL/eel2/nseel-compiler.c:1771:35: warning: ISO C forbids initialization between function pointer and ‘void *’ [-Wpedantic]
 1771 |         static void *replptrs[4]={&__NSEEL_RAMAlloc,};
      |                                   ^
/workspace/scratch/286141ad5a40/repo-checkout/src/WDL/eel2/nseel-compiler.c:1771:35: note: (near initialization for ‘replptrs[0]’)
/workspace/scratch/286141ad5a40/repo-checkout/src/WDL/eel2/nseel-compiler.c:1782:35: warning: ISO C forbids initialization between function pointer and ‘void *’ [-Wpedantic]
 1782 |         static void *replptrs[4]={&__NSEEL_RAMAllocGMEM,};
      |                                   ^
/workspace/scratch/286141ad5a40/repo-checkout/src/WDL/eel2/nseel-compiler.c:1782:35: note: (near initialization for ‘replptrs[0]’)
/workspace/scratch/286141ad5a40/repo-checkout/src/WDL/eel2/nseel-compiler.c:1641:62: warning: unused parameter ‘ctx’ [-Wunused-parameter]
 1641 | static void *nseel_getBuiltinFunctionAddress(compileContext *ctx,
      |                                              ~~~~~~~~~~~~~~~~^~~
/workspace/scratch/286141ad5a40/repo-checkout/src/WDL/eel2/nseel-compiler.c: In function ‘nseel_getEELFunctionAddress’:
/workspace/scratch/286141ad5a40/repo-checkout/src/WDL/eel2/nseel-compiler.c:1984:33: warning: conversion to ‘size_t’ {aka ‘long unsigned int’} from ‘int’ may change the sign of the result [-Wsign-conversion]
 1984 |           memcpy(fn->startptr,f,sz);
      |                                 ^~
/workspace/scratch/286141ad5a40/repo-checkout/src/WDL/eel2/nseel-compiler.c: In function ‘optimizeOpcodes’:
/workspace/scratch/286141ad5a40/repo-checkout/src/WDL/eel2/nseel-compiler.c:2171:80: warning: comparing floating-point with ‘==’ or ‘!=’ is unsafe [-Wfloat-equal]
 2171 |             case FN_EQ_EXACT: reval = op->parms.parms[0]->parms.dv.directValue == op->parms.parms[1]->parms.dv.directValue; break;
      |                                                                                ^~
/workspace/scratch/286141ad5a40/repo-checkout/src/WDL/eel2/nseel-compiler.c:2172:80: warning: comparing floating-point with ‘==’ or ‘!=’ is unsafe [-Wfloat-equal]
 2172 |             case FN_NE_EXACT: reval = op->parms.parms[0]->parms.dv.directValue != op->parms.parms[1]->parms.dv.directValue; break;
      |                                                                                ^~
/workspace/scratch/286141ad5a40/repo-checkout/src/WDL/eel2/nseel-compiler.c:2203:28: warning: comparing floating-point with ‘==’ or ‘!=’ is unsafe [-Wfloat-equal]
 2203 |                 if (dvalue == 0.0)
      |                            ^~
/workspace/scratch/286141ad5a40/repo-checkout/src/WDL/eel2/nseel-compiler.c:2215:26: warning: comparing floating-point with ‘==’ or ‘!=’ is unsafe [-Wfloat-equal]
 2215 |               if (dvalue == 0.0)
      |                          ^~
/workspace/scratch/286141ad5a40/repo-checkout/src/WDL/eel2/nseel-compiler.c:2227:26: warning: comparing floating-point with ‘==’ or ‘!=’ is unsafe [-Wfloat-equal]
 2227 |               if (dvalue == 0.0) // remove multiply by 0.0 (using 0.0 direct value as replacement), unless the nonzero side did something
      |                          ^~
/workspace/scratch/286141ad5a40/repo-checkout/src/WDL/eel2/nseel-compiler.c:2249:31: warning: comparing floating-point with ‘==’ or ‘!=’ is unsafe [-Wfloat-equal]
 2249 |               else if (dvalue == 1.0) // remove multiply by 1.0 (using non-1.0 value as replacement)
      |                               ^~
/workspace/scratch/286141ad5a40/repo-checkout/src/WDL/eel2/nseel-compiler.c:2331:28: warning: comparing floating-point with ‘==’ or ‘!=’ is unsafe [-Wfloat-equal]
 2331 |                 if (dvalue == 1.0)  // remove divide by 1.0  (using non-1.0 value as replacement)
      |                            ^~
/workspace/scratch/286141ad5a40/repo-checkout/src/WDL/eel2/nseel-compiler.c:2339:30: warning: comparing floating-point with ‘==’ or ‘!=’ is unsafe [-Wfloat-equal]
 2339 |                   if (dvalue == 0.0)
      |                              ^~
/workspace/scratch/286141ad5a40/repo-checkout/src/WDL/eel2/nseel-compiler.c:2362:31: warning: comparing floating-point with ‘==’ or ‘!=’ is unsafe [-Wfloat-equal]
 2362 |               else if (dvalue == 0.0)
      |                               ^~
/workspace/scratch/286141ad5a40/repo-checkout/src/WDL/eel2/nseel-compiler.c:2384:26: warning: comparing floating-point with ‘==’ or ‘!=’ is unsafe [-Wfloat-equal]
 2384 |               if (dvalue == 0.0)
      |                          ^~
/workspace/scratch/286141ad5a40/repo-checkout/src/WDL/eel2/nseel-compiler.c:2394:26: warning: comparing floating-point with ‘==’ or ‘!=’ is unsafe [-Wfloat-equal]
 2394 |               if (dvalue == 0.0)
      |                          ^~
/workspace/scratch/286141ad5a40/repo-checkout/src/WDL/eel2/nseel-compiler.c: In function ‘generateValueToReg’:
/workspace/scratch/286141ad5a40/repo-checkout/src/WDL/eel2/nseel-compiler.c:2780:37: warning: comparing floating-point with ‘==’ or ‘!=’ is unsafe [-Wfloat-equal]
 2780 |         if (r->parms.dv.directValue == op->parms.dv.directValue && (b=r->parms.dv.valuePtr)) break;
      |                                     ^~
/workspace/scratch/286141ad5a40/repo-checkout/src/WDL/eel2/nseel-compiler.c: In function ‘compileCodeBlockWithRet’:
/workspace/scratch/286141ad5a40/repo-checkout/src/WDL/eel2/nseel-compiler.c:2818:38: warning: conversion to ‘long unsigned int’ from ‘int’ may change the sign of the result [-Wsign-conversion]
 2818 |   p = newblock2 = newCodeBlock(funcsz+ sizeof(GLUE_RET)+GLUE_FUNC_ENTER_SIZE+GLUE_FUNC_LEAVE_SIZE,32);
      |                                      ^
/workspace/scratch/286141ad5a40/repo-checkout/src/WDL/eel2/nseel-compiler.c:296:67: note: in definition of macro ‘newCodeBlock’
  296 | #define newCodeBlock(x,a) __newBlock_align(&ctx->blocks_head_code,x,a, 1)
      |                                                                   ^
/workspace/scratch/286141ad5a40/repo-checkout/src/WDL/eel2/nseel-compiler.c: In function ‘compileNativeFunctionCall’:
/workspace/scratch/286141ad5a40/repo-checkout/src/WDL/eel2/nseel-compiler.c:2905:41: warning: conversion to ‘long unsigned int’ from ‘int’ may change the sign of the result [-Wsign-conversion]
 2905 |     restore_stack_amt = (sizeof(void *) * n_params + 15)&~15;
      |                                         ^
/workspace/scratch/286141ad5a40/repo-checkout/src/WDL/eel2/nseel-compiler.c:2905:57: warning: unsigned conversion from ‘int’ to ‘long unsigned int’ changes value from ‘-16’ to ‘18446744073709551600’ [-Wsign-conversion]
 2905 |     restore_stack_amt = (sizeof(void *) * n_params + 15)&~15;
      |                                                         ^
/workspace/scratch/286141ad5a40/repo-checkout/src/WDL/eel2/nseel-compiler.c:2915:35: warning: conversion to ‘long unsigned int’ from ‘int’ may change the sign of the result [-Wsign-conversion]
 2915 |         if (bufOut_len < parm_size+GLUE_MOVE_STACK_SIZE) RET_MINUS1_FAIL("insufficient size for varparm")
      |                                   ^
/workspace/scratch/286141ad5a40/repo-checkout/src/WDL/eel2/nseel-compiler.c:2915:24: warning: comparison of integer expressions of different signedness: ‘int’ and ‘long unsigned int’ [-Wsign-compare]
 2915 |         if (bufOut_len < parm_size+GLUE_MOVE_STACK_SIZE) RET_MINUS1_FAIL("insufficient size for varparm")
      |                        ^
/workspace/scratch/286141ad5a40/repo-checkout/src/WDL/eel2/nseel-compiler.c:2917:19: warning: conversion to ‘long unsigned int’ from ‘int’ may change the sign of the result [-Wsign-conversion]
 2917 |         parm_size += GLUE_MOVE_STACK_SIZE;
      |                   ^~
/workspace/scratch/286141ad5a40/repo-checkout/src/WDL/eel2/nseel-compiler.c:2922:37: warning: conversion to ‘long unsigned int’ from ‘int’ may change the sign of the result [-Wsign-conversion]
 2922 |           if (bufOut_len < parm_size+GLUE_STORE_P1_TO_STACK_AT_OFFS_SIZE(0))
      |                                     ^
/workspace/scratch/286141ad5a40/repo-checkout/src/WDL/eel2/nseel-compiler.c:2922:26: warning: comparison of integer expressions of different signedness: ‘int’ and ‘long unsigned int’ [-Wsign-compare]
 2922 |           if (bufOut_len < parm_size+GLUE_STORE_P1_TO_STACK_AT_OFFS_SIZE(0))
      |                          ^
/workspace/scratch/286141ad5a40/repo-checkout/src/WDL/eel2/nseel-compiler.c:2925:21: warning: conversion to ‘long unsigned int’ from ‘int’ may change the sign of the result [-Wsign-conversion]
 2925 |           parm_size += GLUE_STORE_P1_TO_STACK_AT_OFFS_SIZE(0);
      |                     ^~
/workspace/scratch/286141ad5a40/repo-checkout/src/WDL/eel2/nseel-compiler.c:2955:39: warning: conversion to ‘long unsigned int’ from ‘int’ may change the sign of the result [-Wsign-conversion]
 2955 |             if (bufOut_len < parm_size+GLUE_STORE_P1_TO_STACK_AT_OFFS_SIZE(use_offs))
      |                                       ^
/workspace/scratch/286141ad5a40/repo-checkout/src/WDL/eel2/nseel-compiler.c:2955:28: warning: comparison of integer expressions of different signedness: ‘int’ and ‘long unsigned int’ [-Wsign-compare]
 2955 |             if (bufOut_len < parm_size+GLUE_STORE_P1_TO_STACK_AT_OFFS_SIZE(use_offs))
      |                            ^
/workspace/scratch/286141ad5a40/repo-checkout/src/WDL/eel2/nseel-compiler.c:2958:22: warning: conversion to ‘long unsigned int’ from ‘int’ may change the sign of the result [-Wsign-conversion]
 2958 |             parm_size+=GLUE_STORE_P1_TO_STACK_AT_OFFS_SIZE(use_offs);
      |                      ^~
/workspace/scratch/286141ad5a40/repo-checkout/src/WDL/eel2/nseel-compiler.c:2990:35: warning: conversion to ‘long unsigned int’ from ‘int’ may change the sign of the result [-Wsign-conversion]
 2990 |         if (bufOut_len < parm_size+GLUE_STORE_P1_TO_STACK_AT_OFFS_SIZE(use_offs))
      |                                   ^
/workspace/scratch/286141ad5a40/repo-checkout/src/WDL/eel2/nseel-compiler.c:2990:24: warning: comparison of integer expressions of different signedness: ‘int’ and ‘long unsigned int’ [-Wsign-compare]
 2990 |         if (bufOut_len < parm_size+GLUE_STORE_P1_TO_STACK_AT_OFFS_SIZE(use_offs))
      |                        ^
/workspace/scratch/286141ad5a40/repo-checkout/src/WDL/eel2/nseel-compiler.c:2993:18: warning: conversion to ‘long unsigned int’ from ‘int’ may change the sign of the result [-Wsign-conversion]
 2993 |         parm_size+=GLUE_STORE_P1_TO_STACK_AT_OFFS_SIZE(use_offs);
      |                  ^~
/workspace/scratch/286141ad5a40/repo-checkout/src/WDL/eel2/nseel-compiler.c:3000:31: warning: conversion to ‘long unsigned int’ from ‘int’ may change the sign of the result [-Wsign-conversion]
 3000 |     if (bufOut_len < parm_size+GLUE_MOV_PX_DIRECTVALUE_SIZE+GLUE_MOVE_PX_STACKPTR_SIZE) RET_MINUS1_FAIL("insufficient size for varparm p1")
      |                               ^
/workspace/scratch/286141ad5a40/repo-checkout/src/WDL/eel2/nseel-compiler.c:3000:20: warning: comparison of integer expressions of different signedness: ‘int’ and ‘long unsigned int’ [-Wsign-compare]
 3000 |     if (bufOut_len < parm_size+GLUE_MOV_PX_DIRECTVALUE_SIZE+GLUE_MOVE_PX_STACKPTR_SIZE) RET_MINUS1_FAIL("insufficient size for varparm p1")
      |                    ^
/workspace/scratch/286141ad5a40/repo-checkout/src/WDL/eel2/nseel-compiler.c:3002:14: warning: conversion to ‘long unsigned int’ from ‘int’ may change the sign of the result [-Wsign-conversion]
 3002 |     parm_size+=GLUE_MOV_PX_DIRECTVALUE_SIZE;
      |              ^~
/workspace/scratch/286141ad5a40/repo-checkout/src/WDL/eel2/nseel-compiler.c:3004:14: warning: conversion to ‘long unsigned int’ from ‘int’ may change the sign of the result [-Wsign-conversion]
 3004 |     parm_size+=GLUE_MOVE_PX_STACKPTR_SIZE;
      |              ^~
/workspace/scratch/286141ad5a40/repo-checkout/src/WDL/eel2/nseel-compiler.c:3030:30: warning: conversion to ‘size_t’ {aka ‘long unsigned int’} from ‘int’ may change the sign of the result [-Wsign-conversion]
 3030 |           memcpy(bufOut,func,func_size);
      |                              ^~~~~~~~~
/workspace/scratch/286141ad5a40/repo-checkout/src/WDL/eel2/nseel-compiler.c:3045:32: warning: conversion to ‘size_t’ {aka ‘long unsigned int’} from ‘int’ may change the sign of the result [-Wsign-conversion]
 3045 |             memcpy(bufOut,func,func_size);
      |                                ^~~~~~~~~
/workspace/scratch/286141ad5a40/repo-checkout/src/WDL/eel2/nseel-compiler.c:3057:32: warning: conversion to ‘size_t’ {aka ‘long unsigned int’} from ‘int’ may change the sign of the result [-Wsign-conversion]
 3057 |             memcpy(bufOut,func,func_size);
      |                                ^~~~~~~~~
/workspace/scratch/286141ad5a40/repo-checkout/src/WDL/eel2/nseel-compiler.c:3058:61: warning: conversion to ‘long unsigned int’ from ‘int’ may change the sign of the result [-Wsign-conversion]
 3058 |             NSEEL_PProc_Stack_PeekInt(bufOut,func_size,ctx,f*sizeof(EEL_F));
      |                                                             ^
/workspace/scratch/286141ad5a40/repo-checkout/src/WDL/eel2/nseel-compiler.c:3088:23: warning: conversion to ‘long unsigned int’ from ‘int’ may change the sign of the result [-Wsign-conversion]
 3088 |             parm_size += sizeof(GLUE_PUSH_P1);
      |                       ^~
/workspace/scratch/286141ad5a40/repo-checkout/src/WDL/eel2/nseel-compiler.c:3146:120: warning: conversion to ‘size_t’ {aka ‘long unsigned int’} from ‘int’ may change the sign of the result [-Wsign-conversion]
 3146 |               memmove(bufOut + may_need_fppush + sizeof(GLUE_POP_FPSTACK_TOSTACK), bufOut + may_need_fppush, parm_size - may_need_fppush);
      |                                                                                                              ~~~~~~~~~~^~~~~~~~~~~~~~~~~
/workspace/scratch/286141ad5a40/repo-checkout/src/WDL/eel2/nseel-compiler.c:3150:23: warning: conversion to ‘long unsigned int’ from ‘int’ may change the sign of the result [-Wsign-conversion]
 3150 |             parm_size += sizeof(GLUE_POP_FPSTACK_TOSTACK);
      |                       ^~
/workspace/scratch/286141ad5a40/repo-checkout/src/WDL/eel2/nseel-compiler.c:3202:36: warning: conversion to ‘long unsigned int’ from ‘int’ may change the sign of the result [-Wsign-conversion]
 3202 |         if (bufOut_len < parm_size + GLUE_SET_PX_FROM_P1_SIZE) RET_MINUS1_FAIL("size, pxfromp1")
      |                                    ^
/workspace/scratch/286141ad5a40/repo-checkout/src/WDL/eel2/nseel-compiler.c:3202:24: warning: comparison of integer expressions of different signedness: ‘int’ and ‘long unsigned int’ [-Wsign-compare]
 3202 |         if (bufOut_len < parm_size + GLUE_SET_PX_FROM_P1_SIZE) RET_MINUS1_FAIL("size, pxfromp1")
      |                        ^
/workspace/scratch/286141ad5a40/repo-checkout/src/WDL/eel2/nseel-compiler.c:3204:19: warning: conversion to ‘long unsigned int’ from ‘int’ may change the sign of the result [-Wsign-conversion]
 3204 |         parm_size += GLUE_SET_PX_FROM_P1_SIZE;
      |                   ^~
/workspace/scratch/286141ad5a40/repo-checkout/src/WDL/eel2/nseel-compiler.c:3224:25: warning: conversion to ‘long unsigned int’ from ‘int’ may change the sign of the result [-Wsign-conversion]
 3224 |               parm_size += sizeof(GLUE_POP_STACK_TO_FPSTACK);
      |                         ^~
/workspace/scratch/286141ad5a40/repo-checkout/src/WDL/eel2/nseel-compiler.c:3244:38: warning: conversion to ‘long unsigned int’ from ‘int’ may change the sign of the result [-Wsign-conversion]
 3244 |           if (bufOut_len < parm_size + GLUE_POP_PX_SIZE) RET_MINUS1_FAIL("size, poppx")
      |                                      ^
/workspace/scratch/286141ad5a40/repo-checkout/src/WDL/eel2/nseel-compiler.c:3244:26: warning: comparison of integer expressions of different signedness: ‘int’ and ‘long unsigned int’ [-Wsign-compare]
 3244 |           if (bufOut_len < parm_size + GLUE_POP_PX_SIZE) RET_MINUS1_FAIL("size, poppx")
      |                          ^
/workspace/scratch/286141ad5a40/repo-checkout/src/WDL/eel2/nseel-compiler.c:3246:21: warning: conversion to ‘long unsigned int’ from ‘int’ may change the sign of the result [-Wsign-conversion]
 3246 |           parm_size += GLUE_POP_PX_SIZE;
      |                     ^~
/workspace/scratch/286141ad5a40/repo-checkout/src/WDL/eel2/nseel-compiler.c:3342:38: warning: conversion to ‘long unsigned int’ from ‘int’ may change the sign of the result [-Wsign-conversion]
 3342 |           if (bufOut_len < parm_size + GLUE_MOV_PX_DIRECTVALUE_SIZE) RET_MINUS1_FAIL("size, pxdvsz")
      |                                      ^
/workspace/scratch/286141ad5a40/repo-checkout/src/WDL/eel2/nseel-compiler.c:3342:26: warning: comparison of integer expressions of different signedness: ‘int’ and ‘long unsigned int’ [-Wsign-compare]
 3342 |           if (bufOut_len < parm_size + GLUE_MOV_PX_DIRECTVALUE_SIZE) RET_MINUS1_FAIL("size, pxdvsz")
      |                          ^
/workspace/scratch/286141ad5a40/repo-checkout/src/WDL/eel2/nseel-compiler.c:3347:21: warning: conversion to ‘long unsigned int’ from ‘int’ may change the sign of the result [-Wsign-conversion]
 3347 |           parm_size += GLUE_MOV_PX_DIRECTVALUE_SIZE;
      |                     ^~
/workspace/scratch/286141ad5a40/repo-checkout/src/WDL/eel2/nseel-compiler.c:3358:22: warning: comparison of integer expressions of different signedness: ‘int’ and ‘long unsigned int’ [-Wsign-compare]
 3358 |       if (bufOut_len < sizeof(GLUE_FXCH)) RET_MINUS1_FAIL("len,fxch")
      |                      ^
/workspace/scratch/286141ad5a40/repo-checkout/src/WDL/eel2/nseel-compiler.c:3363:16: warning: conversion to ‘long unsigned int’ from ‘int’ may change the sign of the result [-Wsign-conversion]
 3363 |       parm_size+=sizeof(GLUE_FXCH);
      |                ^~
/workspace/scratch/286141ad5a40/repo-checkout/src/WDL/eel2/nseel-compiler.c:3408:21: warning: conversion to ‘size_t’ {aka ‘long unsigned int’} from ‘int’ may change the sign of the result [-Wsign-conversion]
 3408 |     memcpy(p, func, func_size);
      |                     ^~~~~~~~~
/workspace/scratch/286141ad5a40/repo-checkout/src/WDL/eel2/nseel-compiler.c:3438:46: warning: conversion to ‘long unsigned int’ from ‘int’ may change the sign of the result [-Wsign-conversion]
 3438 |       if (bufOut_len < parm_size + func_size + GLUE_MOVE_STACK_SIZE) RET_MINUS1_FAIL("insufficient size for varparm")
      |                                              ^
/workspace/scratch/286141ad5a40/repo-checkout/src/WDL/eel2/nseel-compiler.c:3438:22: warning: comparison of integer expressions of different signedness: ‘int’ and ‘long unsigned int’ [-Wsign-compare]
 3438 |       if (bufOut_len < parm_size + func_size + GLUE_MOVE_STACK_SIZE) RET_MINUS1_FAIL("insufficient size for varparm")
      |                      ^
/workspace/scratch/286141ad5a40/repo-checkout/src/WDL/eel2/nseel-compiler.c:3440:17: warning: conversion to ‘long unsigned int’ from ‘int’ may change the sign of the result [-Wsign-conversion]
 3440 |       parm_size += GLUE_MOVE_STACK_SIZE;
      |                 ^~
/workspace/scratch/286141ad5a40/repo-checkout/src/WDL/eel2/nseel-compiler.c: In function ‘compileEelFunctionCall’:
/workspace/scratch/286141ad5a40/repo-checkout/src/WDL/eel2/nseel-compiler.c:3517:47: warning: conversion to ‘long unsigned int’ from ‘int’ may change the sign of the result [-Wsign-conversion]
 3517 |     EEL_F *pstate = newDataBlock(sizeof(EEL_F)*cfp_statesize,8);
      |                                               ^
/workspace/scratch/286141ad5a40/repo-checkout/src/WDL/eel2/nseel-compiler.c:297:67: note: in definition of macro ‘newDataBlock’
  297 | #define newDataBlock(x,a) __newBlock_align(&ctx->blocks_head_data,x,a,0)
      |                                                                   ^
/workspace/scratch/286141ad5a40/repo-checkout/src/WDL/eel2/nseel-compiler.c:3542:18: warning: conversion to ‘long unsigned int’ from ‘int’ may change the sign of the result [-Wsign-conversion]
 3542 |         parm_size+=sizeof(GLUE_POP_FPSTACK_TOSTACK);
      |                  ^~
/workspace/scratch/286141ad5a40/repo-checkout/src/WDL/eel2/nseel-compiler.c:3550:18: warning: conversion to ‘long unsigned int’ from ‘int’ may change the sign of the result [-Wsign-conversion]
 3550 |         parm_size+=sizeof(GLUE_PUSH_P1PTR_AS_VALUE);
      |                  ^~
/workspace/scratch/286141ad5a40/repo-checkout/src/WDL/eel2/nseel-compiler.c:3610:53: warning: conversion to ‘long unsigned int’ from ‘int’ may change the sign of the result [-Wsign-conversion]
 3610 |     const int cpsize = GLUE_MOV_PX_DIRECTVALUE_SIZE + GLUE_COPY_VALUE_AT_P1_TO_PTR(NULL,NULL);
      |                                                     ^
/workspace/scratch/286141ad5a40/repo-checkout/src/WDL/eel2/nseel-compiler.c:3629:48: warning: conversion to ‘size_t’ {aka ‘long unsigned int’} from ‘int’ may change the sign of the result [-Wsign-conversion]
 3629 |   if (bufOut) memcpy(bufOut + parm_size, func, func_size);
      |                                                ^~~~~~~~~
/workspace/scratch/286141ad5a40/repo-checkout/src/WDL/eel2/nseel-compiler.c: In function ‘compileOpcodesInternal’:
/workspace/scratch/286141ad5a40/repo-checkout/src/WDL/eel2/nseel-compiler.c:3979:19: warning: conversion to ‘long unsigned int’ from ‘int’ may change the sign of the result [-Wsign-conversion]
 3979 |         parm_size += sizeof(GLUE_JMP_IF_P1_NZ);
      |                   ^~
/workspace/scratch/286141ad5a40/repo-checkout/src/WDL/eel2/nseel-compiler.c:3985:19: warning: conversion to ‘long unsigned int’ from ‘int’ may change the sign of the result [-Wsign-conversion]
 3985 |         parm_size += sizeof(GLUE_JMP_IF_P1_Z);
      |                   ^~
/workspace/scratch/286141ad5a40/repo-checkout/src/WDL/eel2/nseel-compiler.c:3994:63: warning: conversion to ‘long unsigned int’ from ‘int’ may change the sign of the result [-Wsign-conversion]
 3994 |       if (bufOut) GLUE_JMP_SET_OFFSET(bufOut + parm_size, csz + (hasSecondHalf?sizeof(GLUE_JMP_NC):0));
      |                                                               ^
/workspace/scratch/286141ad5a40/repo-checkout/src/WDL/eel2/glue_port.h:8:100: note: in definition of macro ‘GLUE_JMP_SET_OFFSET’
    8 | #define GLUE_JMP_SET_OFFSET(endOfInstruction,offset) (((GLUE_JMP_TYPE *)(endOfInstruction))[-1] = (offset))
      |                                                                                                    ^~~~~~
/workspace/scratch/286141ad5a40/repo-checkout/src/WDL/eel2/nseel-compiler.c:4001:18: warning: conversion to ‘long unsigned int’ from ‘int’ may change the sign of the result [-Wsign-conversion]
 4001 |         parm_size+=sizeof(GLUE_JMP_NC);
      |                  ^~
/workspace/scratch/286141ad5a40/repo-checkout/src/WDL/eel2/nseel-compiler.c:4085:18: warning: conversion to ‘long unsigned int’ from ‘int’ may change the sign of the result [-Wsign-conversion]
 4085 |         parm_size+=GLUE_WHILE_SETUP_SIZE;
      |                  ^~
/workspace/scratch/286141ad5a40/repo-checkout/src/WDL/eel2/nseel-compiler.c:4089:18: warning: conversion to ‘long unsigned int’ from ‘int’ may change the sign of the result [-Wsign-conversion]
 4089 |         parm_size+=sizeof(GLUE_WHILE_BEGIN);
      |                  ^~
/workspace/scratch/286141ad5a40/repo-checkout/src/WDL/eel2/nseel-compiler.c:4099:18: warning: conversion to ‘long unsigned int’ from ‘int’ may change the sign of the result [-Wsign-conversion]
 4099 |         parm_size+=sizeof(GLUE_WHILE_END);
      |                  ^~
/workspace/scratch/286141ad5a40/repo-checkout/src/WDL/eel2/nseel-compiler.c:4105:18: warning: conversion to ‘long unsigned int’ from ‘int’ may change the sign of the result [-Wsign-conversion]
 4105 |         parm_size+=sizeof(GLUE_WHILE_CHECK_RV);
      |                  ^~
/workspace/scratch/286141ad5a40/repo-checkout/src/WDL/eel2/nseel-compiler.c:4161:19: warning: conversion to ‘long unsigned int’ from ‘int’ may change the sign of the result [-Wsign-conversion]
 4161 |         parm_size += GLUE_LOOP_LOADCNT_SIZE;
      |                   ^~
/workspace/scratch/286141ad5a40/repo-checkout/src/WDL/eel2/nseel-compiler.c:4183:19: warning: conversion to ‘long unsigned int’ from ‘int’ may change the sign of the result [-Wsign-conversion]
 4183 |         parm_size += sizeof(GLUE_LOOP_END);
      |                   ^~
/workspace/scratch/286141ad5a40/repo-checkout/src/WDL/eel2/nseel-compiler.c:4208:68: warning: conversion to ‘size_t’ {aka ‘long unsigned int’} from ‘int’ may change the sign of the result [-Wsign-conversion]
 4208 |           if (bufOut) memcpy(bufOut,w?GLUE_SET_P1_NZ:GLUE_SET_P1_Z,wsz);
      |                                                                    ^~~
/workspace/scratch/286141ad5a40/repo-checkout/src/WDL/eel2/nseel-compiler.c:4266:28: warning: comparison of integer expressions of different signedness: ‘int’ and ‘long unsigned int’ [-Wsign-compare]
 4266 |             if (bufOut_len < GLUE_MOV_PX_DIRECTVALUE_TOSTACK_SIZE) RET_MINUS1_FAIL("direct fp fail 2")
      |                            ^
/workspace/scratch/286141ad5a40/repo-checkout/src/WDL/eel2/nseel-compiler.c:4272:29: warning: conversion to ‘long unsigned int’ from ‘int’ may change the sign of the result [-Wsign-conversion]
 4272 |             return rv_offset+GLUE_MOV_PX_DIRECTVALUE_TOSTACK_SIZE;
      |                             ^
/workspace/scratch/286141ad5a40/repo-checkout/src/WDL/eel2/nseel-compiler.c:4277:22: warning: comparison of integer expressions of different signedness: ‘int’ and ‘long unsigned int’ [-Wsign-compare]
 4277 |       if (bufOut_len < GLUE_MOV_PX_DIRECTVALUE_SIZE)
      |                      ^
/workspace/scratch/286141ad5a40/repo-checkout/src/WDL/eel2/nseel-compiler.c:4289:22: warning: conversion to ‘long unsigned int’ from ‘int’ may change the sign of the result [-Wsign-conversion]
 4289 |     return rv_offset + GLUE_MOV_PX_DIRECTVALUE_SIZE;
      |                      ^
/workspace/scratch/286141ad5a40/repo-checkout/src/WDL/eel2/nseel-compiler.c: In function ‘compileOpcodes’:
/workspace/scratch/286141ad5a40/repo-checkout/src/WDL/eel2/nseel-compiler.c:4461:26: warning: conversion to ‘size_t’ {aka ‘long unsigned int’} from ‘int’ may change the sign of the result [-Wsign-conversion]
 4461 |       memcpy(bufOut,stub,stubsize);
      |                          ^~~~~~~~
/workspace/scratch/286141ad5a40/repo-checkout/src/WDL/eel2/nseel-compiler.c:4486:22: warning: comparison of integer expressions of different signedness: ‘int’ and ‘long unsigned int’ [-Wsign-compare]
 4486 |       if (bufOut_len < GLUE_PUSH_VAL_AT_PX_TO_FPSTACK_SIZE) RET_MINUS1_FAIL("pushvalatpxtofpstack,size")
      |                      ^
/workspace/scratch/286141ad5a40/repo-checkout/src/WDL/eel2/nseel-compiler.c:4492:14: warning: conversion to ‘long unsigned int’ from ‘int’ may change the sign of the result [-Wsign-conversion]
 4492 |       codesz += GLUE_PUSH_VAL_AT_PX_TO_FPSTACK_SIZE;
      |              ^~
/workspace/scratch/286141ad5a40/repo-checkout/src/WDL/eel2/nseel-compiler.c:4493:18: warning: conversion to ‘long unsigned int’ from ‘int’ may change the sign of the result [-Wsign-conversion]
 4493 |       bufOut_len -= GLUE_PUSH_VAL_AT_PX_TO_FPSTACK_SIZE;
      |                  ^~
/workspace/scratch/286141ad5a40/repo-checkout/src/WDL/eel2/nseel-compiler.c:4528:28: warning: conversion to ‘size_t’ {aka ‘long unsigned int’} from ‘int’ may change the sign of the result [-Wsign-conversion]
 4528 |         memcpy(bufOut,stub,stubsize);
      |                            ^~~~~~~~
/workspace/scratch/286141ad5a40/repo-checkout/src/WDL/eel2/nseel-compiler.c:4538:22: warning: comparison of integer expressions of different signedness: ‘int’ and ‘long unsigned int’ [-Wsign-compare]
 4538 |       if (bufOut_len < GLUE_POP_FPSTACK_TO_WTP_TO_PX_SIZE) RET_MINUS1_FAIL("popfpstacktowtptopxsize")
      |                      ^
/workspace/scratch/286141ad5a40/repo-checkout/src/WDL/eel2/nseel-compiler.c:4542:13: warning: conversion to ‘long unsigned int’ from ‘int’ may change the sign of the result [-Wsign-conversion]
 4542 |       codesz+=GLUE_POP_FPSTACK_TO_WTP_TO_PX_SIZE;
      |             ^~
/workspace/scratch/286141ad5a40/repo-checkout/src/WDL/eel2/nseel-compiler.c:4548:22: warning: comparison of integer expressions of different signedness: ‘int’ and ‘long unsigned int’ [-Wsign-compare]
 4548 |       if (bufOut_len < GLUE_POP_FPSTACK_SIZE) RET_MINUS1_FAIL("popfpstack size")
      |                      ^
/workspace/scratch/286141ad5a40/repo-checkout/src/WDL/eel2/nseel-compiler.c:4550:13: warning: conversion to ‘long unsigned int’ from ‘int’ may change the sign of the result [-Wsign-conversion]
 4550 |       codesz+=GLUE_POP_FPSTACK_SIZE;
      |             ^~
/workspace/scratch/286141ad5a40/repo-checkout/src/WDL/eel2/nseel-compiler.c: In function ‘NSEEL_code_compile_ex’:
/workspace/scratch/286141ad5a40/repo-checkout/src/WDL/eel2/nseel-compiler.c:4626:50: warning: conversion to ‘long unsigned int’ from ‘int’ may change the sign of the result [-Wsign-conversion]
 4626 |         memset(a->localstorage,0,sizeof(EEL_F *) * a->localstorage_size);
      |                                                  ^
/workspace/scratch/286141ad5a40/repo-checkout/src/WDL/eel2/nseel-compiler.c:4746:26: warning: comparison of integer expressions of different signedness: ‘int’ and ‘long unsigned int’ [-Wsign-compare]
 4746 |         if (funcname_len > sizeof(is_fname)-1) funcname_len=sizeof(is_fname)-1;
      |                          ^
/workspace/scratch/286141ad5a40/repo-checkout/src/WDL/eel2/nseel-compiler.c:4747:36: warning: conversion to ‘size_t’ {aka ‘long unsigned int’} from ‘int’ may change the sign of the result [-Wsign-conversion]
 4747 |         memcpy(is_fname, funcname, funcname_len);
      |                                    ^~~~~~~~~~~~
/workspace/scratch/286141ad5a40/repo-checkout/src/WDL/eel2/nseel-compiler.c:4768:55: warning: conversion to ‘size_t’ {aka ‘long unsigned int’} from ‘int’ may change the sign of the result [-Wsign-conversion]
 4768 |             if (tmplen == 5 && !strnicmp(tok1,"local",tmplen)) localTableContext=0;
      |                                                       ^~~~~~
/workspace/scratch/286141ad5a40/repo-checkout/src/WDL/eel2/../wdltypes.h:127:45: note: in definition of macro ‘strnicmp’
  127 |     #define strnicmp(x,y,z) strncasecmp(x,y,z)
      |                                             ^
/workspace/scratch/286141ad5a40/repo-checkout/src/WDL/eel2/nseel-compiler.c:4769:61: warning: conversion to ‘size_t’ {aka ‘long unsigned int’} from ‘int’ may change the sign of the result [-Wsign-conversion]
 4769 |             else if (tmplen == 6 && !strnicmp(tok1,"static",tmplen)) localTableContext=0;
      |                                                             ^~~~~~
/workspace/scratch/286141ad5a40/repo-checkout/src/WDL/eel2/../wdltypes.h:127:45: note: in definition of macro ‘strnicmp’
  127 |     #define strnicmp(x,y,z) strncasecmp(x,y,z)
      |                                             ^
/workspace/scratch/286141ad5a40/repo-checkout/src/WDL/eel2/nseel-compiler.c:4770:63: warning: conversion to ‘size_t’ {aka ‘long unsigned int’} from ‘int’ may change the sign of the result [-Wsign-conversion]
 4770 |             else if (tmplen == 8 && !strnicmp(tok1,"instance",tmplen)) localTableContext=1;
      |                                                               ^~~~~~
/workspace/scratch/286141ad5a40/repo-checkout/src/WDL/eel2/../wdltypes.h:127:45: note: in definition of macro ‘strnicmp’
  127 |     #define strnicmp(x,y,z) strncasecmp(x,y,z)
      |                                             ^
/workspace/scratch/286141ad5a40/repo-checkout/src/WDL/eel2/nseel-compiler.c:4771:63: warning: conversion to ‘size_t’ {aka ‘long unsigned int’} from ‘int’ may change the sign of the result [-Wsign-conversion]
 4771 |             else if ((tmplen == 7 && !strnicmp(tok1,"globals",tmplen))  ||
      |                                                               ^~~~~~
/workspace/scratch/286141ad5a40/repo-checkout/src/WDL/eel2/../wdltypes.h:127:45: note: in definition of macro ‘strnicmp’
  127 |     #define strnicmp(x,y,z) strncasecmp(x,y,z)
      |                                             ^
/workspace/scratch/286141ad5a40/repo-checkout/src/WDL/eel2/nseel-compiler.c:4772:62: warning: conversion to ‘size_t’ {aka ‘long unsigned int’} from ‘int’ may change the sign of the result [-Wsign-conversion]
 4772 |                      (tmplen == 6 && !strnicmp(tok1,"global",tmplen)))
      |                                                              ^~~~~~
/workspace/scratch/286141ad5a40/repo-checkout/src/WDL/eel2/../wdltypes.h:127:45: note: in definition of macro ‘strnicmp’
  127 |     #define strnicmp(x,y,z) strncasecmp(x,y,z)
      |                                             ^
/workspace/scratch/286141ad5a40/repo-checkout/src/WDL/eel2/nseel-compiler.c:4826:105: warning: conversion to ‘long unsigned int’ from ‘int’ may change the sign of the result [-Wsign-conversion]
 4826 |             ctx->function_localTable_Names[localTableContext] = (char **)newTmpBlock(ctx,sizeof(char *) * maxcnt);
      |                                                                                                         ^
/workspace/scratch/286141ad5a40/repo-checkout/src/WDL/eel2/nseel-compiler.c:299:68: note: in definition of macro ‘newTmpBlock’
  299 | #define newTmpBlock(ctx, size) __newBlock_align(&(ctx)->tmpblocks, size, 8,0)
      |                                                                    ^~~~
/workspace/scratch/286141ad5a40/repo-checkout/src/WDL/eel2/nseel-compiler.c:4831:105: warning: conversion to ‘long unsigned int’ from ‘int’ may change the sign of the result [-Wsign-conversion]
 4831 |               if (osz && ot) memcpy(ctx->function_localTable_Names[localTableContext],ot,sizeof(char *) * osz);
      |                                                                                                         ^
/workspace/scratch/286141ad5a40/repo-checkout/src/WDL/eel2/nseel-compiler.c:4850:40: warning: conversion to ‘size_t’ {aka ‘long unsigned int’} from ‘int’ may change the sign of the result [-Wsign-conversion]
 4850 |                     memcpy(newstr,tok1,l);
      |                                        ^
/workspace/scratch/286141ad5a40/repo-checkout/src/WDL/eel2/nseel-compiler.c:4866:82: warning: conversion to ‘long unsigned int’ from ‘int’ may change the sign of the result [-Wsign-conversion]
 4866 |           ctx->isSharedFunctions ? newDataBlock(ctx->function_localTable_Size[0] * sizeof(EEL_F *),8) :
      |                                                                                  ^
/workspace/scratch/286141ad5a40/repo-checkout/src/WDL/eel2/nseel-compiler.c:297:67: note: in definition of macro ‘newDataBlock’
  297 | #define newDataBlock(x,a) __newBlock_align(&ctx->blocks_head_data,x,a,0)
      |                                                                   ^
/workspace/scratch/286141ad5a40/repo-checkout/src/WDL/eel2/nseel-compiler.c:4867:85: warning: conversion to ‘long unsigned int’ from ‘int’ may change the sign of the result [-Wsign-conversion]
 4867 |                                    newTmpBlock(ctx,ctx->function_localTable_Size[0] * sizeof(EEL_F *));
      |                                                                                     ^
/workspace/scratch/286141ad5a40/repo-checkout/src/WDL/eel2/nseel-compiler.c:299:68: note: in definition of macro ‘newTmpBlock’
  299 | #define newTmpBlock(ctx, size) __newBlock_align(&(ctx)->tmpblocks, size, 8,0)
      |                                                                    ^~~~
/workspace/scratch/286141ad5a40/repo-checkout/src/WDL/eel2/nseel-compiler.c:4875:69: warning: conversion to ‘long unsigned int’ from ‘int’ may change the sign of the result [-Wsign-conversion]
 4875 |         memset(ctx->function_localTable_ValuePtrs,0,sizeof(EEL_F *) * ctx->function_localTable_Size[0]); // force values to be allocated
      |                                                                     ^
/workspace/scratch/286141ad5a40/repo-checkout/src/WDL/eel2/nseel-compiler.c:5123:110: warning: conversion to ‘long unsigned int’ from ‘int’ may change the sign of the result [-Wsign-conversion]
 5123 |     handle->workTable = curtabptr = newDataBlock((curtabptr_sz+MIN_COMPUTABLE_SIZE + COMPUTABLE_EXTRA_SPACE) * sizeof(EEL_F),32);
      |                                                                                                              ^
/workspace/scratch/286141ad5a40/repo-checkout/src/WDL/eel2/nseel-compiler.c:297:67: note: in definition of macro ‘newDataBlock’
  297 | #define newDataBlock(x,a) __newBlock_align(&ctx->blocks_head_data,x,a,0)
      |                                                                   ^
/workspace/scratch/286141ad5a40/repo-checkout/src/WDL/eel2/nseel-compiler.c:5168:41: warning: conversion to ‘size_t’ {aka ‘long unsigned int’} from ‘int’ may change the sign of the result [-Wsign-conversion]
 5168 |         memcpy(writeptr,(char*)p->code,p->codesz);
      |                                        ~^~~~~~~~
/workspace/scratch/286141ad5a40/repo-checkout/src/WDL/eel2/nseel-compiler.c: In function ‘NSEEL_VM_preallocram’:
/workspace/scratch/286141ad5a40/repo-checkout/src/WDL/eel2/nseel-compiler.c:5384:47: warning: conversion to ‘unsigned int’ from ‘int’ may change the sign of the result [-Wsign-conversion]
 5384 |     __NSEEL_RAMAlloc(ctx->ram_state->blocks,x * NSEEL_RAM_ITEMSPERBLOCK);
/workspace/scratch/286141ad5a40/repo-checkout/src/WDL/eel2/nseel-compiler.c: In function ‘nseel_int_register_var’:
/workspace/scratch/286141ad5a40/repo-checkout/src/WDL/eel2/nseel-compiler.c:5685:74: warning: conversion to ‘long unsigned int’ from ‘int’ may change the sign of the result [-Wsign-conversion]
 5685 |               EEL_GROWBUF_GET(&ctx->varNameList) + slot, (listsz - slot) * sizeof(EEL_GROWBUF_GET(&ctx->varNameList)[0]));
      |                                                                          ^
/workspace/scratch/286141ad5a40/repo-checkout/src/WDL/eel2/nseel-compiler.c: In function ‘eel_enterfp’:
/workspace/scratch/286141ad5a40/repo-checkout/src/WDL/eel2/nseel-compiler.c:5887:24: warning: unused parameter ‘s’ [-Wunused-parameter]
 5887 |   void eel_enterfp(int s[2]) {}
      |                    ~~~~^~~~
/workspace/scratch/286141ad5a40/repo-checkout/src/WDL/eel2/nseel-compiler.c: In function ‘eel_leavefp’:
/workspace/scratch/286141ad5a40/repo-checkout/src/WDL/eel2/nseel-compiler.c:5888:24: warning: unused parameter ‘s’ [-Wunused-parameter]
 5888 |   void eel_leavefp(int s[2]) {}
      |                    ~~~~^~~~
[13/50] Building C object CMakeFiles/joep_bandjoiner.dir/workspace/scratch/286141ad5a40/repo-checkout/src/WDL/eel2/nseel-eval.c.o
In file included from /workspace/scratch/286141ad5a40/repo-checkout/src/WDL/eel2/ns-eel-int.h:30,
                 from /workspace/scratch/286141ad5a40/repo-checkout/src/WDL/eel2/nseel-eval.c:27:
/workspace/scratch/286141ad5a40/repo-checkout/src/WDL/eel2/../wdltypes.h: In function ‘WDL_TICKS_IN_RANGE_ENDING_AT’:
/workspace/scratch/286141ad5a40/repo-checkout/src/WDL/eel2/../wdltypes.h:213:40: warning: conversion to ‘WDL_TICKTYPE’ {aka ‘unsigned int’} from ‘int’ may change the sign of the result [-Wsign-conversion]
  213 |   const WDL_TICKTYPE refstart = refend - len;
      |                                        ^
/workspace/scratch/286141ad5a40/repo-checkout/src/WDL/eel2/../wdltypes.h: In function ‘wdl_log’:
/workspace/scratch/286141ad5a40/repo-checkout/src/WDL/eel2/../wdltypes.h:241:85: warning: unused parameter ‘format’ [-Wunused-parameter]
  241 |   static void WDL_STATICFUNC_UNUSED WDL_VARARG_WARN(printf,1,2) wdl_log(const char *format, ...) { }
      |                                                                         ~~~~~~~~~~~~^~~~~~
In file included from /workspace/scratch/286141ad5a40/repo-checkout/src/WDL/eel2/nseel-eval.c:28:
/workspace/scratch/286141ad5a40/repo-checkout/src/WDL/eel2/../wdlcstring.h: In function ‘WDL_remove_trailing_crlf’:
/workspace/scratch/286141ad5a40/repo-checkout/src/WDL/eel2/../wdlcstring.h:232:13: warning: conversion to ‘size_t’ {aka ‘long unsigned int’} from ‘long int’ may change the sign of the result [-Wsign-conversion]
  232 |     return p-str;
      |            ~^~~~
/workspace/scratch/286141ad5a40/repo-checkout/src/WDL/eel2/../wdlcstring.h: In function ‘WDL_remove_trailing_whitespace’:
/workspace/scratch/286141ad5a40/repo-checkout/src/WDL/eel2/../wdlcstring.h:241:13: warning: conversion to ‘size_t’ {aka ‘long unsigned int’} from ‘long int’ may change the sign of the result [-Wsign-conversion]
  241 |     return p-str;
      |            ~^~~~
/workspace/scratch/286141ad5a40/repo-checkout/src/WDL/eel2/../wdlcstring.h: In function ‘snprintf_append’:
/workspace/scratch/286141ad5a40/repo-checkout/src/WDL/eel2/../wdlcstring.h:295:19: warning: conversion to ‘size_t’ {aka ‘long unsigned int’} from ‘INT_PTR’ {aka ‘long int’} may change the sign of the result [-Wsign-conversion]
  295 |       vsnprintf(o,count,format,va);
      |                   ^~~~~
/workspace/scratch/286141ad5a40/repo-checkout/src/WDL/eel2/../wdlcstring.h: In function ‘vsnprintf_append’:
/workspace/scratch/286141ad5a40/repo-checkout/src/WDL/eel2/../wdlcstring.h:305:19: warning: conversion to ‘size_t’ {aka ‘long unsigned int’} from ‘INT_PTR’ {aka ‘long int’} may change the sign of the result [-Wsign-conversion]
  305 |       vsnprintf(o,count,format,va);
      |                   ^~~~~
/workspace/scratch/286141ad5a40/repo-checkout/src/WDL/eel2/nseel-eval.c: In function ‘nseel_stringsegments_tobuf’:
/workspace/scratch/286141ad5a40/repo-checkout/src/WDL/eel2/nseel-eval.c:137:104: warning: conversion to ‘size_t’ {aka ‘long unsigned int’} from ‘int’ may change the sign of the result [-Wsign-conversion]
  137 |       pos += nseel_filter_escaped_string(bufOut + pos, bufout_sz-pos,  list->str_start+1, list->str_len-1, list->str_start[0]);
      |                                                                                           ~~~~~~~~~~~~~^~
/workspace/scratch/286141ad5a40/repo-checkout/src/WDL/eel2/nseel-eval.c: In function ‘nseellex’:
/workspace/scratch/286141ad5a40/repo-checkout/src/WDL/eel2/nseel-eval.c:271:73: warning: conversion to ‘size_t’ {aka ‘long unsigned int’} from ‘int’ may change the sign of the result [-Wsign-conversion]
  271 |         *output = x == toklen && toklen > 2 ? nseel_translate(scctx,tok,toklen) : NULL;
      |                                                                         ^~~~~~
/workspace/scratch/286141ad5a40/repo-checkout/src/WDL/eel2/nseel-eval.c:277:45: warning: conversion to ‘size_t’ {aka ‘long unsigned int’} from ‘int’ may change the sign of the result [-Wsign-conversion]
  277 |         *output = nseel_translate(scctx,tok,toklen);
      |                                             ^~~~~~
/workspace/scratch/286141ad5a40/repo-checkout/src/WDL/eel2/nseel-eval.c:284:49: warning: conversion to ‘size_t’ {aka ‘long unsigned int’} from ‘int’ may change the sign of the result [-Wsign-conversion]
  284 |           *output = nseel_translate(scctx, tok, toklen);
      |                                                 ^~~~~~
/workspace/scratch/286141ad5a40/repo-checkout/src/WDL/eel2/nseel-eval.c:302:20: warning: comparison of integer expressions of different signedness: ‘int’ and ‘long unsigned int’ [-Wsign-compare]
  302 |         if (toklen > sizeof(buf) - 1) toklen=sizeof(buf) - 1;
      |                    ^
/workspace/scratch/286141ad5a40/repo-checkout/src/WDL/eel2/nseel-eval.c:303:24: warning: conversion to ‘size_t’ {aka ‘long unsigned int’} from ‘int’ may change the sign of the result [-Wsign-conversion]
  303 |         memcpy(buf,tok,toklen);
      |                        ^~~~~~
/workspace/scratch/286141ad5a40/repo-checkout/src/WDL/eel2/nseel-eval.c:319:59: warning: conversion to ‘size_t’ {aka ‘long unsigned int’} from ‘int’ may change the sign of the result [-Wsign-conversion]
  319 |         *output = x == toklen ? nseel_translate(scctx,tok,toklen) : NULL;
      |                                                           ^~~~~~
/workspace/scratch/286141ad5a40/repo-checkout/src/WDL/eel2/nseel-eval.c:337:58: warning: conversion to ‘size_t’ {aka ‘long unsigned int’} from ‘int’ may change the sign of the result [-Wsign-conversion]
  337 |         *output = toklen > 1 ? nseel_translate(scctx,tok,toklen) : NULL;
      |                                                          ^~~~~~
/workspace/scratch/286141ad5a40/repo-checkout/src/WDL/eel2/nseel-eval.c: In function ‘nseelerror’:
/workspace/scratch/286141ad5a40/repo-checkout/src/WDL/eel2/nseel-eval.c:421:65: warning: unused parameter ‘str’ [-Wunused-parameter]
  421 |   void nseelerror(YYLTYPE *pos,compileContext *ctx, const char *str)
      |                                                     ~~~~~~~~~~~~^~~
[14/50] Building C object CMakeFiles/joep_bandjoiner.dir/workspace/scratch/286141ad5a40/repo-checkout/src/WDL/eel2/nseel-ram.c.o
In file included from /workspace/scratch/286141ad5a40/repo-checkout/src/WDL/eel2/ns-eel.h:36,
                 from /workspace/scratch/286141ad5a40/repo-checkout/src/WDL/eel2/nseel-ram.c:23:
/workspace/scratch/286141ad5a40/repo-checkout/src/WDL/eel2/../wdltypes.h: In function ‘WDL_TICKS_IN_RANGE_ENDING_AT’:
/workspace/scratch/286141ad5a40/repo-checkout/src/WDL/eel2/../wdltypes.h:213:40: warning: conversion to ‘WDL_TICKTYPE’ {aka ‘unsigned int’} from ‘int’ may change the sign of the result [-Wsign-conversion]
  213 |   const WDL_TICKTYPE refstart = refend - len;
      |                                        ^
/workspace/scratch/286141ad5a40/repo-checkout/src/WDL/eel2/../wdltypes.h: In function ‘wdl_log’:
/workspace/scratch/286141ad5a40/repo-checkout/src/WDL/eel2/../wdltypes.h:241:85: warning: unused parameter ‘format’ [-Wunused-parameter]
  241 |   static void WDL_STATICFUNC_UNUSED WDL_VARARG_WARN(printf,1,2) wdl_log(const char *format, ...) { }
      |                                                                         ~~~~~~~~~~~~^~~~~~
/workspace/scratch/286141ad5a40/repo-checkout/src/WDL/eel2/nseel-ram.c: In function ‘__NSEEL_RAMAlloc’:
/workspace/scratch/286141ad5a40/repo-checkout/src/WDL/eel2/nseel-ram.c:154:53: warning: conversion to ‘unsigned int’ from ‘int’ may change the sign of the result [-Wsign-conversion]
  154 |         if (!NSEEL_RAM_limitmem || NSEEL_RAM_memused+msize < NSEEL_RAM_limitmem)
      |                                                     ^
/workspace/scratch/286141ad5a40/repo-checkout/src/WDL/eel2/nseel-ram.c:157:35: warning: conversion to ‘unsigned int’ from ‘int’ may change the sign of the result [-Wsign-conversion]
  157 |           if (p) NSEEL_RAM_memused+=msize;
      |                                   ^~
/workspace/scratch/286141ad5a40/repo-checkout/src/WDL/eel2/nseel-ram.c: In function ‘__NSEEL_RAM_MemSumProducts’:
/workspace/scratch/286141ad5a40/repo-checkout/src/WDL/eel2/nseel-ram.c:264:19: warning: comparing floating-point with ‘==’ or ‘!=’ is unsafe [-Wfloat-equal]
  264 |         if (*dest == -1.0)
      |                   ^~
/workspace/scratch/286141ad5a40/repo-checkout/src/WDL/eel2/nseel-ram.c:266:24: warning: comparing floating-point with ‘==’ or ‘!=’ is unsafe [-Wfloat-equal]
  266 |         else if (*dest == -2.0)
      |                        ^~
/workspace/scratch/286141ad5a40/repo-checkout/src/WDL/eel2/nseel-ram.c:307:17: warning: conversion to ‘unsigned int’ from ‘int’ may change the sign of the result [-Wsign-conversion]
  307 |       dest_offs += copy_len;
      |                 ^~
/workspace/scratch/286141ad5a40/repo-checkout/src/WDL/eel2/nseel-ram.c: In function ‘__NSEEL_RAM_MemCpy’:
/workspace/scratch/286141ad5a40/repo-checkout/src/WDL/eel2/nseel-ram.c:356:49: warning: conversion to ‘unsigned int’ from ‘int’ may change the sign of the result [-Wsign-conversion]
  356 |       srcptr = __NSEEL_RAMAlloc(blocks,src_offs - copy_len);
      |                                        ~~~~~~~~~^~~~~~~~~~
/workspace/scratch/286141ad5a40/repo-checkout/src/WDL/eel2/nseel-ram.c:357:51: warning: conversion to ‘unsigned int’ from ‘int’ may change the sign of the result [-Wsign-conversion]
  357 |       destptr = __NSEEL_RAMAlloc(blocks,dest_offs - copy_len);
      |                                         ~~~~~~~~~~^~~~~~~~~~
/workspace/scratch/286141ad5a40/repo-checkout/src/WDL/eel2/nseel-ram.c:360:59: warning: conversion to ‘long unsigned int’ from ‘int’ may change the sign of the result [-Wsign-conversion]
  360 |       if (want_mmove) memmove(destptr,srcptr,sizeof(EEL_F)*copy_len);
      |                                                           ^
/workspace/scratch/286141ad5a40/repo-checkout/src/WDL/eel2/nseel-ram.c:361:47: warning: conversion to ‘long unsigned int’ from ‘int’ may change the sign of the result [-Wsign-conversion]
  361 |       else memcpy(destptr,srcptr,sizeof(EEL_F)*copy_len);
      |                                               ^
/workspace/scratch/286141ad5a40/repo-checkout/src/WDL/eel2/nseel-ram.c:386:38: warning: conversion to ‘unsigned int’ from ‘int’ may change the sign of the result [-Wsign-conversion]
  386 |     srcptr = __NSEEL_RAMAlloc(blocks,src_offs);
      |                                      ^~~~~~~~
/workspace/scratch/286141ad5a40/repo-checkout/src/WDL/eel2/nseel-ram.c:387:39: warning: conversion to ‘unsigned int’ from ‘int’ may change the sign of the result [-Wsign-conversion]
  387 |     destptr = __NSEEL_RAMAlloc(blocks,dest_offs);
      |                                       ^~~~~~~~~
/workspace/scratch/286141ad5a40/repo-checkout/src/WDL/eel2/nseel-ram.c:390:57: warning: conversion to ‘long unsigned int’ from ‘int’ may change the sign of the result [-Wsign-conversion]
  390 |     if (want_mmove) memmove(destptr,srcptr,sizeof(EEL_F)*copy_len);
      |                                                         ^
/workspace/scratch/286141ad5a40/repo-checkout/src/WDL/eel2/nseel-ram.c:391:45: warning: conversion to ‘long unsigned int’ from ‘int’ may change the sign of the result [-Wsign-conversion]
  391 |     else memcpy(destptr,srcptr,sizeof(EEL_F)*copy_len);
      |                                             ^
/workspace/scratch/286141ad5a40/repo-checkout/src/WDL/eel2/nseel-ram.c: In function ‘__NSEEL_RAM_MemSet’:
/workspace/scratch/286141ad5a40/repo-checkout/src/WDL/eel2/nseel-ram.c:423:40: warning: conversion to ‘unsigned int’ from ‘int’ may change the sign of the result [-Wsign-conversion]
  423 |     EEL_F *ptr=__NSEEL_RAMAlloc(blocks,offs);
      |                                        ^~~~
/workspace/scratch/286141ad5a40/repo-checkout/src/WDL/eel2/nseel-ram.c: In function ‘__getset_values’:
/workspace/scratch/286141ad5a40/repo-checkout/src/WDL/eel2/ns-eel.h:245:33: warning: conversion to ‘int’ from ‘unsigned int’ may change the sign of the result [-Wsign-conversion]
  245 | #define NSEEL_RAM_ITEMSPERBLOCK (1<<NSEEL_RAM_ITEMSPERBLOCK_LOG2)
      |                                 ^
/workspace/scratch/286141ad5a40/repo-checkout/src/WDL/eel2/nseel-ram.c:470:14: note: in expansion of macro ‘NSEEL_RAM_ITEMSPERBLOCK’
  470 |     int lcnt=NSEEL_RAM_ITEMSPERBLOCK-sub_offs;
      |              ^~~~~~~~~~~~~~~~~~~~~~~
/workspace/scratch/286141ad5a40/repo-checkout/src/WDL/eel2/nseel-ram.c:474:42: warning: conversion to ‘unsigned int’ from ‘int’ may change the sign of the result [-Wsign-conversion]
  474 |       ptr = __NSEEL_RAMAlloc(blocks,offs + lout);
      |                                     ~~~~~^~~~~~
/workspace/scratch/286141ad5a40/repo-checkout/src/WDL/eel2/nseel-ram.c: In function ‘NSEEL_VM_getramptr_noalloc’:
/workspace/scratch/286141ad5a40/repo-checkout/src/WDL/eel2/ns-eel.h:245:33: warning: conversion to ‘int’ from ‘unsigned int’ may change the sign of the result [-Wsign-conversion]
  245 | #define NSEEL_RAM_ITEMSPERBLOCK (1<<NSEEL_RAM_ITEMSPERBLOCK_LOG2)
      |                                 ^
/workspace/scratch/286141ad5a40/repo-checkout/src/WDL/eel2/nseel-ram.c:602:33: note: in expansion of macro ‘NSEEL_RAM_ITEMSPERBLOCK’
  602 |   if (validCount) *validCount = NSEEL_RAM_ITEMSPERBLOCK - offs;
      |                                 ^~~~~~~~~~~~~~~~~~~~~~~
[15/50] Building C object CMakeFiles/joep_bandjoiner.dir/workspace/scratch/286141ad5a40/repo-checkout/src/WDL/eel2/nseel-cfunc.c.o
In file included from /workspace/scratch/286141ad5a40/repo-checkout/src/WDL/eel2/ns-eel-int.h:30,
                 from /workspace/scratch/286141ad5a40/repo-checkout/src/WDL/eel2/nseel-cfunc.c:27:
/workspace/scratch/286141ad5a40/repo-checkout/src/WDL/eel2/../wdltypes.h: In function ‘WDL_TICKS_IN_RANGE_ENDING_AT’:
/workspace/scratch/286141ad5a40/repo-checkout/src/WDL/eel2/../wdltypes.h:213:40: warning: conversion to ‘WDL_TICKTYPE’ {aka ‘unsigned int’} from ‘int’ may change the sign of the result [-Wsign-conversion]
  213 |   const WDL_TICKTYPE refstart = refend - len;
      |                                        ^
/workspace/scratch/286141ad5a40/repo-checkout/src/WDL/eel2/../wdltypes.h: In function ‘wdl_log’:
/workspace/scratch/286141ad5a40/repo-checkout/src/WDL/eel2/../wdltypes.h:241:85: warning: unused parameter ‘format’ [-Wunused-parameter]
  241 |   static void WDL_STATICFUNC_UNUSED WDL_VARARG_WARN(printf,1,2) wdl_log(const char *format, ...) { }
      |                                                                         ~~~~~~~~~~~~^~~~~~
[16/50] Building C object CMakeFiles/joep_bandjoiner.dir/workspace/scratch/286141ad5a40/repo-checkout/src/WDL/eel2/nseel-lextab.c.o
/workspace/scratch/286141ad5a40/repo-checkout/src/WDL/eel2/nseel-lextab.c:2: warning: ISO C forbids an empty translation unit [-Wpedantic]
[17/50] Building C object CMakeFiles/joep_bandjoiner.dir/workspace/scratch/286141ad5a40/repo-checkout/src/WDL/eel2/nseel-caltab.c.o
/workspace/scratch/286141ad5a40/repo-checkout/src/WDL/eel2/nseel-caltab.c:2: warning: ISO C forbids an empty translation unit [-Wpedantic]
[18/50] Building C object CMakeFiles/joep_bandjoiner.dir/workspace/scratch/286141ad5a40/repo-checkout/src/WDL/eel2/nseel-yylex.c.o
In file included from /workspace/scratch/286141ad5a40/repo-checkout/src/WDL/eel2/ns-eel-int.h:30,
                 from /workspace/scratch/286141ad5a40/repo-checkout/src/WDL/eel2/nseel-yylex.c:26:
/workspace/scratch/286141ad5a40/repo-checkout/src/WDL/eel2/../wdltypes.h: In function ‘WDL_TICKS_IN_RANGE_ENDING_AT’:
/workspace/scratch/286141ad5a40/repo-checkout/src/WDL/eel2/../wdltypes.h:213:40: warning: conversion to ‘WDL_TICKTYPE’ {aka ‘unsigned int’} from ‘int’ may change the sign of the result [-Wsign-conversion]
  213 |   const WDL_TICKTYPE refstart = refend - len;
      |                                        ^
/workspace/scratch/286141ad5a40/repo-checkout/src/WDL/eel2/../wdltypes.h: In function ‘wdl_log’:
/workspace/scratch/286141ad5a40/repo-checkout/src/WDL/eel2/../wdltypes.h:241:85: warning: unused parameter ‘format’ [-Wunused-parameter]
  241 |   static void WDL_STATICFUNC_UNUSED WDL_VARARG_WARN(printf,1,2) wdl_log(const char *format, ...) { }
      |                                                                         ~~~~~~~~~~~~^~~~~~
In file included from /workspace/scratch/286141ad5a40/repo-checkout/src/WDL/eel2/nseel-yylex.c:42:
y.tab.c: In function ‘nseelparse’:
y.tab.c:1377:25: warning: conversion to ‘long unsigned int’ from ‘long int’ may change the sign of the result [-Wsign-conversion]
y.tab.c:2160:39: warning: suggest braces around empty body in an ‘if’ statement [-Wempty-body]
[19/50] Building CXX object CMakeFiles/joep_bandjoiner.dir/workspace/scratch/286141ad5a40/repo-checkout/libs/JUCE/modules/juce_audio_processors/juce_audio_processors.cpp.o
[20/50] Building CXX object CMakeFiles/joep_bandjoiner.dir/workspace/scratch/286141ad5a40/repo-checkout/libs/JUCE/modules/juce_gui_extra/juce_gui_extra.cpp.o
[21/50] Building CXX object CMakeFiles/joep_bandjoiner.dir/workspace/scratch/286141ad5a40/repo-checkout/libs/JUCE/modules/juce_gui_basics/juce_gui_basics.cpp.o
[22/50] Building CXX object CMakeFiles/joep_bandjoiner.dir/workspace/scratch/286141ad5a40/repo-checkout/libs/JUCE/modules/juce_graphics/juce_graphics.cpp.o
[23/50] Building CXX object CMakeFiles/joep_bandjoiner.dir/workspace/scratch/286141ad5a40/repo-checkout/libs/JUCE/modules/juce_graphics/juce_graphics_Harfbuzz.cpp.o
[24/50] Building C object CMakeFiles/joep_bandjoiner.dir/workspace/scratch/286141ad5a40/repo-checkout/libs/JUCE/modules/juce_graphics/juce_graphics_Sheenbidi.c.o
[25/50] Building CXX object CMakeFiles/joep_bandjoiner.dir/workspace/scratch/286141ad5a40/repo-checkout/libs/JUCE/modules/juce_events/juce_events.cpp.o
[26/50] Building CXX object CMakeFiles/joep_bandjoiner.dir/workspace/scratch/286141ad5a40/repo-checkout/libs/JUCE/modules/juce_core/juce_core.cpp.o
[27/50] Building CXX object CMakeFiles/joep_bandjoiner.dir/workspace/scratch/286141ad5a40/repo-checkout/libs/JUCE/modules/juce_core/juce_core_CompilationTime.cpp.o
[28/50] Building CXX object CMakeFiles/joep_bandjoiner.dir/workspace/scratch/286141ad5a40/repo-checkout/libs/JUCE/modules/juce_data_structures/juce_data_structures.cpp.o
[29/50] Building CXX object CMakeFiles/joep_bandjoiner.dir/workspace/scratch/286141ad5a40/repo-checkout/libs/JUCE/modules/juce_audio_processors_headless/juce_audio_processors_headless.cpp.o
[30/50] Building CXX object CMakeFiles/joep_bandjoiner.dir/workspace/scratch/286141ad5a40/repo-checkout/libs/JUCE/modules/juce_audio_processors_headless/juce_audio_processors_headless_ara.cpp.o
[31/50] Building CXX object CMakeFiles/joep_bandjoiner.dir/workspace/scratch/286141ad5a40/repo-checkout/libs/JUCE/modules/juce_audio_processors_headless/juce_audio_processors_headless_lv2_libs.cpp.o
[32/50] Building CXX object CMakeFiles/joep_bandjoiner.dir/workspace/scratch/286141ad5a40/repo-checkout/libs/JUCE/modules/juce_audio_basics/juce_audio_basics.cpp.o
[33/50] Building CXX object CMakeFiles/joep_bandjoiner.dir/workspace/scratch/286141ad5a40/repo-checkout/libs/JUCE/modules/juce_audio_utils/juce_audio_utils.cpp.o
[34/50] Building CXX object CMakeFiles/joep_bandjoiner.dir/workspace/scratch/286141ad5a40/repo-checkout/libs/JUCE/modules/juce_audio_formats/juce_audio_formats.cpp.o
[35/50] Building CXX object CMakeFiles/joep_bandjoiner.dir/workspace/scratch/286141ad5a40/repo-checkout/libs/JUCE/modules/juce_audio_devices/juce_audio_devices.cpp.o
[36/50] Linking CXX executable joep_bandjoiner_vst3_helper
[37/50] Linking CXX static library clap_juce_extensions/libclap_juce_extensions.a
[38/50] Linking CXX static library joep_bandjoiner_artefacts/Release/libjoep_bandjoiner_SharedCode.a
[39/50] Building CXX object CMakeFiles/joep_bandjoiner_VST3.dir/workspace/scratch/286141ad5a40/repo-checkout/libs/JUCE/modules/juce_audio_plugin_client/juce_audio_plugin_client_AAX.cpp.o
[40/50] Building CXX object CMakeFiles/joep_bandjoiner_VST3.dir/workspace/scratch/286141ad5a40/repo-checkout/libs/JUCE/modules/juce_audio_plugin_client/juce_audio_plugin_client_AAX_utils.cpp.o
[41/50] Building CXX object CMakeFiles/joep_bandjoiner_VST3.dir/workspace/scratch/286141ad5a40/repo-checkout/libs/JUCE/modules/juce_audio_plugin_client/juce_audio_plugin_client_ARA.cpp.o
[42/50] Building CXX object CMakeFiles/joep_bandjoiner_VST3.dir/workspace/scratch/286141ad5a40/repo-checkout/libs/JUCE/modules/juce_audio_plugin_client/juce_audio_plugin_client_LV2.cpp.o
[43/50] Building CXX object CMakeFiles/joep_bandjoiner_VST3.dir/workspace/scratch/286141ad5a40/repo-checkout/libs/JUCE/modules/juce_audio_plugin_client/juce_audio_plugin_client_Standalone.cpp.o
[44/50] Building CXX object CMakeFiles/joep_bandjoiner_VST3.dir/workspace/scratch/286141ad5a40/repo-checkout/libs/JUCE/modules/juce_audio_plugin_client/juce_audio_plugin_client_Unity.cpp.o
[45/50] Building CXX object CMakeFiles/joep_bandjoiner_VST3.dir/workspace/scratch/286141ad5a40/repo-checkout/libs/JUCE/modules/juce_audio_plugin_client/juce_audio_plugin_client_VST2.cpp.o
[46/50] Building CXX object CMakeFiles/joep_bandjoiner_VST3.dir/workspace/scratch/286141ad5a40/repo-checkout/libs/JUCE/modules/juce_audio_plugin_client/juce_audio_plugin_client_VST3.cpp.o
[47/50] Building CXX object CMakeFiles/joep_bandjoiner_CLAP.dir/workspace/scratch/286141ad5a40/repo-checkout/libs/clap-juce-extensions/src/wrapper/clap-juce-wrapper.cpp.o
[48/50] Linking CXX shared module joep_bandjoiner_artefacts/Release/VST3/joep_bandjoiner.vst3/Contents/x86_64-linux/joep_bandjoiner.so
removing moduleinfo.json
creating /workspace/scratch/286141ad5a40/repo-checkout/build/linux/joep_bandjoiner/joep_bandjoiner_artefacts/Release/VST3/joep_bandjoiner.vst3
[49/50] Linking CXX shared module joep_bandjoiner_artefacts/Release/CLAP/joep_bandjoiner.clap

=== Building Saike BandJoiner (joep_bandjoiner) ===
    GFX mode: LEGACY
+ /opt/codex/runtimes/codex-primary-runtime/dependencies/python/bin/python /workspace/scratch/286141ad5a40/repo-checkout/dsp_jsfx_aot.py /workspace/scratch/286141ad5a40/repo-checkout/build/linux/joep_bandjoiner/JSFXExpanded.jsfx --out-ll /workspace/scratch/286141ad5a40/repo-checkout/build/linux/joep_bandjoiner/JSFXDSP.ll --out-obj /workspace/scratch/286141ad5a40/repo-checkout/build/linux/joep_bandjoiner/JSFXDSP.o --out-h /workspace/scratch/286141ad5a40/repo-checkout/build/linux/joep_bandjoiner/JSFXDSP.h --meta /workspace/scratch/286141ad5a40/repo-checkout/build/linux/joep_bandjoiner/JSFXDSP_meta.json --opt 2 --native-gfx-legacy
    JSFX comm inferred: gmem=0 msg=0 msg_buffers=0
+ cmake -S /workspace/scratch/286141ad5a40/repo-checkout/cmake/plugin -B /workspace/scratch/286141ad5a40/repo-checkout/build/linux/joep_bandjoiner -DZA_ROOT=/workspace/scratch/286141ad5a40/repo-checkout -DPLUGIN_NAME=Saike BandJoiner -DPLUGIN_SLUG=joep_bandjoiner -DPLUGIN_CODE=JYET -DMANUFACTURER_NAME=Joep Vanlier -DMANUFACTURER_CODE=JVan -DBUNDLE_ID=com.zorakaudio.experimental.joepvalier.joepbandjoiner -DPLUGIN_VERSION=0.0.0 -DPLUGIN_TYPE=jsfx -DPLUGIN_DSP= -DPLUGIN_JSFX_OBJ=/workspace/scratch/286141ad5a40/repo-checkout/build/linux/joep_bandjoiner/JSFXDSP.o -DPLUGIN_KIND=audio_effect -DPLUGIN_IS_SYNTH=OFF -DPLUGIN_NEEDS_MIDI_INPUT=OFF -DPLUGIN_NEEDS_MIDI_OUTPUT=OFF -DPLUGIN_IS_MIDI_EFFECT=OFF -DZA_JSFX_CORRECTNESS_CHECK=OFF -DZA_NATIVE_GFX_LEGACY=ON -DZA_ENABLE_CLAP=ON -DCLAP_ID=com.zorakaudio.experimental.joepvalier.joepbandjoiner -DCLAP_FEATURES=audio-effect -G Ninja -DCMAKE_BUILD_TYPE=Release
+ cmake --build /workspace/scratch/286141ad5a40/repo-checkout/build/linux/joep_bandjoiner --config Release
Packed: ZorakAudio-Experimental-Plugins-catalog-check-linux.zip
Done. Output: /workspace/scratch/286141ad5a40/catalog-release/catalog-check/linux
